# Blender 4.3.2
# www.blender.org
mtllib  iiníí _).mtl
o Cube.003
v -0.465787 1.088369 0.571808
v -0.481390 1.992384 0.552324
v 0.057371 0.832266 0.005791
v 0.047890 1.114201 0.659387
v -0.188367 1.034354 0.594318
v -0.218912 2.017505 0.520965
v 0.006629 2.011784 0.490178
v 0.010226 2.280692 0.005791
v -0.460831 0.805406 0.005791
v -0.485029 2.239759 0.005791
v -0.186762 0.817795 0.005791
v -0.218066 2.278182 0.005791
v 0.210907 2.288755 0.005791
v 0.267176 0.876306 0.005791
v 0.259199 1.076997 0.584185
v 0.210345 2.019660 0.465554
v 0.390082 2.229937 0.005791
v 0.456587 0.990815 0.005791
v 0.437340 1.232926 0.511756
v 0.371488 1.991079 0.443604
v 0.577393 2.042932 0.005791
v 0.636370 1.118005 0.005791
v 0.625096 1.315817 0.427957
v 0.560747 1.859864 0.401742
v 0.717378 1.898443 0.005791
v 0.751522 1.129156 0.005791
v 0.765780 1.332950 0.382136
v 0.741537 1.739172 0.376890
v 0.856607 1.914140 0.005791
v 0.846059 1.031996 0.005791
v 0.909033 1.311927 0.371292
v 0.898803 1.725509 0.435268
v 1.028037 1.950721 0.005791
v 1.046899 0.933495 0.005791
v 1.013185 1.316766 0.358404
v 0.993339 1.727453 0.440398
v 1.159213 1.897368 0.005791
v 1.256411 1.012648 0.005791
v 1.093065 1.334494 0.326049
v 1.061904 1.702572 0.392783
v 1.258149 1.805688 0.005791
v 1.324422 1.105736 0.005791
v 1.143167 1.375096 0.300747
v 1.125101 1.658340 0.348679
v 1.326095 1.659552 0.005791
v 1.327260 1.328384 0.005791
v 1.186715 1.449070 0.279663
v 1.180889 1.600771 0.308481
v -0.718123 0.809763 0.005791
v -0.723923 1.080703 0.571469
v -0.741297 1.942126 0.550578
v -0.748582 2.185466 0.005791
v -0.938412 0.819918 0.005791
v -0.943428 1.078131 0.564853
v -0.953434 1.894387 0.526346
v -1.148570 1.124527 0.540494
v -1.145840 0.893323 0.005791
v -1.323927 1.227620 0.501643
v -1.327627 1.812050 0.454416
v -1.184166 2.125236 0.005791
v -1.153342 1.849340 0.489680
v -1.374431 2.073448 0.005791
v -1.468257 1.153515 0.005791
v -1.498863 1.258369 0.519132
v -1.499720 2.040111 0.005791
v -1.475202 1.794837 0.439935
v -1.645608 1.167845 0.005791
v -1.697767 1.292554 0.588401
v -1.677802 1.782668 0.465474
v -1.682122 2.014372 0.005791
v -1.867807 1.166150 0.005791
v -1.901188 1.266482 0.611443
v -1.895087 1.742438 0.463603
v -1.926941 1.948621 0.005791
v -1.989756 1.227784 0.005791
v -2.026570 1.285184 0.559669
v -2.032811 1.671136 0.456388
v -2.083677 1.849027 0.005791
v -2.115611 1.332699 0.005791
v -2.096344 1.440256 0.498520
v -2.099994 1.602853 0.458551
v -2.179174 1.694668 0.005791
v -1.327270 1.039590 0.005791
v -0.969390 2.155998 0.005791
v -0.461072 0.810343 0.239340
v 0.057726 0.832133 0.143284
v -0.218432 2.265632 0.233849
v -0.484804 2.232771 0.237884
v -0.183739 0.820196 0.223581
v 0.009499 2.263159 0.229813
v 0.268898 0.872737 0.223506
v 0.210380 2.268370 0.227074
v 0.461625 0.988572 0.232517
v 0.382644 2.211867 0.225279
v 0.640700 1.113272 0.212617
v 0.568496 2.031408 0.215355
v 0.754886 1.133435 0.204958
v 0.716693 1.879779 0.206614
v 0.889815 1.066301 0.227838
v 0.864299 1.881896 0.213129
v 1.065966 1.034704 0.214605
v 1.026800 1.920292 0.212835
v 1.197796 1.067816 0.172358
v 1.129484 1.877648 0.206196
v -0.718225 0.814516 0.239524
v 1.278395 1.143463 0.155519
v 1.219439 1.787103 0.185282
v 1.289297 1.368341 0.162762
v 1.273041 1.642582 0.188058
v -0.748426 2.179877 0.239069
v -0.938620 0.824151 0.239490
v -1.181047 2.109906 0.240989
v -1.147912 0.894406 0.239605
v -1.367857 2.060127 0.240187
v -1.494931 1.112554 0.221012
v -1.887972 1.116862 0.137309
v -1.687119 1.124126 0.146064
v -1.681221 2.003207 0.234250
v -1.928551 1.937581 0.217379
v -2.028723 1.191596 0.222163
v -2.089374 1.829077 0.226812
v -2.141418 1.394113 0.228935
v -2.171304 1.675514 0.235125
v -1.330024 1.037476 0.238563
v -0.968284 2.146280 0.239947
v -1.495622 2.026953 0.239130
v 0.077163 0.789079 0.669626
v -0.110084 0.773743 0.574781
v 0.249541 0.805653 0.574856
v 0.072773 0.793088 0.201572
v -0.109941 0.771282 0.274578
v 0.232403 0.808306 0.294309
v 0.158373 0.603460 0.657746
v -0.012750 0.573932 0.572186
v 0.310842 0.625216 0.569352
v 0.132279 0.622225 0.264336
v -0.009962 0.582205 0.297733
v 0.265352 0.634889 0.333919
v 0.265978 0.387759 0.572882
v 0.126487 0.422714 0.528391
v 0.380417 0.410532 0.562259
v 0.250441 0.442338 0.374389
v 0.120734 0.453293 0.355176
v 0.325568 0.433846 0.403497
v 0.429631 0.233640 0.539076
v 0.356418 0.203375 0.537226
v 0.373372 0.231585 0.438946
v 0.391548 0.243544 0.439258
v -1.927946 0.620078 0.346468
v -1.927280 0.619791 0.498094
v -2.098024 0.677938 0.302315
v -2.102024 0.677392 0.545415
v -2.012322 0.642945 0.301807
v -2.012450 0.642891 0.544673
v -2.155812 0.728033 0.497876
v -2.149182 0.728783 0.350098
v -1.973836 0.934553 0.228283
v -1.852556 0.933389 0.225462
v -2.044323 0.965950 0.306458
v -2.054308 0.969329 0.538825
v -1.981937 0.940484 0.612603
v -1.725523 0.917779 0.284489
v -1.721492 0.921098 0.536478
v -1.852276 0.937941 0.605575
v -2.007879 0.108818 0.398951
v -2.007879 0.108818 0.449162
v -2.144742 0.109024 0.388913
v -2.144742 0.109024 0.459200
v -2.071420 0.090186 0.388913
v -2.071420 0.090186 0.459200
v -2.185719 0.164608 0.449162
v -2.185719 0.164608 0.398951
v -2.141860 0.390712 0.362181
v -2.088645 0.369740 0.362186
v -2.176333 0.417343 0.386440
v -2.176504 0.417290 0.461673
v -2.141915 0.390695 0.485926
v -2.040201 0.352969 0.461612
v -2.040201 0.352969 0.386432
v -2.088645 0.369740 0.485895
v -0.462226 0.864764 0.417051
v -0.472450 1.482044 0.632449
v -0.059860 0.824232 0.005791
v -0.099476 2.280590 0.005791
v -0.102539 2.015391 0.504850
v 0.166038 0.847509 0.005791
v 0.057381 0.832356 0.084054
v 0.030492 1.508128 0.611282
v -0.219913 2.199397 0.388014
v -0.201802 1.493175 0.620524
v -0.328669 1.086262 0.573860
v -0.346526 2.009979 0.538090
v -0.064984 1.099386 0.651352
v -0.485008 2.239587 0.104086
v -0.186437 0.817934 0.097707
v 0.005552 2.189987 0.368143
v -0.348039 2.264423 0.005791
v -0.322521 0.810163 0.005791
v 0.779790 1.890166 0.005791
v -0.621265 2.210369 0.005791
v 0.267520 0.875546 0.097935
v 0.232696 1.523767 0.578887
v 0.208707 2.192141 0.354055
v 0.154615 1.114942 0.645397
v 0.112375 2.014301 0.476888
v 0.114206 2.285662 0.005791
v 0.550853 1.062769 0.005791
v 0.458416 0.988310 0.103999
v 0.406110 1.570066 0.530954
v 0.368169 2.142481 0.346942
v 0.348674 1.177387 0.543742
v 0.295352 2.016602 0.455616
v 0.300220 2.275622 0.005791
v 0.362733 0.924873 0.005791
v 0.531049 1.278095 0.469723
v 0.485779 2.145860 0.005791
v 0.458769 1.935980 0.424741
v 0.931806 0.962364 0.005791
v 0.638047 1.113939 0.100121
v 0.605971 1.560095 0.455535
v 0.551732 1.978867 0.324573
v 0.751234 1.126065 0.097358
v 0.772502 1.527922 0.416515
v 0.720177 1.829471 0.305618
v 0.655884 1.786912 0.384333
v 0.653927 1.951923 0.005791
v 0.699641 1.138662 0.005791
v 0.702858 1.335711 0.399100
v 0.853845 1.035306 0.106184
v 0.916930 1.527667 0.442337
v 0.876055 1.823816 0.319819
v 0.829973 1.316763 0.372903
v 0.831251 1.722380 0.392166
v 0.791430 1.093417 0.005791
v 1.098039 1.931641 0.005791
v 1.067640 0.975096 0.145805
v 1.005890 1.528535 0.427537
v 1.017491 1.858082 0.325071
v 0.970910 1.313972 0.367078
v 0.955358 1.748457 0.446674
v 0.943697 1.942844 0.005791
v 1.327254 1.486292 0.005791
v 1.232392 1.027117 0.117173
v 1.068233 1.506176 0.385208
v 1.097794 1.822573 0.311801
v 1.158168 0.954180 0.005791
v 1.053716 1.322542 0.344341
v 1.035373 1.715765 0.405266
v -0.719349 0.866794 0.416942
v 1.315765 1.110662 0.092470
v 1.115741 1.504501 0.353210
v 1.167544 1.750993 0.283665
v 1.094352 1.681988 0.369843
v 1.211373 1.856407 0.005791
v 1.301416 1.057273 0.005791
v 1.123874 1.350747 0.309428
v 1.319735 1.337373 0.088874
v 1.177808 1.513885 0.303220
v 1.221642 1.624077 0.264169
v 1.154849 1.628684 0.328479
v 1.296526 1.744456 0.005791
v 1.335125 1.187599 0.005791
v 1.165217 1.412272 0.290601
v -0.731793 1.456019 0.632456
v -0.748700 2.186227 0.104176
v -0.837110 1.076616 0.569576
v -0.599535 1.084342 0.572006
v -0.594226 0.806783 0.005791
v -0.616346 1.968352 0.556741
v -0.939686 0.873810 0.415343
v -1.047543 1.092988 0.555497
v -0.831504 0.811345 0.005791
v -1.183932 2.126406 0.105968
v -1.440423 2.053076 0.005791
v -0.948881 1.436101 0.614543
v -1.149179 1.444457 0.573554
v -1.148500 0.939335 0.408017
v -1.569899 1.789333 0.450276
v -1.076027 2.143374 0.005791
v -1.374159 2.076135 0.105756
v -1.043159 0.846063 0.005791
v -1.470275 1.122316 0.400749
v -1.288117 2.099549 0.005791
v -1.921957 1.042823 0.188198
v -0.851201 1.917415 0.539903
v -1.054106 1.871916 0.508963
v -1.940076 0.787450 0.262580
v -1.675259 1.521796 0.545786
v -1.682828 2.016693 0.100422
v -1.793335 1.768099 0.470655
v -1.575251 2.029703 0.005791
v -1.481370 1.521300 0.503370
v -1.600388 1.295068 0.565009
v -1.544926 1.169458 0.005791
v -1.892527 1.485187 0.553284
v -1.928872 1.950291 0.090126
v -1.975683 1.267367 0.602794
v -1.804825 1.277806 0.604895
v -1.808809 1.987408 0.005791
v -1.764836 1.161663 0.005791
v -2.057692 1.221517 0.416951
v -2.025315 1.467534 0.537261
v -2.088480 1.847590 0.093016
v -2.017219 1.901919 0.005791
v -1.971235 1.710001 0.458324
v -1.935751 1.187031 0.005791
v -2.132143 1.419720 0.406384
v -2.101858 1.505641 0.493773
v -2.180558 1.689196 0.099319
v -2.211024 1.468508 0.005791
v -2.136513 1.784080 0.005791
v -2.064768 1.632877 0.461813
v -2.065032 1.386231 0.526089
v -2.055532 1.289743 0.005791
v -1.318536 1.486905 0.521545
v -1.246590 1.828347 0.470720
v -1.242113 1.172008 0.520676
v -1.242748 0.960588 0.005791
v -1.328923 1.073883 0.393315
v -0.862658 2.168621 0.005791
v -0.969386 2.157217 0.104322
v -1.399227 1.271114 0.495095
v -1.398028 1.801753 0.442911
v -1.500254 2.042661 0.105671
v -1.399893 1.110726 0.005791
v -0.460844 0.805409 0.104028
v -0.133657 0.812162 0.265480
v -0.218067 2.277268 0.103957
v -0.483967 2.174501 0.408065
v -0.218487 0.854589 0.419642
v 0.010281 2.279152 0.103826
v 0.296222 0.910886 0.417362
v 0.210889 2.286849 0.103770
v 0.457372 1.037880 0.392361
v 0.389320 2.228333 0.104092
v 0.636419 1.161981 0.336279
v 0.576469 2.042066 0.103550
v 0.762661 1.196740 0.305629
v 0.717050 1.895733 0.101134
v 0.905702 1.148519 0.301097
v 0.858328 1.908156 0.101739
v 1.037373 1.128176 0.275933
v 1.028107 1.945443 0.101288
v 1.146431 1.158672 0.237085
v 1.152755 1.894099 0.096219
v -0.718123 0.809763 0.104125
v 1.211421 1.231025 0.216655
v 1.248954 1.801194 0.087658
v 1.235352 1.412992 0.225234
v 1.311230 1.654446 0.092135
v -0.745490 2.118497 0.409145
v -0.938435 0.819860 0.104497
v -1.168492 2.015406 0.388999
v -1.146474 0.892384 0.106417
v -1.346661 1.959390 0.378537
v -1.472781 1.145261 0.102141
v -1.871709 1.154521 0.076538
v -1.652888 1.158630 0.087443
v -1.672904 1.913677 0.386993
v -1.911584 1.862311 0.374895
v -2.000141 1.216201 0.088985
v -2.061888 1.772856 0.376017
v -2.137713 1.358920 0.085376
v -2.136111 1.642372 0.390378
v -1.328132 1.038203 0.109359
v -0.961987 2.068550 0.400961
v -1.480234 1.927794 0.377296
v -1.404806 1.093671 0.236539
v -1.435291 2.039968 0.239507
v -0.862168 2.160938 0.239347
v -1.245172 0.961628 0.238908
v -1.281394 2.085286 0.240779
v -1.573444 2.017044 0.238337
v -2.086374 1.294914 0.228484
v -2.181962 1.503862 0.229635
v -1.959585 1.133956 0.146172
v -2.137317 1.759456 0.231246
v -1.793637 1.116949 0.142313
v -1.809103 1.977061 0.225844
v -2.020947 1.889199 0.215895
v -1.590592 1.125118 0.159064
v -1.074520 2.130479 0.240655
v -1.044058 0.848752 0.239654
v -0.831606 0.815989 0.239499
v -0.621161 2.205082 0.238779
v 1.294267 1.231579 0.154820
v 1.282445 1.500852 0.181533
v 1.248923 1.096186 0.159065
v 1.251151 1.724420 0.183994
v 1.083632 1.904479 0.208250
v 1.178609 1.836446 0.194885
v 0.980680 1.037382 0.225739
v 0.946669 1.910718 0.215326
v 1.134830 1.047040 0.193144
v 0.805218 1.105872 0.210994
v 0.785724 1.862088 0.208154
v 0.701491 1.138185 0.206605
v 0.648469 1.939758 0.208931
v 0.475998 2.131502 0.221847
v 0.556470 1.058333 0.222810
v 0.367054 0.924613 0.235155
v 0.297312 2.255313 0.226362
v -0.594319 0.811653 0.239528
v 0.165050 0.846276 0.155604
v -0.100312 2.265353 0.231716
v -0.347886 2.254775 0.236066
v -0.323859 0.814790 0.237017
v -0.057005 0.823921 0.155346
v 0.113963 2.266338 0.228190
v -0.029054 0.780423 0.652450
v 0.178232 0.798824 0.652396
v 0.099948 0.719322 0.229594
v -0.139632 0.770040 0.424038
v 0.269691 0.807142 0.428170
v 0.166684 0.806683 0.227150
v -0.029999 0.778492 0.204369
v -0.134499 0.849339 0.578267
v 0.060627 0.825825 0.175534
v 0.236901 0.849247 0.269980
v 0.059918 0.880802 0.669641
v 0.240022 0.879476 0.577552
v 0.061359 0.586926 0.645918
v 0.248765 0.617489 0.638899
v 0.287981 0.544363 0.365170
v -0.038691 0.570543 0.427474
v 0.319777 0.628424 0.436687
v 0.207063 0.637713 0.290506
v 0.052074 0.601193 0.252169
v -0.072631 0.686817 0.281312
v 0.277686 0.726212 0.573858
v 0.246772 0.731497 0.312318
v -0.073852 0.684761 0.574453
v 0.110826 0.706003 0.668110
v 0.180337 0.416303 0.554608
v 0.336183 0.402062 0.601726
v 0.266752 0.361249 0.452006
v 0.126419 0.420640 0.433326
v 0.379746 0.417714 0.464065
v 0.283441 0.445193 0.379725
v 0.164107 0.457177 0.350676
v 0.173549 0.545566 0.308012
v 0.065524 0.496389 0.326162
v 0.066666 0.475163 0.558245
v 0.211296 0.499969 0.629886
v 0.342648 0.519393 0.563529
v 0.396880 0.207788 0.552576
v 0.357996 0.204328 0.468941
v 0.420951 0.232497 0.472430
v 0.384712 0.230553 0.437072
v 0.417602 0.303596 0.559776
v 0.370904 0.307017 0.427596
v 0.343947 0.300103 0.423175
v 0.327584 0.269075 0.557649
v -1.912434 0.615226 0.421819
v -2.130985 0.540730 0.338050
v -2.085498 0.215688 0.372775
v -1.965165 0.630622 0.535352
v -2.134913 0.704317 0.535830
v -2.059887 0.657086 0.546143
v -2.160757 0.737460 0.424037
v -2.127845 0.705174 0.311953
v -2.058630 0.657296 0.301190
v -1.965409 0.630725 0.310147
v -2.097613 0.851438 0.327704
v -2.027644 1.103052 0.553064
v -1.930125 1.081862 0.628930
v -1.834303 0.769326 0.315112
v -1.831814 0.768247 0.520540
v -1.940110 0.787532 0.580100
v -2.039210 0.808990 0.264656
v -1.760140 1.053116 0.188195
v -2.021819 1.081003 0.280428
v -2.107983 0.851815 0.519801
v -2.046582 0.809583 0.581870
v -1.606783 1.038027 0.258690
v -1.607295 1.078651 0.540311
v -1.762249 1.095289 0.610056
v -1.920628 0.935712 0.612319
v -1.784148 0.936885 0.591291
v -1.697029 0.906530 0.403109
v -1.786256 0.932486 0.235075
v -2.025267 0.954224 0.596638
v -1.917850 0.930440 0.224948
v -2.062261 0.974568 0.422890
v -2.014237 0.949207 0.246061
v -1.997792 0.090444 0.424057
v -2.144765 0.063165 0.424057
v -2.064743 0.043141 0.424057
v -2.028697 0.089630 0.456654
v -2.171918 0.131196 0.456654
v -2.111690 0.097477 0.459476
v -2.189538 0.150540 0.424056
v -2.171918 0.131196 0.391459
v -2.111690 0.097477 0.388637
v -2.028697 0.089630 0.391459
v -2.182221 0.261606 0.392719
v -2.173758 0.580974 0.476366
v -2.131859 0.540509 0.509993
v -2.027303 0.206564 0.455394
v -2.003959 0.487860 0.371318
v -2.064175 0.509669 0.509737
v -2.144388 0.232991 0.372775
v -2.064151 0.509685 0.338037
v -2.171930 0.581379 0.371731
v -2.182221 0.261605 0.455394
v -2.144387 0.232991 0.475338
v -2.003883 0.487823 0.476123
v -2.027303 0.206564 0.392719
v -2.085498 0.215688 0.475338
v -2.060906 0.360319 0.481103
v -2.116674 0.379314 0.486349
v -2.162522 0.404975 0.366952
v -2.060905 0.360319 0.366958
v -2.032586 0.350013 0.424019
v -2.116668 0.379316 0.361749
v -2.181287 0.421827 0.424056
v -2.162677 0.404927 0.481160
v 0.320545 1.551933 0.557442
v 0.111572 2.190862 0.360017
v -0.059637 0.824321 0.087389
v -0.335135 1.491641 0.625590
v -0.328432 0.865868 0.417571
v -0.347889 2.192772 0.399060
v -0.103630 2.195315 0.377507
v -0.081128 1.503106 0.618700
v 0.166023 0.847348 0.087449
v -0.595344 0.865216 0.416998
v 0.135819 1.512958 0.598671
v 0.502121 1.571183 0.494244
v 0.291757 2.180574 0.350269
v 0.363773 0.923301 0.103322
v 0.848206 1.516803 0.422403
v 0.550492 1.105194 0.364527
v 0.455989 2.071163 0.338538
v 0.968416 1.510595 0.437695
v 0.641537 1.889856 0.312993
v 0.699625 1.135019 0.098128
v 0.694184 1.543427 0.427392
v 0.800858 1.809199 0.307582
v 0.792128 1.092376 0.099590
v 1.158059 0.994847 0.135034
v 0.950354 1.849215 0.327213
v 0.946824 0.978702 0.122297
v 1.134511 1.790528 0.297662
v 1.040030 1.509223 0.400476
v 1.059316 1.845372 0.318856
v 1.199350 1.694073 0.271420
v 1.284365 1.061609 0.102586
v 1.094220 1.503890 0.367869
v 1.231702 1.511869 0.248864
v 1.328479 1.195625 0.088411
v 1.140841 1.509043 0.334808
v -0.606882 1.468873 0.635004
v -0.621325 2.210701 0.104142
v -0.844254 1.444135 0.625908
v -0.832710 0.867132 0.416566
v -1.045100 0.896223 0.412952
v -1.076136 2.144452 0.104964
v -1.573777 1.526757 0.523401
v -1.050764 1.435774 0.596903
v -1.793965 1.504451 0.556283
v -2.072307 0.830996 0.278370
v -2.020361 1.903239 0.088533
v -1.810188 1.989393 0.094798
v -2.113376 0.859793 0.423810
v -2.140408 1.780044 0.095839
v -1.969806 1.469758 0.547666
v -1.994111 0.794688 0.262244
v -2.201729 1.463694 0.085392
v -2.094065 1.323325 0.411449
v -2.062383 1.484884 0.522607
v -1.575721 2.032143 0.104446
v -1.286257 2.102044 0.106075
v -1.239929 1.462217 0.546860
v -1.244957 1.003019 0.399893
v -0.857374 2.092273 0.405252
v -1.413794 1.939928 0.376293
v -1.391711 1.510578 0.504053
v -1.401814 1.105956 0.108183
v -1.399952 1.122378 0.396888
v -1.440978 2.055703 0.105743
v -0.862729 2.169485 0.104192
v -1.243469 0.959762 0.107971
v -1.264446 1.985879 0.382990
v -1.564843 1.920872 0.382452
v -2.068058 1.288983 0.094697
v -2.153795 1.514903 0.402377
v -1.941712 1.172160 0.076600
v -2.103318 1.711507 0.383433
v -1.769866 1.152329 0.083017
v -1.797092 1.895731 0.383821
v -1.997590 1.821242 0.371282
v -1.552512 1.160167 0.092478
v -1.065858 2.043583 0.395485
v -1.043377 0.845643 0.105224
v -0.831504 0.811345 0.104195
v -0.619629 2.147726 0.411319
v 1.229864 1.309271 0.213775
v 1.315199 1.489887 0.095336
v 1.190311 1.186096 0.220779
v 1.285098 1.738854 0.087493
v 1.095719 1.926913 0.099302
v 1.203179 1.853455 0.091834
v 0.981566 1.134076 0.293060
v 0.944595 1.937124 0.101966
v 1.090862 1.137767 0.257188
v 0.825059 1.174481 0.300318
v 0.780574 1.884829 0.101164
v 0.704400 1.194137 0.316765
v 0.653214 1.950872 0.101986
v 0.484785 2.144679 0.104249
v 0.553070 1.059422 0.102497
v 0.367685 0.972608 0.409153
v 0.299941 2.273735 0.103852
v -0.594226 0.806783 0.104119
v -0.046935 0.815737 0.189014
v -0.099477 2.279342 0.103889
v -0.348001 2.263868 0.104025
v -0.322499 0.810210 0.102953
v -0.165335 0.820487 0.422860
v 0.114273 2.283892 0.103778
v 0.292225 0.728795 0.431860
v 0.003186 0.699944 0.222779
v 0.161986 0.839311 0.194121
v -0.048231 0.870508 0.653902
v 0.163064 0.886649 0.653316
v 0.266885 0.857547 0.423393
v 0.046589 0.473324 0.430881
v 0.233494 0.556031 0.329723
v 0.006175 0.693777 0.651872
v 0.185955 0.732957 0.256953
v -0.102696 0.681827 0.424909
v 0.209394 0.718001 0.650177
v 0.413213 0.308916 0.473342
v 0.195636 0.402917 0.440293
v 0.289934 0.513055 0.619256
v 0.107497 0.520639 0.294896
v 0.346229 0.525710 0.446807
v 0.127552 0.486823 0.619231
v 0.394634 0.200146 0.467506
v 0.321404 0.268183 0.466238
v 0.355075 0.305988 0.418751
v 0.376388 0.287017 0.592542
v -2.167183 0.247501 0.471386
v -2.187545 0.264215 0.424056
v -2.117248 0.223247 0.372402
v -2.083899 0.831503 0.568379
v -1.883852 0.780690 0.271573
v -1.811320 0.761866 0.414077
v -1.882708 0.780414 0.568411
v -1.996565 0.795013 0.583035
v -1.849837 1.085350 0.623651
v -1.679689 1.098926 0.591769
v -1.576259 1.032743 0.396117
v -1.678203 1.054335 0.200476
v -1.988126 1.090777 0.615049
v -1.846053 1.044427 0.186545
v -2.043254 1.097865 0.421287
v -1.979207 1.056507 0.206705
v -2.017719 0.046178 0.424056
v -2.108938 0.050502 0.424056
v -2.174227 0.090602 0.424057
v -2.017694 0.202646 0.424057
v -2.051845 0.209478 0.376727
v -2.167182 0.247501 0.376727
v -2.117248 0.223247 0.475711
v -2.051845 0.209478 0.471386
v -2.029664 0.497348 0.503029
v -2.099777 0.523217 0.510504
v -2.155548 0.562648 0.344671
v -2.029687 0.497365 0.344532
v -1.994388 0.484252 0.423750
v -2.099549 0.523287 0.337445
v -2.178749 0.588271 0.424054
v -2.157369 0.562226 0.503399
v -0.477378 1.760068 0.610671
v 0.016836 1.783680 0.557046
v -0.211461 1.782534 0.583986
v 0.218992 1.798873 0.530023
v 0.386290 1.801124 0.496410
v 0.584635 1.721920 0.438032
v 0.760699 1.644298 0.406467
v 0.901515 1.636200 0.452961
v 1.003405 1.634090 0.445345
v 1.330192 1.579841 0.005791
v 1.060815 1.608034 0.400170
v 1.115926 1.582536 0.360268
v 1.177849 1.562382 0.309814
v -0.736987 1.720678 0.609489
v -0.950833 1.685683 0.585251
v -1.149736 1.664521 0.541889
v -1.676251 1.662611 0.506757
v -1.476994 1.670359 0.473036
v -1.892130 1.624208 0.508489
v -2.026953 1.575619 0.498388
v -2.102307 1.558568 0.476813
v -2.201610 1.583876 0.005791
v -1.320675 1.662762 0.494256
v -2.184225 1.593073 0.234575
v 1.278901 1.575965 0.188311
v 0.305517 1.808096 0.515562
v -0.341545 1.775338 0.598447
v -0.093260 1.784100 0.570359
v 0.121986 1.788339 0.543731
v 0.479008 1.770142 0.468716
v 0.846350 1.631781 0.420274
v 0.925330 1.694178 0.639542
v 0.676753 1.675345 0.414646
v 1.035670 1.616792 0.414223
v 1.089747 1.595070 0.379312
v 1.228116 1.570328 0.259013
v 1.142648 1.570570 0.339981
v -0.612071 1.740739 0.614541
v -0.847876 1.701927 0.599549
v -1.571294 1.668963 0.487225
v -1.051507 1.673137 0.565484
v -1.793571 1.646626 0.514511
v -1.967600 1.599283 0.503271
v -2.200257 1.584725 0.097363
v -2.060440 1.561198 0.495334
v -1.241239 1.660783 0.516966
v -1.392438 1.668133 0.477520
v -2.150201 1.581511 0.397034
v 1.315530 1.578534 0.095526
v 0.914582 1.667751 0.549127
v 0.928749 1.609208 0.541329
v 0.989012 1.674087 0.539434
v 0.991429 1.614756 0.526640
v 0.981923 1.752624 0.564141
v 0.961414 1.767320 0.553785
v 0.922160 1.749578 0.563305
v 0.964418 1.601083 0.532081
v 0.994606 1.874646 0.605980
v 0.931400 1.644698 0.622756
v 0.984091 1.702274 0.630835
v 0.984576 1.653306 0.609421
v 0.986329 1.773434 0.646910
v 0.968574 1.776383 0.665192
v 0.933031 1.769830 0.647404
v 0.960785 1.647878 0.624346
v 0.960911 1.705191 0.654252
v 0.985394 1.889967 0.602503
v 0.961854 1.875257 0.603552
v 0.964654 1.879062 0.637940
v 0.997427 1.878389 0.640051
v 0.988937 1.894099 0.645067
v -2.227650 1.355434 0.005791
v -2.156762 1.289984 0.005791
v -2.175248 1.304999 0.055689
v -2.218326 1.347772 0.054943
v -2.294815 1.179753 0.005791
v -2.236498 1.127148 0.005791
v -2.250531 1.139865 0.057677
v -2.284110 1.172963 0.057580
v -2.440050 0.926542 0.005791
v -2.418123 0.897603 0.005791
v -2.402722 0.931699 0.052190
v -2.418679 0.952770 0.051803
v -0.465787 1.088369 -0.560225
v -0.481390 1.992384 -0.540741
v 0.047890 1.114201 -0.647805
v -0.188367 1.034355 -0.582735
v -0.218912 2.017505 -0.509382
v 0.006629 2.011784 -0.478595
v 0.259199 1.076997 -0.572602
v 0.210345 2.019660 -0.453971
v 0.437340 1.232926 -0.500173
v 0.371488 1.991079 -0.432021
v 0.625096 1.315817 -0.416374
v 0.560747 1.859864 -0.390159
v 0.765780 1.332951 -0.370553
v 0.741537 1.739172 -0.365308
v 0.909033 1.311927 -0.359709
v 0.898803 1.725509 -0.423685
v 1.013185 1.316766 -0.346821
v 0.993339 1.727453 -0.428815
v 1.093065 1.334494 -0.314466
v 1.061904 1.702573 -0.381200
v 1.143167 1.375096 -0.289164
v 1.125101 1.658340 -0.337096
v 1.186715 1.449070 -0.268080
v 1.180889 1.600771 -0.296898
v -0.723923 1.080703 -0.559886
v -0.741297 1.942126 -0.538995
v -0.943428 1.078131 -0.553270
v -0.953434 1.894387 -0.514763
v -1.148570 1.124527 -0.528911
v -1.323927 1.227621 -0.490061
v -1.327627 1.812050 -0.442833
v -1.153342 1.849340 -0.478097
v -1.498863 1.258369 -0.507549
v -1.475202 1.794837 -0.428352
v -1.697767 1.292554 -0.576818
v -1.677802 1.782668 -0.453892
v -1.901188 1.266482 -0.599860
v -1.895087 1.742438 -0.452020
v -2.026570 1.285184 -0.548087
v -2.032811 1.671136 -0.444805
v -2.096344 1.440256 -0.486937
v -2.099994 1.602853 -0.446968
v -0.461072 0.810343 -0.227758
v 0.057726 0.832133 -0.131701
v -0.218432 2.265632 -0.222266
v -0.484804 2.232771 -0.226301
v -0.183739 0.820196 -0.211998
v 0.009499 2.263159 -0.218230
v 0.268898 0.872737 -0.211923
v 0.210380 2.268369 -0.215491
v 0.461625 0.988572 -0.220934
v 0.382644 2.211867 -0.213696
v 0.640700 1.113272 -0.201034
v 0.568496 2.031408 -0.203772
v 0.754886 1.133435 -0.193375
v 0.716693 1.879779 -0.195032
v 0.889815 1.066301 -0.216255
v 0.864299 1.881896 -0.201547
v 1.065965 1.034704 -0.203023
v 1.026800 1.920292 -0.201252
v 1.197796 1.067816 -0.160776
v 1.129484 1.877648 -0.194613
v -0.718225 0.814516 -0.227941
v 1.278394 1.143463 -0.143937
v 1.219439 1.787103 -0.173699
v 1.289297 1.368342 -0.151179
v 1.273041 1.642582 -0.176475
v -0.748426 2.179877 -0.227486
v -0.938619 0.824151 -0.227907
v -1.181047 2.109905 -0.229406
v -1.147912 0.894406 -0.228022
v -1.367857 2.060127 -0.228604
v -1.494931 1.112554 -0.209430
v -1.887972 1.116862 -0.125726
v -1.687119 1.124126 -0.134482
v -1.681221 2.003207 -0.222667
v -1.928551 1.937581 -0.205796
v -2.028723 1.191596 -0.210581
v -2.089374 1.829077 -0.215229
v -2.141418 1.394113 -0.217352
v -2.171304 1.675514 -0.223542
v -1.330024 1.037476 -0.226980
v -0.968284 2.146280 -0.228364
v -1.495622 2.026953 -0.227547
v 0.077163 0.789079 -0.658043
v -0.110084 0.773743 -0.563198
v 0.249541 0.805653 -0.563273
v 0.072773 0.793088 -0.189989
v -0.109941 0.771282 -0.262995
v 0.232403 0.808306 -0.282726
v 0.158373 0.603460 -0.646163
v -0.012750 0.573932 -0.560604
v 0.310842 0.625216 -0.557769
v 0.132279 0.622225 -0.252753
v -0.009962 0.582205 -0.286150
v 0.265352 0.634889 -0.322336
v 0.265978 0.387759 -0.561299
v 0.126487 0.422714 -0.516809
v 0.380417 0.410532 -0.550676
v 0.250441 0.442338 -0.362807
v 0.120734 0.453293 -0.343593
v 0.325568 0.433846 -0.391915
v 0.429631 0.233640 -0.527493
v 0.356418 0.203375 -0.525644
v 0.373372 0.231585 -0.427363
v 0.391548 0.243544 -0.427676
v -1.927946 0.620078 -0.334886
v -1.927280 0.619791 -0.486511
v -2.098024 0.677938 -0.290732
v -2.102024 0.677392 -0.533832
v -2.012322 0.642945 -0.290224
v -2.012450 0.642891 -0.533091
v -2.155812 0.728033 -0.486293
v -2.149182 0.728783 -0.338515
v -1.973836 0.934554 -0.216700
v -1.852555 0.933389 -0.213879
v -2.044323 0.965950 -0.294875
v -2.054308 0.969329 -0.527242
v -1.981937 0.940484 -0.601020
v -1.725523 0.917779 -0.272906
v -1.721492 0.921098 -0.524895
v -1.852276 0.937941 -0.593992
v -2.007879 0.108818 -0.387368
v -2.007879 0.108818 -0.437579
v -2.144742 0.109024 -0.377330
v -2.144742 0.109024 -0.447617
v -2.071420 0.090186 -0.377330
v -2.071420 0.090186 -0.447617
v -2.185719 0.164608 -0.437579
v -2.185719 0.164608 -0.387368
v -2.141860 0.390712 -0.350598
v -2.088645 0.369740 -0.350603
v -2.176334 0.417343 -0.374857
v -2.176504 0.417290 -0.450090
v -2.141915 0.390695 -0.474344
v -2.040201 0.352969 -0.450029
v -2.040201 0.352969 -0.374850
v -2.088645 0.369740 -0.474312
v -0.462226 0.864764 -0.405468
v -0.472450 1.482044 -0.620866
v -0.102539 2.015391 -0.493267
v 0.057381 0.832356 -0.072471
v 0.030492 1.508128 -0.599699
v -0.219913 2.199397 -0.376431
v -0.201802 1.493175 -0.608941
v -0.328669 1.086262 -0.562277
v -0.346526 2.009979 -0.526508
v -0.064984 1.099386 -0.639769
v -0.485008 2.239587 -0.092504
v -0.186437 0.817934 -0.086124
v 0.005552 2.189987 -0.356560
v 0.267520 0.875546 -0.086352
v 0.232696 1.523767 -0.567304
v 0.208707 2.192141 -0.342473
v 0.154615 1.114942 -0.633815
v 0.112375 2.014301 -0.465306
v 0.458416 0.988310 -0.092416
v 0.406110 1.570066 -0.519372
v 0.368169 2.142481 -0.335359
v 0.348674 1.177387 -0.532160
v 0.295352 2.016602 -0.444033
v 0.531049 1.278095 -0.458140
v 0.458769 1.935980 -0.413158
v 0.638047 1.113939 -0.088539
v 0.605971 1.560095 -0.443952
v 0.551732 1.978867 -0.312990
v 0.751234 1.126065 -0.085775
v 0.772502 1.527922 -0.404932
v 0.720177 1.829471 -0.294035
v 0.655884 1.786912 -0.372750
v 0.702858 1.335711 -0.387517
v 0.853845 1.035306 -0.094601
v 0.916930 1.527667 -0.430754
v 0.876055 1.823816 -0.308237
v 0.829973 1.316763 -0.361320
v 0.831251 1.722380 -0.380583
v 1.067640 0.975096 -0.134222
v 1.005890 1.528535 -0.415954
v 1.017491 1.858082 -0.313489
v 0.970910 1.313972 -0.355495
v 0.955358 1.748457 -0.435092
v 1.232392 1.027117 -0.105590
v 1.068233 1.506176 -0.373625
v 1.097794 1.822573 -0.300218
v 1.053716 1.322542 -0.332759
v 1.035374 1.715765 -0.393683
v -0.719349 0.866794 -0.405359
v 1.315765 1.110662 -0.080887
v 1.115741 1.504501 -0.341627
v 1.167544 1.750993 -0.272082
v 1.094352 1.681988 -0.358260
v 1.123874 1.350747 -0.297846
v 1.319735 1.337373 -0.077292
v 1.177808 1.513885 -0.291637
v 1.221642 1.624077 -0.252586
v 1.154849 1.628684 -0.316896
v 1.165217 1.412272 -0.279018
v -0.731793 1.456019 -0.620873
v -0.748700 2.186227 -0.092593
v -0.837110 1.076616 -0.557993
v -0.599535 1.084342 -0.560423
v -0.616346 1.968352 -0.545158
v -0.939686 0.873810 -0.403760
v -1.047543 1.092988 -0.543914
v -1.183932 2.126406 -0.094386
v -0.948881 1.436101 -0.602960
v -1.149179 1.444458 -0.561971
v -1.148500 0.939335 -0.396434
v -1.569899 1.789333 -0.438693
v -1.374159 2.076135 -0.094173
v -1.470275 1.122316 -0.389167
v -1.921956 1.042823 -0.176615
v -0.851201 1.917416 -0.528320
v -1.054106 1.871916 -0.497381
v -1.940076 0.787450 -0.250997
v -1.675259 1.521796 -0.534204
v -1.682828 2.016693 -0.088839
v -1.793335 1.768099 -0.459072
v -1.481370 1.521300 -0.491787
v -1.600388 1.295068 -0.553426
v -1.892528 1.485187 -0.541702
v -1.928872 1.950291 -0.078543
v -1.975683 1.267367 -0.591212
v -1.804825 1.277805 -0.593312
v -2.057692 1.221517 -0.405368
v -2.025315 1.467534 -0.525678
v -2.088480 1.847590 -0.081434
v -1.971235 1.710001 -0.446741
v -2.132143 1.419720 -0.394801
v -2.101858 1.505641 -0.482191
v -2.180558 1.689196 -0.087736
v -2.064768 1.632877 -0.450230
v -2.065032 1.386231 -0.514506
v -1.318536 1.486905 -0.509962
v -1.246590 1.828347 -0.459137
v -1.242113 1.172008 -0.509093
v -1.328923 1.073883 -0.381732
v -0.969386 2.157217 -0.092739
v -1.399227 1.271114 -0.483513
v -1.398028 1.801753 -0.431329
v -1.500254 2.042661 -0.094088
v -0.460844 0.805409 -0.092445
v -0.133657 0.812162 -0.253897
v -0.218067 2.277268 -0.092375
v -0.483967 2.174501 -0.396482
v -0.218487 0.854589 -0.408059
v 0.010281 2.279152 -0.092243
v 0.296222 0.910887 -0.405779
v 0.210889 2.286849 -0.092187
v 0.457372 1.037880 -0.380778
v 0.389320 2.228332 -0.092510
v 0.636419 1.161981 -0.324696
v 0.576469 2.042066 -0.091967
v 0.762661 1.196740 -0.294046
v 0.717050 1.895734 -0.089552
v 0.905702 1.148519 -0.289514
v 0.858328 1.908156 -0.090156
v 1.037373 1.128176 -0.264350
v 1.028107 1.945443 -0.089705
v 1.146431 1.158672 -0.225503
v 1.152755 1.894099 -0.084636
v -0.718123 0.809763 -0.092543
v 1.211421 1.231025 -0.205072
v 1.248953 1.801194 -0.076075
v 1.235352 1.412992 -0.213651
v 1.311230 1.654446 -0.080553
v -0.745490 2.118498 -0.397562
v -0.938435 0.819860 -0.092915
v -1.168492 2.015406 -0.377416
v -1.146474 0.892384 -0.094834
v -1.346661 1.959390 -0.366954
v -1.472781 1.145261 -0.090558
v -1.871710 1.154522 -0.064955
v -1.652888 1.158630 -0.075861
v -1.672904 1.913677 -0.375410
v -1.911584 1.862311 -0.363312
v -2.000141 1.216201 -0.077402
v -2.061888 1.772856 -0.364434
v -2.137713 1.358920 -0.073793
v -2.136111 1.642372 -0.378796
v -1.328132 1.038203 -0.097776
v -0.961987 2.068549 -0.389379
v -1.480234 1.927794 -0.365714
v -1.404806 1.093671 -0.224956
v -1.435291 2.039968 -0.227924
v -0.862168 2.160938 -0.227765
v -1.245172 0.961628 -0.227325
v -1.281394 2.085286 -0.229196
v -1.573444 2.017044 -0.226755
v -2.086374 1.294914 -0.216901
v -2.181962 1.503862 -0.218052
v -1.959585 1.133956 -0.134589
v -2.137317 1.759456 -0.219663
v -1.793637 1.116949 -0.130730
v -1.809103 1.977061 -0.214261
v -2.020947 1.889199 -0.204313
v -1.590592 1.125118 -0.147481
v -1.074520 2.130479 -0.229072
v -1.044058 0.848752 -0.228071
v -0.831606 0.815989 -0.227916
v -0.621161 2.205082 -0.227196
v 1.294267 1.231579 -0.143237
v 1.282445 1.500852 -0.169950
v 1.248923 1.096186 -0.147482
v 1.251151 1.724419 -0.172411
v 1.083632 1.904479 -0.196667
v 1.178609 1.836446 -0.183302
v 0.980680 1.037382 -0.214156
v 0.946669 1.910718 -0.203743
v 1.134830 1.047040 -0.181561
v 0.805218 1.105872 -0.199412
v 0.785724 1.862088 -0.196571
v 0.701491 1.138185 -0.195022
v 0.648469 1.939758 -0.197349
v 0.475998 2.131502 -0.210264
v 0.556470 1.058333 -0.211227
v 0.367054 0.924613 -0.223572
v 0.297312 2.255313 -0.214779
v -0.594319 0.811653 -0.227945
v 0.165050 0.846276 -0.144021
v -0.100312 2.265353 -0.220133
v -0.347886 2.254774 -0.224483
v -0.323859 0.814790 -0.225435
v -0.057005 0.823921 -0.143763
v 0.113963 2.266338 -0.216607
v -0.029054 0.780423 -0.640867
v 0.178232 0.798824 -0.640814
v 0.099948 0.719322 -0.218011
v -0.139632 0.770040 -0.412456
v 0.269691 0.807142 -0.416587
v 0.166684 0.806683 -0.215567
v -0.029999 0.778492 -0.192786
v -0.134499 0.849339 -0.566684
v 0.060627 0.825825 -0.163952
v 0.236901 0.849247 -0.258397
v 0.059918 0.880802 -0.658059
v 0.240022 0.879476 -0.565969
v 0.061359 0.586926 -0.634336
v 0.248765 0.617489 -0.627317
v 0.287981 0.544363 -0.353587
v -0.038691 0.570543 -0.415892
v 0.319777 0.628424 -0.425104
v 0.207063 0.637713 -0.278924
v 0.052074 0.601193 -0.240586
v -0.072631 0.686817 -0.269729
v 0.277686 0.726212 -0.562276
v 0.246772 0.731497 -0.300735
v -0.073852 0.684761 -0.562870
v 0.110826 0.706003 -0.656527
v 0.180337 0.416303 -0.543025
v 0.336183 0.402062 -0.590143
v 0.266752 0.361249 -0.440423
v 0.126419 0.420640 -0.421743
v 0.379746 0.417714 -0.452482
v 0.283441 0.445193 -0.368142
v 0.164107 0.457177 -0.339094
v 0.173549 0.545566 -0.296429
v 0.065524 0.496389 -0.314579
v 0.066666 0.475163 -0.546662
v 0.211296 0.499969 -0.618303
v 0.342648 0.519393 -0.551946
v 0.396880 0.207788 -0.540994
v 0.357996 0.204328 -0.457358
v 0.420951 0.232497 -0.460847
v 0.384712 0.230553 -0.425489
v 0.417602 0.303596 -0.548194
v 0.370904 0.307017 -0.416013
v 0.343947 0.300103 -0.411592
v 0.327584 0.269075 -0.546066
v -1.912434 0.615226 -0.410237
v -2.130985 0.540730 -0.326467
v -2.085498 0.215688 -0.361192
v -1.965165 0.630622 -0.523770
v -2.134914 0.704317 -0.524247
v -2.059886 0.657086 -0.534560
v -2.160758 0.737460 -0.412455
v -2.127845 0.705174 -0.300371
v -2.058630 0.657296 -0.289607
v -1.965409 0.630726 -0.298564
v -2.097613 0.851438 -0.316121
v -2.027644 1.103052 -0.541481
v -1.930125 1.081862 -0.617348
v -1.834303 0.769326 -0.303530
v -1.831814 0.768247 -0.508957
v -1.940110 0.787532 -0.568518
v -2.039211 0.808990 -0.253073
v -1.760140 1.053116 -0.176612
v -2.021819 1.081003 -0.268845
v -2.107983 0.851815 -0.508219
v -2.046583 0.809583 -0.570288
v -1.606783 1.038027 -0.247107
v -1.607295 1.078651 -0.528728
v -1.762249 1.095289 -0.598473
v -1.920628 0.935712 -0.600736
v -1.784148 0.936885 -0.579708
v -1.697029 0.906530 -0.391526
v -1.786255 0.932486 -0.223493
v -2.025267 0.954224 -0.585055
v -1.917850 0.930440 -0.213365
v -2.062260 0.974568 -0.411307
v -2.014237 0.949207 -0.234478
v -1.997792 0.090444 -0.412474
v -2.144765 0.063165 -0.412474
v -2.064743 0.043141 -0.412474
v -2.028697 0.089630 -0.445071
v -2.171918 0.131196 -0.445071
v -2.111690 0.097477 -0.447893
v -2.189538 0.150540 -0.412474
v -2.171918 0.131196 -0.379876
v -2.111691 0.097477 -0.377054
v -2.028697 0.089630 -0.379876
v -2.182221 0.261606 -0.381136
v -2.173758 0.580974 -0.464783
v -2.131859 0.540509 -0.498410
v -2.027303 0.206564 -0.443811
v -2.003959 0.487860 -0.359735
v -2.064175 0.509669 -0.498154
v -2.144388 0.232991 -0.361192
v -2.064151 0.509685 -0.326454
v -2.171930 0.581379 -0.360148
v -2.182221 0.261606 -0.443811
v -2.144388 0.232991 -0.463755
v -2.003883 0.487823 -0.464540
v -2.027303 0.206564 -0.381136
v -2.085499 0.215688 -0.463755
v -2.060905 0.360319 -0.469520
v -2.116674 0.379314 -0.474766
v -2.162522 0.404975 -0.355369
v -2.060906 0.360319 -0.355375
v -2.032586 0.350013 -0.412436
v -2.116668 0.379316 -0.350166
v -2.181287 0.421827 -0.412474
v -2.162677 0.404927 -0.469577
v 0.320545 1.551933 -0.545860
v 0.111572 2.190862 -0.348435
v -0.059637 0.824321 -0.075807
v -0.335135 1.491641 -0.614007
v -0.328432 0.865868 -0.405988
v -0.347889 2.192772 -0.387477
v -0.103630 2.195315 -0.365925
v -0.081128 1.503106 -0.607117
v 0.166023 0.847348 -0.075866
v -0.595344 0.865216 -0.405415
v 0.135819 1.512958 -0.587088
v 0.502121 1.571183 -0.482661
v 0.291757 2.180574 -0.338686
v 0.363773 0.923301 -0.091739
v 0.848206 1.516803 -0.410820
v 0.550492 1.105194 -0.352944
v 0.455989 2.071163 -0.326956
v 0.968416 1.510595 -0.426112
v 0.641537 1.889856 -0.301410
v 0.699625 1.135019 -0.086545
v 0.694184 1.543427 -0.415809
v 0.800859 1.809199 -0.295999
v 0.792128 1.092376 -0.088007
v 1.158059 0.994847 -0.123451
v 0.950354 1.849215 -0.315630
v 0.946824 0.978702 -0.110714
v 1.134511 1.790528 -0.286079
v 1.040030 1.509223 -0.388894
v 1.059316 1.845372 -0.307273
v 1.199350 1.694073 -0.259837
v 1.284365 1.061609 -0.091004
v 1.094220 1.503890 -0.356286
v 1.231702 1.511869 -0.237281
v 1.328479 1.195625 -0.076829
v 1.140841 1.509043 -0.323225
v -0.606882 1.468873 -0.623421
v -0.621325 2.210701 -0.092559
v -0.844254 1.444135 -0.614326
v -0.832710 0.867132 -0.404983
v -1.045100 0.896223 -0.401370
v -1.076136 2.144452 -0.093381
v -1.573777 1.526757 -0.511819
v -1.050764 1.435774 -0.585321
v -1.793965 1.504451 -0.544701
v -2.072307 0.830996 -0.266788
v -2.020361 1.903239 -0.076951
v -1.810188 1.989393 -0.083215
v -2.113376 0.859793 -0.412227
v -2.140408 1.780044 -0.084256
v -1.969806 1.469758 -0.536084
v -1.994111 0.794688 -0.250661
v -2.201729 1.463694 -0.073809
v -2.094065 1.323325 -0.399866
v -2.062384 1.484884 -0.511025
v -1.575721 2.032143 -0.092863
v -1.286257 2.102044 -0.094492
v -1.239929 1.462217 -0.535277
v -1.244957 1.003019 -0.388310
v -0.857374 2.092273 -0.393670
v -1.413794 1.939928 -0.364710
v -1.391711 1.510578 -0.492470
v -1.401814 1.105956 -0.096600
v -1.399952 1.122378 -0.385306
v -1.440978 2.055703 -0.094160
v -0.862729 2.169485 -0.092610
v -1.243469 0.959762 -0.096388
v -1.264446 1.985879 -0.371408
v -1.564843 1.920872 -0.370870
v -2.068059 1.288983 -0.083114
v -2.153795 1.514903 -0.390794
v -1.941712 1.172160 -0.065017
v -2.103317 1.711507 -0.371850
v -1.769866 1.152329 -0.071434
v -1.797092 1.895731 -0.372238
v -1.997590 1.821242 -0.359700
v -1.552512 1.160167 -0.080895
v -1.065858 2.043583 -0.383902
v -1.043377 0.845643 -0.093642
v -0.831504 0.811345 -0.092612
v -0.619629 2.147726 -0.399736
v 1.229864 1.309271 -0.202192
v 1.315198 1.489886 -0.083753
v 1.190311 1.186096 -0.209196
v 1.285098 1.738854 -0.075910
v 1.095719 1.926913 -0.087719
v 1.203179 1.853455 -0.080251
v 0.981566 1.134076 -0.281477
v 0.944595 1.937124 -0.090384
v 1.090862 1.137767 -0.245606
v 0.825059 1.174481 -0.288735
v 0.780574 1.884829 -0.089581
v 0.704399 1.194137 -0.305182
v 0.653214 1.950872 -0.090403
v 0.484785 2.144679 -0.092666
v 0.553070 1.059422 -0.090914
v 0.367685 0.972608 -0.397570
v 0.299941 2.273734 -0.092270
v -0.594226 0.806783 -0.092536
v -0.046935 0.815737 -0.177431
v -0.099477 2.279342 -0.092306
v -0.348001 2.263868 -0.092442
v -0.322499 0.810210 -0.091370
v -0.165335 0.820487 -0.411277
v 0.114273 2.283892 -0.092196
v 0.292225 0.728795 -0.420277
v 0.003186 0.699944 -0.211196
v 0.161986 0.839311 -0.182538
v -0.048231 0.870508 -0.642320
v 0.163064 0.886649 -0.641734
v 0.266885 0.857547 -0.411810
v 0.046589 0.473324 -0.419298
v 0.233494 0.556031 -0.318140
v 0.006175 0.693777 -0.640289
v 0.185955 0.732956 -0.245370
v -0.102696 0.681826 -0.413327
v 0.209394 0.718001 -0.638594
v 0.413213 0.308916 -0.461759
v 0.195636 0.402917 -0.428710
v 0.289934 0.513055 -0.607673
v 0.107497 0.520639 -0.283314
v 0.346229 0.525710 -0.435224
v 0.127552 0.486823 -0.607649
v 0.394634 0.200146 -0.455923
v 0.321404 0.268183 -0.454655
v 0.355075 0.305988 -0.407168
v 0.376388 0.287017 -0.580960
v -2.167182 0.247501 -0.459803
v -2.187546 0.264215 -0.412474
v -2.117248 0.223247 -0.360819
v -2.083898 0.831503 -0.556796
v -1.883852 0.780690 -0.259990
v -1.811320 0.761866 -0.402495
v -1.882708 0.780414 -0.556828
v -1.996565 0.795013 -0.571452
v -1.849837 1.085350 -0.612068
v -1.679689 1.098926 -0.580187
v -1.576259 1.032743 -0.384534
v -1.678203 1.054335 -0.188893
v -1.988126 1.090777 -0.603466
v -1.846053 1.044427 -0.174962
v -2.043254 1.097865 -0.409704
v -1.979207 1.056507 -0.195122
v -2.017719 0.046178 -0.412474
v -2.108938 0.050502 -0.412474
v -2.174227 0.090602 -0.412474
v -2.017694 0.202646 -0.412474
v -2.051845 0.209478 -0.365144
v -2.167182 0.247501 -0.365144
v -2.117248 0.223247 -0.464128
v -2.051845 0.209478 -0.459803
v -2.029664 0.497348 -0.491446
v -2.099777 0.523217 -0.498922
v -2.155548 0.562648 -0.333088
v -2.029687 0.497365 -0.332949
v -1.994388 0.484252 -0.412167
v -2.099549 0.523287 -0.325862
v -2.178749 0.588271 -0.412472
v -2.157369 0.562226 -0.491817
v -0.477378 1.760068 -0.599089
v 0.016836 1.783680 -0.545463
v -0.211461 1.782534 -0.572403
v 0.218992 1.798873 -0.518440
v 0.386290 1.801124 -0.484827
v 0.584635 1.721920 -0.426449
v 0.760699 1.644298 -0.394884
v 0.901515 1.636200 -0.441378
v 1.003405 1.634090 -0.433762
v 1.060815 1.608034 -0.388588
v 1.115926 1.582536 -0.348685
v 1.177849 1.562382 -0.298231
v -0.736987 1.720678 -0.597907
v -0.950833 1.685683 -0.573668
v -1.149736 1.664521 -0.530306
v -1.676251 1.662611 -0.495174
v -1.476994 1.670359 -0.461453
v -1.892130 1.624208 -0.496906
v -2.026953 1.575619 -0.486805
v -2.102307 1.558568 -0.465230
v -1.320675 1.662762 -0.482673
v -2.184225 1.593073 -0.222992
v 1.278901 1.575965 -0.176728
v 0.305517 1.808096 -0.503980
v -0.341545 1.775338 -0.586864
v -0.093260 1.784100 -0.558776
v 0.121986 1.788339 -0.532148
v 0.479008 1.770142 -0.457133
v 0.846350 1.631781 -0.408692
v 0.925330 1.694178 -0.627959
v 0.676753 1.675345 -0.403063
v 1.035670 1.616792 -0.402640
v 1.089747 1.595070 -0.367729
v 1.228116 1.570328 -0.247430
v 1.142648 1.570570 -0.328399
v -0.612071 1.740739 -0.602958
v -0.847876 1.701927 -0.587966
v -1.571294 1.668963 -0.475643
v -1.051507 1.673137 -0.553901
v -1.793571 1.646626 -0.502928
v -1.967600 1.599283 -0.491688
v -2.200257 1.584724 -0.085780
v -2.060440 1.561198 -0.483751
v -1.241238 1.660783 -0.505383
v -1.392438 1.668133 -0.465937
v -2.150201 1.581511 -0.385451
v 1.315530 1.578534 -0.083943
v 0.914582 1.667751 -0.537544
v 0.928749 1.609208 -0.529746
v 0.989012 1.674087 -0.527851
v 0.991429 1.614756 -0.515057
v 0.981923 1.752624 -0.552559
v 0.961414 1.767320 -0.542203
v 0.922160 1.749578 -0.551723
v 0.964418 1.601083 -0.520498
v 0.994606 1.874646 -0.594397
v 0.931400 1.644698 -0.611173
v 0.984091 1.702274 -0.619252
v 0.984576 1.653306 -0.597838
v 0.986329 1.773434 -0.635327
v 0.968574 1.776383 -0.653610
v 0.933031 1.769830 -0.635821
v 0.960785 1.647878 -0.612763
v 0.960911 1.705191 -0.642669
v 0.985394 1.889967 -0.590920
v 0.961854 1.875257 -0.591969
v 0.964655 1.879061 -0.626357
v 0.997427 1.878389 -0.628469
v 0.988937 1.894098 -0.633484
v -2.175248 1.304999 -0.044106
v -2.218326 1.347772 -0.043360
v -2.250531 1.139865 -0.046095
v -2.284110 1.172963 -0.045997
v -2.402722 0.931699 -0.040607
v -2.418679 0.952770 -0.040220
v -0.461464 0.824537 0.325849
v -0.463555 0.948477 0.502747
v -0.469043 1.283359 0.615105
v -0.479485 1.878294 0.589235
v -0.122060 0.821111 0.005791
v -0.000100 0.827716 0.005791
v -0.043785 2.280267 0.005791
v -0.157400 2.280367 0.005791
v -0.159451 2.017257 0.512713
v -0.047421 2.013148 0.497349
v 0.112713 0.838619 0.005791
v 0.217464 0.859729 0.005791
v 0.057442 0.832383 0.117110
v 0.057371 0.832293 0.046155
v 0.023131 1.661125 0.583835
v 0.039387 1.309892 0.638621
v -0.219161 2.244697 0.309936
v -0.220110 2.120576 0.461698
v -0.206886 1.655657 0.605848
v -0.195805 1.275025 0.620743
v -0.397185 1.089667 0.572033
v -0.260839 1.072623 0.579250
v -0.281434 2.015121 0.529548
v -0.413439 2.002248 0.546027
v -0.007955 1.109421 0.658810
v -0.123213 1.079137 0.632961
v -0.484941 2.238428 0.165340
v -0.485028 2.239748 0.052383
v -0.185766 0.818360 0.151973
v -0.186699 0.817822 0.050150
v 0.007542 2.238109 0.298753
v 0.004950 2.111883 0.434650
v -0.416110 2.253165 0.005791
v -0.281776 2.272876 0.005791
v -0.253839 0.813971 0.005791
v -0.391856 0.807090 0.005791
v 0.816288 1.899681 0.005791
v 0.747539 1.889063 0.005791
v -0.553769 2.225059 0.005791
v -0.686485 2.196953 0.005791
v 0.268060 0.874382 0.152066
v 0.267247 0.876154 0.050325
v 0.224555 1.679042 0.555979
v 0.244945 1.312731 0.593819
v 0.209503 2.241133 0.291068
v 0.208721 2.116071 0.414458
v 0.205237 1.105423 0.624601
v 0.102194 1.116624 0.655714
v 0.060076 2.012254 0.483325
v 0.162729 2.017210 0.470966
v 0.163610 2.288243 0.005791
v 0.062961 2.282732 0.005791
v 0.503938 1.027321 0.005791
v 0.595919 1.093983 0.005791
v 0.460310 0.986385 0.163124
v 0.457065 0.990142 0.052818
v 0.394871 1.699094 0.516730
v 0.421488 1.400705 0.532387
v 0.374729 2.186771 0.287633
v 0.367405 2.075186 0.400403
v 0.305633 1.138608 0.559551
v 0.392432 1.207502 0.528687
v 0.333338 2.007343 0.450225
v 0.254573 2.020094 0.460559
v 0.344504 2.257649 0.005791
v 0.256103 2.285285 0.005791
v 0.315436 0.898075 0.005791
v 0.409606 0.956147 0.005791
v 0.483570 1.256217 0.491677
v 0.579131 1.298465 0.447817
v 0.437584 2.191927 0.005791
v 0.532963 2.094878 0.005791
v 0.412879 1.967075 0.435087
v 0.509146 1.899209 0.413090
v 0.884432 0.994988 0.005791
v 0.987886 0.941592 0.005791
v 0.639796 1.110877 0.153744
v 0.636799 1.116873 0.051561
v 0.595703 1.650746 0.449981
v 0.616121 1.438798 0.449469
v 0.558954 2.013102 0.272179
v 0.552818 1.925361 0.368581
v 0.752250 1.125465 0.150195
v 0.751288 1.128147 0.049891
v 0.768617 1.595039 0.415044
v 0.770090 1.432777 0.405517
v 0.716682 1.860144 0.258199
v 0.729652 1.787250 0.346348
v 0.610065 1.821390 0.392185
v 0.698447 1.759106 0.378337
v 0.686731 1.919576 0.005791
v 0.617687 1.994074 0.005791
v 0.670179 1.132659 0.005791
v 0.727193 1.137290 0.005791
v 0.735437 1.337048 0.389492
v 0.666351 1.328502 0.411740
v 0.871034 1.045970 0.169307
v 0.846829 1.032045 0.052565
v 0.906773 1.590704 0.452880
v 0.912832 1.418698 0.405525
v 0.868860 1.858366 0.266674
v 0.886826 1.776850 0.375428
v 0.796118 1.324777 0.376449
v 0.869367 1.312726 0.371744
v 0.866469 1.722060 0.405784
v 0.787735 1.727457 0.382220
v 0.771617 1.114582 0.005791
v 0.815536 1.065608 0.005791
v 1.129691 1.915598 0.005791
v 1.064606 1.943994 0.005791
v 1.071674 1.004320 0.186607
v 1.054865 0.946821 0.082566
v 1.007237 1.589411 0.439378
v 1.008636 1.424004 0.392796
v 1.024076 1.897753 0.268941
v 1.005887 1.795549 0.382156
v 0.943141 1.312667 0.369784
v 0.993301 1.315256 0.363344
v 0.975838 1.746701 0.446100
v 0.928259 1.743961 0.443020
v 0.987218 1.950244 0.005791
v 0.899587 1.929754 0.005791
v 1.328802 1.539571 0.005791
v 1.326049 1.411801 0.005791
v 1.216101 1.043650 0.148759
v 1.248597 1.016508 0.067176
v 1.063816 1.563572 0.395791
v 1.077042 1.427361 0.361784
v 1.115038 1.858547 0.260192
v 1.077451 1.765154 0.359604
v 1.103325 0.937513 0.005791
v 1.211905 0.982301 0.005791
v 1.073945 1.327859 0.335479
v 1.033273 1.318988 0.352052
v 1.049106 1.709716 0.399654
v 1.016820 1.722003 0.414501
v -0.718519 0.828180 0.325932
v -0.721071 0.947000 0.502435
v 1.301238 1.121834 0.126500
v 1.322714 1.106415 0.051249
v 1.114398 1.547855 0.360069
v 1.124156 1.445739 0.333406
v 1.194849 1.775412 0.236288
v 1.142649 1.707593 0.322787
v 1.077515 1.693014 0.382087
v 1.110127 1.670604 0.358788
v 1.235640 1.832039 0.005791
v 1.186157 1.877908 0.005791
v 1.284510 1.036762 0.005791
v 1.314131 1.079166 0.005791
v 1.134063 1.361443 0.304622
v 1.110076 1.341993 0.316883
v 1.307832 1.350258 0.127525
v 1.325682 1.330402 0.047914
v 1.177122 1.540747 0.308268
v 1.181227 1.479303 0.292319
v 1.247965 1.634635 0.229446
v 1.197224 1.610791 0.291965
v 1.139997 1.644418 0.338666
v 1.169318 1.612198 0.317986
v 1.313720 1.703372 0.005791
v 1.278128 1.777687 0.005791
v 1.332189 1.140257 0.005791
v 1.331895 1.251349 0.005791
v 1.176746 1.432902 0.285139
v 1.153700 1.392380 0.295965
v -0.727858 1.266693 0.615009
v -0.739138 1.833218 0.587368
v -0.748783 2.185815 0.165923
v -0.748609 2.185713 0.052320
v -0.890760 1.076138 0.567687
v -0.781735 1.078467 0.570765
v -0.533513 1.086289 0.571932
v -0.663139 1.082593 0.571866
v -0.657525 0.808443 0.005791
v -0.528497 0.805500 0.005791
v -0.549475 1.980912 0.555999
v -0.680627 1.955232 0.554622
v -0.938929 0.837044 0.325306
v -0.941158 0.950387 0.499173
v -1.098673 1.106619 0.548712
v -0.995705 1.083588 0.560841
v -0.885440 0.814007 0.005791
v -0.775948 0.810393 0.005791
v -1.183342 2.124381 0.169108
v -1.184112 2.125726 0.052981
v -1.409417 2.062316 0.005791
v -1.469526 2.045865 0.005791
v -0.946327 1.255769 0.602817
v -0.951510 1.791367 0.561404
v -1.148830 1.283748 0.568881
v -1.150374 1.757415 0.519350
v -1.148338 0.905804 0.322765
v -1.148512 1.009103 0.484242
v -1.520507 1.791997 0.443682
v -1.622365 1.786530 0.458256
v -1.022488 2.150023 0.005791
v -1.130060 2.135295 0.005791
v -1.372648 2.075461 0.168968
v -1.374460 2.074325 0.052799
v -1.094896 0.867026 0.005791
v -0.990962 0.830437 0.005791
v -1.476985 1.105337 0.315216
v -1.478283 1.169871 0.469857
v -1.237518 2.112995 0.005791
v -1.333991 2.086087 0.005791
v -1.945700 0.992023 0.209260
v -1.902666 1.084648 0.164107
v -0.797813 1.929509 0.545582
v -0.902775 1.905756 0.533567
v -1.104109 1.860586 0.499416
v -1.003840 1.883156 0.518058
v -1.897827 0.861773 0.243807
v -1.978421 0.713824 0.282094
v -1.681933 1.411923 0.568068
v -1.678107 1.720942 0.487777
v -1.683079 2.016384 0.161527
v -1.682332 2.015083 0.050144
v -1.735739 1.776754 0.469898
v -1.847317 1.756381 0.467756
v -1.534099 2.035031 0.005791
v -1.624937 2.023157 0.005791
v -1.486890 1.402239 0.516812
v -1.475757 1.731401 0.457451
v -1.553233 1.285920 0.548091
v -1.647804 1.296346 0.577809
v -1.591909 1.170135 0.005791
v -1.504431 1.164321 0.005791
v -1.895004 1.379810 0.584018
v -1.892459 1.682402 0.488423
v -1.930216 1.949155 0.146907
v -1.927485 1.949240 0.044876
v -2.001766 1.274425 0.588847
v -1.941919 1.264897 0.609608
v -1.855224 1.271070 0.609671
v -1.751155 1.285640 0.597575
v -1.744669 2.002496 0.005791
v -1.870592 1.969269 0.005791
v -1.820293 1.162032 0.005791
v -1.704854 1.164280 0.005791
v -2.051919 1.205468 0.324190
v -2.047195 1.244574 0.497815
v -2.023616 1.386437 0.557721
v -2.027747 1.621799 0.479381
v -2.091514 1.841677 0.153968
v -2.085134 1.849136 0.045565
v -1.975665 1.926049 0.005791
v -2.052770 1.876393 0.005791
v -2.005292 1.690884 0.456493
v -1.935334 1.727100 0.460543
v -1.962285 1.204387 0.005791
v -1.905494 1.174414 0.005791
v -2.140787 1.407338 0.320180
v -2.112946 1.431329 0.468086
v -2.098182 1.470159 0.499765
v -2.101118 1.581961 0.467696
v -2.178757 1.683949 0.161059
v -2.179891 1.693050 0.049325
v -2.206842 1.525385 0.005791
v -2.111262 1.818936 0.005791
v -2.159776 1.742621 0.005791
v -2.083832 1.614132 0.461952
v -2.050110 1.652044 0.458958
v -2.047253 1.345448 0.539360
v -2.081896 1.418533 0.512745
v -2.087878 1.317998 0.005791
v -2.021615 1.257618 0.005791
v -1.320644 1.357200 0.521093
v -1.323091 1.736920 0.476310
v -1.201138 1.838453 0.480013
v -1.288860 1.819450 0.462106
v -1.196624 1.146562 0.530976
v -1.284480 1.199747 0.510391
v -1.286711 0.999637 0.005791
v -1.195471 0.924759 0.005791
v -1.329986 1.046137 0.316492
v -1.326846 1.132259 0.457609
v -0.807061 2.176200 0.005791
v -0.916416 2.162040 0.005791
v -0.969254 2.156203 0.166946
v -0.969387 2.156445 0.052149
v -1.361297 1.252837 0.496077
v -1.441403 1.277093 0.500545
v -1.363218 1.806278 0.447906
v -1.434750 1.798024 0.439921
v -1.499414 2.042206 0.168083
v -1.499999 2.040893 0.052973
v -1.433956 1.135948 0.005791
v -1.364701 1.077709 0.005791
v -0.460831 0.805407 0.052350
v -0.460899 0.806029 0.165460
v -0.150921 0.819228 0.252389
v -0.121685 0.796976 0.271641
v -0.218066 2.278068 0.052367
v -0.218114 2.274443 0.164529
v -0.482912 2.096063 0.489200
v -0.484541 2.216353 0.321154
v -0.212362 0.913076 0.512145
v -0.210637 0.828339 0.322993
v 0.010233 2.280500 0.052350
v 0.010267 2.274843 0.163713
v 0.287288 0.965374 0.507504
v 0.290986 0.885343 0.322071
v 0.210905 2.288516 0.052362
v 0.210798 2.281679 0.163182
v 0.449556 1.111563 0.462611
v 0.461055 1.001439 0.311940
v 0.389982 2.229728 0.052756
v 0.387367 2.223906 0.162661
v 0.631764 1.222799 0.388971
v 0.639512 1.127849 0.275342
v 0.577260 2.042808 0.053347
v 0.574175 2.039513 0.158155
v 0.764005 1.253990 0.348019
v 0.759079 1.156794 0.257415
v 0.717251 1.897913 0.052395
v 0.716943 1.890633 0.153278
v 0.907335 1.219998 0.335535
v 0.901025 1.098761 0.268882
v 0.856989 1.912955 0.052044
v 0.860821 1.898080 0.156808
v 1.023168 1.213309 0.317111
v 1.053090 1.071783 0.242402
v 1.028086 1.949811 0.051920
v 1.027847 1.935631 0.155900
v 1.117655 1.239751 0.281593
v 1.174145 1.103239 0.200550
v 1.157907 1.896712 0.048965
v 1.142655 1.888377 0.149996
v -0.718123 0.809763 0.052391
v -0.718135 0.810358 0.165627
v 1.174257 1.299725 0.258547
v 1.247523 1.178953 0.183527
v 1.255836 1.804620 0.045304
v 1.237289 1.795227 0.134823
v 1.206571 1.433888 0.256904
v 1.264285 1.390170 0.194319
v 1.322163 1.658143 0.047611
v 1.294530 1.649158 0.140561
v -0.743448 2.041768 0.488806
v -0.747256 2.161572 0.322682
v -0.938416 0.819908 0.052634
v -0.938488 0.820324 0.165916
v -1.160083 1.937952 0.446819
v -1.175915 2.073727 0.317436
v -1.145999 0.893091 0.053880
v -1.147204 0.891803 0.167473
v -1.335794 1.887910 0.424071
v -1.358381 2.019691 0.313954
v -1.469180 1.151801 0.053392
v -1.480354 1.132448 0.154190
v -1.868639 1.163248 0.041971
v -1.877875 1.139613 0.108245
v -1.647050 1.165772 0.048521
v -1.665423 1.145101 0.119679
v -1.674621 1.849169 0.435166
v -1.676372 1.967603 0.315030
v -1.901937 1.804586 0.428458
v -1.921557 1.908135 0.299160
v -1.992296 1.224047 0.044627
v -2.013012 1.207495 0.144349
v -2.045180 1.724489 0.424659
v -2.078337 1.807308 0.305795
v -2.120637 1.336590 0.042160
v -2.139573 1.379275 0.151082
v -2.115546 1.619163 0.437130
v -2.156095 1.661825 0.317487
v -1.327472 1.039307 0.055874
v -1.329191 1.036579 0.169449
v -0.957349 1.990427 0.471768
v -0.965820 2.119364 0.320682
v -1.476179 1.861729 0.416807
v -1.487981 1.986412 0.313884
v -1.442623 1.109762 0.231923
v -1.368178 1.069104 0.238232
v -1.464817 2.032722 0.239280
v -1.403618 2.049165 0.239828
v -0.915609 2.153394 0.239610
v -0.806786 2.169641 0.239179
v -1.197817 0.925707 0.239277
v -1.289196 1.000281 0.238684
v -1.232462 2.097940 0.240946
v -1.326890 2.072423 0.240517
v -1.531153 2.021992 0.238948
v -1.623699 2.011197 0.236867
v -2.058573 1.247484 0.227719
v -2.114311 1.342794 0.228773
v -2.186632 1.550923 0.232015
v -2.165650 1.449739 0.228870
v -1.925898 1.122118 0.137076
v -1.992065 1.155275 0.171777
v -2.115288 1.795975 0.229749
v -2.156624 1.718344 0.233266
v -1.740277 1.120408 0.144103
v -1.843573 1.115486 0.139816
v -1.744304 1.991944 0.230394
v -1.871517 1.958629 0.221290
v -1.978151 1.914689 0.214981
v -2.057991 1.860377 0.221033
v -1.545364 1.119986 0.178254
v -1.637317 1.126223 0.149905
v -1.021194 2.138831 0.240318
v -1.128077 2.120820 0.240888
v -0.991418 0.834019 0.239560
v -1.096413 0.868769 0.239708
v -0.776051 0.815094 0.239515
v -0.885554 0.818550 0.239479
v -0.553608 2.219111 0.238442
v -0.686385 2.191805 0.238961
v 1.288608 1.181012 0.154718
v 1.293463 1.296071 0.157041
v 1.280365 1.543732 0.186511
v 1.285394 1.440018 0.172297
v 1.225801 1.080636 0.164446
v 1.265785 1.116192 0.156541
v 1.236270 1.758527 0.183585
v 1.263942 1.683680 0.185987
v 1.057982 1.914584 0.210232
v 1.106556 1.892516 0.207731
v 1.154179 1.858558 0.201340
v 1.200379 1.812719 0.189207
v 0.935610 1.049036 0.228981
v 1.024913 1.033196 0.221239
v 0.905121 1.897222 0.214803
v 0.988528 1.918912 0.214650
v 1.101925 1.039595 0.204675
v 1.166984 1.056585 0.182102
v 0.777681 1.122027 0.206215
v 0.844219 1.086322 0.220071
v 0.750269 1.865482 0.206852
v 0.824087 1.868765 0.210569
v 0.673065 1.129719 0.209026
v 0.729269 1.139139 0.205239
v 0.610310 1.982858 0.211819
v 0.683384 1.904879 0.207240
v 0.428561 2.175660 0.223965
v 0.523234 2.082200 0.218862
v 0.601190 1.088895 0.217391
v 0.509427 1.023908 0.228151
v 0.320226 0.897777 0.232176
v 0.414094 0.955060 0.235042
v 0.254736 2.264723 0.226691
v 0.339344 2.238186 0.225982
v -0.528604 0.810423 0.239505
v -0.657623 0.813252 0.239527
v 0.112457 0.838291 0.145701
v 0.215620 0.856653 0.177625
v -0.158049 2.266431 0.232757
v -0.044647 2.263828 0.230735
v -0.415869 2.244912 0.237068
v -0.281846 2.261773 0.234970
v -0.255981 0.817986 0.232995
v -0.392469 0.811958 0.238768
v -0.116668 0.821251 0.177339
v 0.001123 0.827471 0.145558
v 0.062489 2.264226 0.228951
v 0.163403 2.268286 0.227566
v 0.022870 0.784518 0.666204
v -0.074634 0.776803 0.623379
v 0.219010 0.802899 0.623343
v 0.129986 0.794016 0.666170
v 0.084993 0.761237 0.214996
v 0.115788 0.670179 0.246069
v -0.132165 0.771385 0.505278
v -0.132014 0.769996 0.342992
v 0.267180 0.806785 0.506031
v 0.256392 0.807636 0.354570
v 0.122592 0.800979 0.211084
v 0.202799 0.808627 0.253064
v -0.074811 0.773961 0.228667
v 0.020572 0.785149 0.197511
v -0.121926 0.808147 0.575642
v -0.153052 0.913759 0.583848
v 0.058542 0.830843 0.161666
v 0.064925 0.814057 0.188532
v 0.247082 0.860486 0.253406
v 0.232048 0.832824 0.283203
v 0.066957 0.826641 0.669686
v 0.054265 0.971563 0.668191
v 0.241863 0.837833 0.575540
v 0.244832 0.947741 0.581217
v 0.108935 0.595136 0.656988
v 0.019636 0.579644 0.619040
v 0.284697 0.622210 0.613062
v 0.205854 0.611100 0.652429
v 0.275455 0.589865 0.348082
v 0.304593 0.493178 0.384843
v -0.032771 0.570508 0.504558
v -0.030020 0.574832 0.354711
v 0.323997 0.626821 0.505853
v 0.296608 0.631267 0.377492
v 0.171878 0.631780 0.276750
v 0.236553 0.638004 0.307152
v 0.017893 0.591206 0.264613
v 0.091220 0.611707 0.254280
v -0.044161 0.634608 0.287854
v -0.094251 0.733687 0.277272
v 0.262102 0.769267 0.574577
v 0.294364 0.677296 0.572069
v 0.255962 0.683379 0.322187
v 0.238100 0.774062 0.303537
v -0.094685 0.733188 0.574527
v -0.046557 0.630206 0.574103
v 0.133386 0.656017 0.664649
v 0.091853 0.750309 0.669395
v 0.218326 0.408872 0.562785
v 0.148637 0.419262 0.542763
v 0.362621 0.407097 0.591057
v 0.303163 0.395218 0.597786
v 0.265917 0.360071 0.510130
v 0.262463 0.391075 0.408600
v 0.127073 0.416974 0.488433
v 0.124100 0.436730 0.384696
v 0.387525 0.413308 0.514529
v 0.355466 0.425366 0.427161
v 0.268918 0.447873 0.374004
v 0.301371 0.440428 0.388816
v 0.137647 0.455127 0.349569
v 0.201250 0.457403 0.359077
v 0.205732 0.503872 0.336702
v 0.150295 0.582324 0.284475
v 0.027887 0.534777 0.311157
v 0.098553 0.469526 0.341101
v 0.102344 0.440973 0.544273
v 0.026503 0.520844 0.567278
v 0.184607 0.551461 0.646284
v 0.237879 0.447749 0.607700
v 0.360748 0.465402 0.562276
v 0.326484 0.572536 0.566175
v 0.418634 0.219953 0.548520
v 0.373063 0.201238 0.547694
v 0.354641 0.198824 0.506059
v 0.367044 0.217649 0.447220
v 0.430260 0.230718 0.508995
v 0.404532 0.237265 0.449127
v 0.380304 0.229415 0.437671
v 0.387743 0.235852 0.437469
v 0.400391 0.355490 0.562499
v 0.428292 0.259798 0.551134
v 0.384211 0.265123 0.434577
v 0.349660 0.367511 0.417654
v 0.305990 0.366037 0.404548
v 0.365678 0.254754 0.433879
v 0.344738 0.225604 0.549004
v 0.304016 0.324555 0.562642
v -1.916679 0.616601 0.380848
v -1.916232 0.616407 0.463106
v -2.138294 0.467616 0.352074
v -2.117944 0.610513 0.320997
v -2.089739 0.292609 0.368257
v -2.078515 0.145810 0.378769
v -1.944209 0.624782 0.521707
v -1.988323 0.636669 0.542039
v -2.147104 0.717363 0.521599
v -2.119789 0.690482 0.542825
v -2.081897 0.666260 0.546180
v -2.036536 0.649501 0.545743
v -2.156634 0.735356 0.384184
v -2.160478 0.734927 0.463865
v -2.114096 0.691209 0.304938
v -2.139518 0.718247 0.326267
v -2.036021 0.649609 0.301205
v -2.079446 0.666623 0.301413
v -1.944731 0.625004 0.323359
v -1.988387 0.636715 0.303941
v -2.068697 0.908739 0.317034
v -2.125929 0.792414 0.338762
v -2.037295 1.032677 0.546487
v -2.023782 1.183681 0.558406
v -1.953508 1.008043 0.623542
v -1.912705 1.166711 0.626062
v -1.781830 0.845458 0.299340
v -1.882885 0.693059 0.331173
v -1.778042 0.844334 0.529456
v -1.881501 0.692492 0.509786
v -1.897613 0.862525 0.594827
v -1.978564 0.713809 0.562965
v -2.070968 0.743967 0.283339
v -2.005834 0.872948 0.246478
v -1.719496 1.094368 0.168345
v -1.805644 0.998502 0.207048
v -2.022261 1.135892 0.258962
v -2.028723 1.023843 0.295136
v -2.134851 0.792105 0.509048
v -2.079343 0.909973 0.529846
v -2.076852 0.743818 0.563997
v -2.013913 0.874872 0.598341
v -1.550530 1.081464 0.245850
v -1.666138 0.982799 0.270967
v -1.553342 1.159903 0.531854
v -1.663909 0.999344 0.541115
v -1.725156 1.186623 0.602633
v -1.805931 1.014100 0.610885
v -1.953061 0.936906 0.613634
v -1.886637 0.936421 0.609450
v -1.818255 0.938833 0.600494
v -1.750331 0.930474 0.573161
v -1.702801 0.911529 0.475282
v -1.705421 0.909673 0.336495
v -1.753820 0.926366 0.252026
v -1.819361 0.934366 0.227718
v -2.041760 0.962353 0.575072
v -2.005690 0.946539 0.607938
v -1.885738 0.931588 0.224825
v -1.947612 0.931167 0.225829
v -2.055771 0.971790 0.360082
v -2.061576 0.973646 0.485666
v -1.995758 0.940923 0.233835
v -2.030336 0.958001 0.268993
v -2.000967 0.096146 0.409066
v -2.000967 0.096146 0.439047
v -2.144760 0.074839 0.404801
v -2.144760 0.074839 0.443312
v -2.066514 0.055148 0.404801
v -2.066513 0.055148 0.443312
v -2.014150 0.097049 0.453253
v -2.049039 0.088147 0.458468
v -2.181088 0.147774 0.453253
v -2.159387 0.118396 0.458468
v -2.128933 0.102377 0.459441
v -2.092537 0.093460 0.459441
v -2.188354 0.154870 0.409066
v -2.188354 0.154870 0.439047
v -2.159387 0.118396 0.389644
v -2.181088 0.147774 0.394860
v -2.092537 0.093460 0.388671
v -2.128934 0.102377 0.388671
v -2.014150 0.097049 0.394860
v -2.049039 0.088147 0.389645
v -2.178927 0.335858 0.390159
v -2.184900 0.201295 0.395603
v -2.175534 0.500101 0.467846
v -2.168172 0.657456 0.486684
v -2.138533 0.467548 0.496017
v -2.120148 0.610034 0.526939
v -2.038001 0.278722 0.457947
v -2.015075 0.145815 0.452510
v -2.028520 0.422361 0.380196
v -1.969284 0.552547 0.359990
v -2.080141 0.441840 0.495910
v -2.041296 0.575655 0.526451
v -2.144675 0.163600 0.378769
v -2.143615 0.310787 0.368256
v -2.041223 0.575698 0.320867
v -2.080138 0.441842 0.352085
v -2.164152 0.658155 0.361375
v -2.174901 0.500278 0.380265
v -2.184900 0.201295 0.452510
v -2.178949 0.335851 0.457954
v -2.144675 0.163600 0.469344
v -2.143621 0.310785 0.479856
v -1.969021 0.552423 0.486547
v -2.028511 0.422356 0.467670
v -2.015075 0.145815 0.395603
v -2.038000 0.278722 0.390158
v -2.078515 0.145810 0.469344
v -2.089739 0.292609 0.479852
v -2.074362 0.364940 0.484636
v -2.049235 0.356233 0.473785
v -2.129744 0.384625 0.486301
v -2.102885 0.374460 0.486285
v -2.152894 0.397679 0.363428
v -2.170427 0.411833 0.374265
v -2.049235 0.356233 0.374267
v -2.074362 0.364940 0.363435
v -2.034533 0.350801 0.444269
v -2.034533 0.350801 0.403771
v -2.102884 0.374460 0.361804
v -2.129721 0.384632 0.361802
v -2.180002 0.420719 0.403792
v -2.180103 0.420687 0.444321
v -2.170611 0.411776 0.473848
v -2.152998 0.397647 0.484682
v 0.277521 1.537085 0.568369
v 0.333975 1.362784 0.563398
v 0.362771 1.563254 0.545325
v 0.311605 1.695438 0.539181
v 0.059173 2.189756 0.363869
v 0.111025 2.113215 0.423358
v 0.161726 2.192208 0.356743
v 0.112846 2.239866 0.294233
v -0.121738 0.821230 0.092410
v -0.059823 0.824252 0.047172
v 0.000007 0.827812 0.084723
v -0.059021 0.824361 0.124739
v -0.267293 1.492203 0.622491
v -0.338550 1.649563 0.617375
v -0.403787 1.487975 0.629223
v -0.331293 1.286362 0.613232
v -0.326396 0.827877 0.324486
v -0.267707 0.862873 0.418363
v -0.328463 0.946610 0.505118
v -0.394392 0.865771 0.417186
v -0.347913 2.236295 0.316126
v -0.415390 2.184956 0.404080
v -0.347587 2.113849 0.476782
v -0.282503 2.197635 0.393582
v -0.160481 2.198217 0.382626
v -0.104092 2.116866 0.447444
v -0.048552 2.192137 0.372689
v -0.101978 2.242169 0.304016
v -0.139933 1.497704 0.619783
v -0.073415 1.299103 0.638517
v -0.024481 1.506258 0.615753
v -0.087576 1.659658 0.595327
v 0.112672 0.838629 0.084743
v 0.166040 0.847484 0.047211
v 0.217578 0.859304 0.092542
v 0.165862 0.846996 0.124818
v -0.529596 0.864587 0.417008
v -0.596916 0.947387 0.502587
v -0.658709 0.866156 0.416985
v -0.594587 0.825652 0.325954
v 0.084030 1.510326 0.605802
v 0.145753 1.312232 0.625578
v 0.185452 1.516420 0.589349
v 0.128103 1.666551 0.571046
v 0.489964 1.682361 0.484694
v 0.452381 1.572516 0.513612
v 0.516644 1.424358 0.491284
v 0.554684 1.566779 0.474294
v 0.251890 2.188863 0.351920
v 0.292282 2.107946 0.407679
v 0.329517 2.165563 0.348879
v 0.294127 2.228229 0.289257
v 0.316097 0.896933 0.101489
v 0.362985 0.924463 0.052324
v 0.411059 0.954104 0.104045
v 0.365134 0.922174 0.163074
v 0.810899 1.521505 0.418414
v 0.839116 1.419684 0.403119
v 0.883271 1.515833 0.427165
v 0.849894 1.583923 0.425923
v 0.555061 1.071097 0.293900
v 0.595268 1.135910 0.349712
v 0.542513 1.171297 0.425729
v 0.504092 1.071860 0.379324
v 0.465283 2.110111 0.282220
v 0.410416 2.110581 0.343620
v 0.454012 2.010966 0.387068
v 0.503709 2.026271 0.331752
v 0.944976 1.511605 0.441389
v 0.969088 1.419980 0.401391
v 0.988295 1.513044 0.433316
v 0.996281 1.583098 0.475664
v 0.598161 1.932215 0.318307
v 0.646451 1.842573 0.354178
v 0.681315 1.855026 0.308540
v 0.643556 1.921675 0.263182
v 0.670961 1.128731 0.099034
v 0.699555 1.137582 0.050500
v 0.726945 1.133845 0.097482
v 0.700252 1.133076 0.150695
v 0.652184 1.551980 0.439620
v 0.699605 1.441415 0.420016
v 0.733853 1.535314 0.419485
v 0.686325 1.618063 0.423977
v 0.760579 1.814253 0.305060
v 0.816106 1.768255 0.355016
v 0.839046 1.813347 0.313273
v 0.791092 1.840307 0.258748
v 0.771251 1.112298 0.098024
v 0.791137 1.092856 0.050428
v 0.819403 1.066270 0.102185
v 0.796714 1.094656 0.155477
v 1.116605 0.983222 0.143858
v 1.159144 0.967631 0.077515
v 1.197142 1.010197 0.125713
v 1.150041 1.020535 0.169457
v 0.913182 1.837111 0.324733
v 0.953154 1.794503 0.385974
v 0.986448 1.856581 0.327095
v 0.948196 1.887284 0.271189
v 0.895567 1.002802 0.112293
v 0.935387 0.965778 0.064319
v 1.007725 0.971229 0.136198
v 0.965065 1.003685 0.178092
v 1.116651 1.807486 0.305288
v 1.111067 1.739188 0.340818
v 1.151246 1.772205 0.290457
v 1.158250 1.820859 0.247787
v 1.023972 1.513312 0.408595
v 1.044453 1.423313 0.378505
v 1.054561 1.507457 0.393231
v 1.037724 1.570529 0.410244
v 1.040502 1.853690 0.322040
v 1.045251 1.783277 0.369775
v 1.078385 1.835060 0.315913
v 1.072720 1.883663 0.264079
v 1.183917 1.725146 0.277099
v 1.173814 1.663389 0.305506
v 1.212424 1.658600 0.267241
v 1.226362 1.713274 0.230206
v 1.261374 1.043724 0.109433
v 1.296366 1.057553 0.058152
v 1.302266 1.083180 0.096803
v 1.268952 1.073746 0.134056
v 1.081694 1.504878 0.376412
v 1.104090 1.434160 0.345120
v 1.105186 1.503687 0.360428
v 1.090771 1.554907 0.377036
v 1.258721 1.507053 0.217233
v 1.229734 1.544866 0.255595
v 1.203594 1.514090 0.278239
v 1.233971 1.466188 0.237356
v 1.325047 1.146677 0.089841
v 1.334023 1.189266 0.048357
v 1.325262 1.260563 0.087800
v 1.315587 1.208839 0.123928
v 1.127334 1.506402 0.344979
v 1.147944 1.464121 0.318645
v 1.157155 1.511869 0.321592
v 1.140291 1.542979 0.340196
v -0.540450 1.475498 0.634419
v -0.609757 1.619477 0.630906
v -0.670857 1.462378 0.634283
v -0.603176 1.274844 0.616400
v -0.553785 2.225127 0.104116
v -0.621283 2.210479 0.052378
v -0.686583 2.197542 0.104162
v -0.621339 2.210153 0.165618
v -0.846471 1.587257 0.618671
v -0.897146 1.439369 0.620940
v -0.840785 1.258846 0.610925
v -0.789401 1.449830 0.629692
v -0.777177 0.866807 0.416831
v -0.834383 0.945649 0.501660
v -0.886630 0.869034 0.416070
v -0.831896 0.829348 0.325768
v -0.992496 0.882644 0.414363
v -1.046106 0.970091 0.493840
v -1.097295 0.915043 0.410899
v -1.044477 0.860865 0.324614
v -1.022515 2.151231 0.104560
v -1.076077 2.143805 0.052418
v -1.130210 2.136267 0.105508
v -1.075915 2.142839 0.167994
v -1.622062 1.525992 0.535427
v -1.581610 1.415333 0.544528
v -1.527456 1.524760 0.511695
v -1.571345 1.607573 0.504534
v -1.000098 1.434846 0.606516
v -1.051396 1.567986 0.586068
v -1.100622 1.438960 0.585838
v -1.049302 1.263321 0.588887
v -1.734691 1.514081 0.552968
v -1.793538 1.584664 0.534050
v -1.846479 1.494638 0.555738
v -1.796363 1.395454 0.581950
v -2.041502 0.890855 0.262295
v -2.057047 0.819465 0.268771
v -2.102457 0.769613 0.294937
v -2.085767 0.842143 0.296955
v -1.978062 1.927745 0.088585
v -2.018104 1.902603 0.043848
v -2.056896 1.876500 0.090520
v -2.022684 1.900869 0.145424
v -1.745700 2.004678 0.097636
v -1.809223 1.988042 0.047229
v -1.872234 1.971040 0.092264
v -1.810911 1.988897 0.153754
v -2.085632 0.916754 0.423403
v -2.107479 0.857557 0.371930
v -2.139864 0.801134 0.423994
v -2.113446 0.857771 0.475699
v -2.115930 1.816182 0.094539
v -2.137822 1.783371 0.047159
v -2.162550 1.737275 0.097766
v -2.141751 1.772438 0.157503
v -1.933690 1.476521 0.550771
v -1.968446 1.542309 0.523433
v -2.000381 1.466241 0.543106
v -1.972333 1.372614 0.577293
v -1.956443 0.863819 0.243479
v -1.967802 0.790529 0.262062
v -2.028771 0.725460 0.281618
v -2.018124 0.800721 0.262906
v -2.190859 1.488536 0.151738
v -2.204244 1.530037 0.093370
v -2.210487 1.468929 0.041984
v -2.174749 1.409168 0.095691
v -2.074323 1.274662 0.414231
v -2.080176 1.349220 0.483838
v -2.114090 1.371036 0.408767
v -2.094513 1.305632 0.320020
v -2.045124 1.474487 0.530457
v -2.062321 1.526059 0.508765
v -2.080215 1.495937 0.512367
v -2.060784 1.434936 0.533937
v -1.575628 2.031696 0.166497
v -1.534583 2.037525 0.105331
v -1.575412 2.030452 0.052345
v -1.625463 2.025553 0.102772
v -1.236295 2.114822 0.106138
v -1.287485 2.100464 0.052993
v -1.332688 2.088810 0.105906
v -1.284857 2.100675 0.169339
v -1.195851 1.452269 0.560371
v -1.240265 1.573127 0.535335
v -1.280819 1.473988 0.533673
v -1.240666 1.316599 0.544532
v -1.198006 0.969016 0.404233
v -1.243716 1.066848 0.470310
v -1.288624 1.039425 0.395693
v -1.245435 0.972192 0.319083
v -0.860258 2.138738 0.321585
v -0.910068 2.080322 0.403196
v -0.854102 2.015167 0.481083
v -0.802904 2.104921 0.407261
v -1.445779 1.933033 0.376268
v -1.404396 1.871876 0.417506
v -1.381500 1.948691 0.377095
v -1.425404 1.999317 0.313236
v -1.435031 1.517178 0.500990
v -1.395547 1.391894 0.507902
v -1.354068 1.499884 0.511302
v -1.391019 1.599245 0.492447
v -1.436979 1.129218 0.105872
v -1.400338 1.109794 0.055533
v -1.365926 1.074890 0.109253
v -1.404046 1.098945 0.166986
v -1.432465 1.132115 0.399894
v -1.402493 1.097493 0.317932
v -1.365957 1.102095 0.394082
v -1.399791 1.179358 0.457798
v -1.470109 2.048461 0.105761
v -1.439983 2.055243 0.168555
v -1.409759 2.064963 0.105715
v -1.440716 2.053892 0.052897
v -0.862662 2.168926 0.052216
v -0.916438 2.163091 0.104220
v -0.862791 2.168729 0.166314
v -0.807169 2.177007 0.104184
v -1.196187 0.923823 0.107152
v -1.244364 0.959216 0.168492
v -1.287444 0.998807 0.108810
v -1.242918 0.960393 0.054935
v -1.217762 2.000565 0.385853
v -1.274154 2.046087 0.315454
v -1.307614 1.971952 0.380526
v -1.254422 1.910877 0.434282
v -1.566417 1.855491 0.424824
v -1.519654 1.923912 0.379526
v -1.568433 1.978002 0.315698
v -1.616040 1.917935 0.385314
v -2.033489 1.250858 0.093424
v -2.077172 1.290089 0.153486
v -2.101259 1.325139 0.092473
v -2.059491 1.289347 0.047336
v -2.128602 1.512331 0.459623
v -2.154118 1.551102 0.399932
v -2.170923 1.512397 0.319601
v -2.146099 1.469502 0.404387
v -1.909981 1.160829 0.074953
v -1.949951 1.156892 0.111791
v -1.970457 1.190073 0.082271
v -1.937083 1.182809 0.041215
v -2.084412 1.743860 0.379690
v -2.123613 1.739887 0.311853
v -2.121377 1.676700 0.386966
v -2.081270 1.673650 0.431995
v -1.711054 1.155157 0.085520
v -1.778516 1.138595 0.115083
v -1.824455 1.151890 0.079688
v -1.765839 1.159558 0.045839
v -1.734372 1.906619 0.386511
v -1.803332 1.945318 0.308301
v -1.857263 1.880535 0.379399
v -1.794015 1.833795 0.436509
v -1.957833 1.842475 0.371985
v -2.011772 1.862577 0.296821
v -2.032654 1.798356 0.372900
v -1.982469 1.767998 0.423783
v -1.510700 1.155284 0.097169
v -1.565899 1.146313 0.129128
v -1.599775 1.160825 0.089432
v -1.546425 1.167404 0.050528
v -1.013905 2.056416 0.398396
v -1.071134 2.098633 0.319420
v -1.117598 2.029854 0.392284
v -1.059416 1.965104 0.459969
v -0.991046 0.830246 0.104801
v -1.043681 0.845583 0.166538
v -1.095331 0.866303 0.105769
v -1.043208 0.845975 0.053100
v -0.775948 0.810393 0.104143
v -0.831517 0.811925 0.165678
v -0.885442 0.814000 0.104303
v -0.831504 0.811345 0.052437
v -0.552467 2.161840 0.410497
v -0.620616 2.189048 0.323184
v -0.684253 2.132994 0.410685
v -0.618174 2.070358 0.493286
v 1.221273 1.265947 0.214542
v 1.264647 1.265698 0.182667
v 1.234411 1.359308 0.217111
v 1.194414 1.359299 0.252493
v 1.324087 1.487123 0.050448
v 1.315115 1.540529 0.096273
v 1.301322 1.494742 0.140037
v 1.316389 1.418513 0.092131
v 1.171136 1.171211 0.227605
v 1.222494 1.131544 0.186193
v 1.202402 1.205140 0.217958
v 1.154898 1.263183 0.264725
v 1.268078 1.772513 0.086869
v 1.270921 1.732624 0.134981
v 1.300390 1.697659 0.089582
v 1.293656 1.742961 0.045046
v 1.063798 1.938899 0.100444
v 1.091234 1.918227 0.152411
v 1.125234 1.911579 0.097917
v 1.097648 1.930808 0.051072
v 1.178541 1.875060 0.094152
v 1.193346 1.846857 0.141815
v 1.226999 1.828416 0.089495
v 1.209243 1.856047 0.047201
v 0.945888 1.140004 0.298577
v 0.985102 1.077781 0.261271
v 1.011122 1.129677 0.285098
v 0.975704 1.214719 0.329541
v 0.901008 1.923857 0.101937
v 0.945498 1.926867 0.157647
v 0.987741 1.944752 0.101776
v 0.943950 1.941805 0.052064
v 1.063645 1.131045 0.266670
v 1.113874 1.082148 0.221039
v 1.118975 1.147322 0.247213
v 1.069798 1.221865 0.301014
v 0.791978 1.187585 0.302023
v 0.816440 1.131968 0.258858
v 0.864025 1.160596 0.300826
v 0.827335 1.234627 0.338176
v 0.747688 1.884949 0.101051
v 0.782429 1.876369 0.154400
v 0.817713 1.893783 0.101436
v 0.779881 1.889021 0.052112
v 0.672427 1.181630 0.325287
v 0.703150 1.157178 0.263150
v 0.734019 1.199154 0.310411
v 0.704392 1.252480 0.363548
v 0.616861 1.993238 0.102778
v 0.651728 1.948088 0.154415
v 0.686148 1.917917 0.101433
v 0.653802 1.951755 0.052892
v 0.485642 2.145698 0.053216
v 0.436661 2.190533 0.104227
v 0.482262 2.141335 0.161283
v 0.531975 2.093881 0.104044
v 0.551440 1.061876 0.052480
v 0.598056 1.090175 0.101332
v 0.555274 1.056642 0.158792
v 0.506034 1.024402 0.103432
v 0.327840 0.941065 0.413868
v 0.368913 0.936778 0.320368
v 0.411487 1.004810 0.402224
v 0.360649 1.047811 0.488720
v 0.255988 2.283360 0.103794
v 0.299197 2.268605 0.163041
v 0.343984 2.255872 0.103956
v 0.300184 2.275385 0.052455
v -0.528499 0.805501 0.104108
v -0.594238 0.807392 0.165623
v -0.657525 0.808443 0.104120
v -0.594226 0.806783 0.052387
v -0.052790 0.821996 0.176087
v 0.006200 0.820084 0.177174
v -0.039850 0.802024 0.197415
v -0.095295 0.813037 0.216639
v -0.157410 2.279281 0.103923
v -0.099582 2.275721 0.164101
v -0.043758 2.278867 0.103857
v -0.099476 2.280434 0.052358
v -0.348034 2.264354 0.052375
v -0.416070 2.252791 0.104056
v -0.347929 2.261900 0.164967
v -0.281756 2.272140 0.103992
v -0.322508 0.810173 0.051928
v -0.253657 0.814074 0.101164
v -0.322686 0.810832 0.163480
v -0.391885 0.807105 0.103756
v -0.185617 0.839709 0.421338
v -0.157310 0.813766 0.337741
v -0.151820 0.798622 0.423680
v -0.157747 0.833899 0.507285
v 0.063032 2.281067 0.103799
v 0.114335 2.279042 0.163389
v 0.163649 2.286391 0.103767
v 0.114214 2.285441 0.052347
v 0.279410 0.771917 0.430051
v 0.293179 0.727913 0.506391
v 0.306107 0.679869 0.433931
v 0.274031 0.729855 0.364672
v -0.015723 0.743799 0.212494
v 0.050943 0.709417 0.221349
v 0.026294 0.650397 0.235808
v -0.039100 0.692340 0.240938
v 0.163349 0.844554 0.177282
v 0.203955 0.845089 0.222185
v 0.162558 0.827606 0.210837
v 0.113401 0.832554 0.180193
v -0.056522 0.957920 0.655036
v -0.096460 0.861723 0.626282
v -0.039763 0.818101 0.652839
v 0.005061 0.876434 0.666636
v 0.159513 0.974107 0.652968
v 0.113388 0.884558 0.666310
v 0.168776 0.834885 0.652736
v 0.206433 0.885504 0.625557
v 0.276417 0.882905 0.420502
v 0.260600 0.868327 0.506838
v 0.265097 0.834030 0.425961
v 0.258520 0.852116 0.340221
v 0.002931 0.517792 0.429298
v 0.052406 0.483059 0.370662
v 0.088204 0.440866 0.431901
v 0.051137 0.471522 0.498358
v 0.218632 0.596942 0.308789
v 0.259559 0.552438 0.343753
v 0.254223 0.506658 0.354422
v 0.205230 0.553524 0.318384
v -0.013970 0.740247 0.652274
v -0.038837 0.688673 0.622965
v 0.031507 0.641417 0.650468
v 0.057419 0.699698 0.665232
v 0.175222 0.774658 0.242092
v 0.218270 0.733403 0.278286
v 0.196524 0.684853 0.273168
v 0.146000 0.727853 0.241518
v -0.124030 0.730620 0.424345
v -0.094544 0.683303 0.345970
v -0.074254 0.626893 0.425956
v -0.095626 0.682384 0.505220
v 0.192109 0.761205 0.651957
v 0.162481 0.712246 0.664135
v 0.228691 0.669182 0.645860
v 0.248769 0.722826 0.621518
v 0.398022 0.361494 0.470144
v 0.422182 0.307649 0.517274
v 0.421536 0.265162 0.473949
v 0.392283 0.308336 0.443617
v 0.161271 0.410573 0.436162
v 0.184866 0.425261 0.390193
v 0.231788 0.388892 0.445465
v 0.193811 0.400419 0.499396
v 0.268854 0.565584 0.629653
v 0.252696 0.506991 0.627720
v 0.312849 0.458804 0.609213
v 0.320711 0.517029 0.600033
v 0.079105 0.557771 0.272158
v 0.139205 0.533681 0.298707
v 0.136963 0.488426 0.320057
v 0.083335 0.508644 0.302134
v 0.332656 0.577221 0.440670
v 0.352826 0.521388 0.507240
v 0.362031 0.472700 0.455424
v 0.320747 0.534266 0.398774
v 0.094413 0.534512 0.635961
v 0.092789 0.480655 0.597817
v 0.157270 0.446322 0.593801
v 0.168320 0.493227 0.628216
v 0.376266 0.196232 0.467752
v 0.390480 0.211543 0.445865
v 0.410851 0.211653 0.469600
v 0.397635 0.196616 0.508945
v 0.296918 0.316941 0.459782
v 0.332109 0.283847 0.437053
v 0.340691 0.228868 0.469011
v 0.318653 0.264180 0.512287
v 0.320932 0.372904 0.401843
v 0.359606 0.306010 0.420771
v 0.375058 0.259694 0.429671
v 0.351128 0.306139 0.418610
v 0.357981 0.343226 0.597748
v 0.349162 0.277441 0.584436
v 0.389720 0.239500 0.579794
v 0.400994 0.296293 0.585020
v -2.164727 0.323963 0.475534
v -2.175834 0.255538 0.465416
v -2.169682 0.181508 0.465947
v -2.156509 0.239714 0.474285
v -2.183989 0.339588 0.424057
v -2.186184 0.263967 0.407145
v -2.190104 0.200498 0.424056
v -2.186184 0.263967 0.440968
v -2.118399 0.300856 0.367860
v -2.101963 0.219363 0.372449
v -2.114583 0.153117 0.378427
v -2.131329 0.227626 0.372449
v -2.053466 0.892482 0.583200
v -2.097833 0.842600 0.550166
v -2.112238 0.769294 0.552476
v -2.066877 0.820042 0.577865
v -1.837115 0.858248 0.252938
v -1.857193 0.775298 0.286829
v -1.926500 0.703880 0.290895
v -1.911838 0.784519 0.264742
v -1.755612 0.835807 0.408711
v -1.816375 0.763508 0.471628
v -1.863623 0.687194 0.418637
v -1.818014 0.764247 0.359244
v -1.835195 0.858419 0.581922
v -1.911325 0.784506 0.576549
v -1.925937 0.703714 0.552435
v -1.855119 0.774515 0.551707
v -1.959169 0.865149 0.599225
v -2.022861 0.801210 0.583196
v -2.030688 0.725417 0.565000
v -1.968729 0.790713 0.582014
v -1.822958 1.174003 0.618806
v -1.892112 1.082213 0.627760
v -1.883284 1.007626 0.620968
v -1.805890 1.090239 0.617460
v -1.634313 1.189830 0.581409
v -1.720301 1.098767 0.601894
v -1.731103 1.016036 0.594912
v -1.640618 1.093561 0.575708
v -1.519232 1.086270 0.398231
v -1.584622 1.053526 0.475777
v -1.636514 0.972214 0.398171
v -1.584423 1.029711 0.319721
v -1.629295 1.095513 0.181924
v -1.639621 1.047715 0.220505
v -1.732053 0.999144 0.217794
v -1.718477 1.055701 0.191400
v -1.979967 1.172729 0.614759
v -2.010137 1.098061 0.592539
v -2.003130 1.019131 0.608009
v -1.961852 1.084903 0.625808
v -1.816533 1.085997 0.165692
v -1.803311 1.048708 0.186979
v -1.880429 0.991720 0.206110
v -1.886104 1.042049 0.186648
v -2.046843 1.161436 0.419419
v -2.036496 1.090745 0.346102
v -2.048066 1.035055 0.422320
v -2.039610 1.102576 0.493638
v -1.968709 1.100150 0.178652
v -1.952720 1.047642 0.193179
v -1.993732 1.005260 0.228455
v -2.002346 1.068635 0.234353
v -2.002569 0.060675 0.424056
v -2.020678 0.057116 0.441946
v -2.039961 0.041855 0.424056
v -2.020679 0.057116 0.406167
v -2.088007 0.046318 0.424056
v -2.109668 0.062482 0.443467
v -2.127652 0.055763 0.424056
v -2.109668 0.062482 0.404646
v -2.160652 0.074139 0.424056
v -2.173574 0.100699 0.441946
v -2.184152 0.114892 0.424056
v -2.173575 0.100699 0.406167
v -2.029598 0.275651 0.424052
v -2.020255 0.204089 0.440968
v -2.004661 0.138958 0.424056
v -2.020255 0.204089 0.407145
v -2.060215 0.284603 0.372580
v -2.037987 0.208039 0.382697
v -2.040123 0.142257 0.382166
v -2.068245 0.212169 0.373828
v -2.164707 0.323969 0.372579
v -2.156509 0.239714 0.373828
v -2.169682 0.181508 0.382166
v -2.175834 0.255538 0.382697
v -2.118400 0.300856 0.480250
v -2.131329 0.227626 0.475664
v -2.114583 0.153117 0.469686
v -2.101963 0.219363 0.475664
v -2.060215 0.284603 0.475527
v -2.068245 0.212169 0.474285
v -2.040123 0.142257 0.465947
v -2.037987 0.208039 0.465416
v -2.000420 0.562731 0.518447
v -2.046352 0.503337 0.507931
v -2.050469 0.430868 0.490312
v -2.015152 0.492027 0.492954
v -2.082931 0.590335 0.527513
v -2.116466 0.531218 0.510486
v -2.110777 0.453407 0.496480
v -2.082183 0.516182 0.510351
v -2.145332 0.636164 0.328978
v -2.144229 0.551477 0.339782
v -2.160322 0.485217 0.357611
v -2.164823 0.573036 0.354818
v -2.000506 0.562784 0.328379
v -2.015210 0.492057 0.354522
v -2.050473 0.430870 0.357609
v -2.046354 0.503347 0.339735
v -1.957113 0.548404 0.423302
v -1.996806 0.485163 0.452001
v -2.020527 0.419173 0.423929
v -1.996857 0.485187 0.395470
v -2.082277 0.590511 0.320220
v -2.082096 0.516214 0.337519
v -2.110733 0.453421 0.351575
v -2.115981 0.531350 0.337521
v -2.173169 0.666169 0.424049
v -2.176694 0.586579 0.395863
v -2.180370 0.505871 0.424056
v -2.177766 0.586343 0.452243
v -2.149494 0.635380 0.519002
v -2.166863 0.572576 0.493265
v -2.160918 0.485050 0.490493
v -2.145598 0.551149 0.508278
v -0.475156 1.636128 0.627537
v 0.010972 1.900303 0.528678
v -0.215761 1.902613 0.558814
v 0.214061 1.911915 0.502116
v 0.378280 1.898094 0.473786
v 0.572291 1.790973 0.423326
v 0.751812 1.691216 0.395257
v 0.897249 1.679384 0.450585
v 0.998381 1.676867 0.450195
v 1.330569 1.618539 0.005791
v 1.058075 1.651341 0.402868
v 1.117829 1.617252 0.358744
v 1.178978 1.583126 0.310228
v -0.734725 1.602737 0.627118
v -0.950237 1.574889 0.605397
v -1.149479 1.567221 0.561860
v -1.674374 1.601677 0.525488
v -1.478558 1.606245 0.488265
v -1.891991 1.563353 0.528634
v -2.026556 1.527783 0.516955
v -2.103066 1.534484 0.485530
v -2.192895 1.641096 0.005791
v -1.318860 1.585283 0.510633
v -2.179700 1.633959 0.235679
v 1.277307 1.607267 0.188813
v 0.300037 1.914797 0.489685
v -0.344362 1.894982 0.575367
v -0.098587 1.902329 0.543245
v 0.116396 1.903951 0.514928
v 0.467974 1.854267 0.450256
v 0.840809 1.676696 0.411519
v 0.993583 1.652955 0.486683
v 0.666381 1.730628 0.402864
v 1.033423 1.661655 0.416483
v 1.089009 1.634812 0.379789
v 1.226194 1.595298 0.261587
v 1.145931 1.597969 0.337975
v -0.614271 1.856469 0.593508
v -0.849245 1.811309 0.576267
v -1.571373 1.727622 0.469798
v -1.051851 1.773464 0.541762
v -1.793421 1.705975 0.494826
v -1.967290 1.653815 0.483059
v -2.192737 1.637820 0.099273
v -2.059273 1.595701 0.481073
v -1.242717 1.744565 0.496553
v -1.394466 1.734029 0.461583
v -2.144947 1.611041 0.393784
v 1.315367 1.615055 0.094131
v 1.299498 1.577407 0.143152
v 1.326252 1.579447 0.049866
v -2.169471 1.590428 0.320063
v -2.126885 1.568648 0.448281
v -1.356100 1.665465 0.484848
v -1.432963 1.669769 0.473099
v -1.282616 1.661086 0.505114
v -1.196707 1.661964 0.529384
v -2.079533 1.556993 0.490363
v -2.045024 1.567350 0.497118
v -2.201780 1.583494 0.048157
v -2.194528 1.589479 0.159114
v -2.000364 1.586686 0.500623
v -1.931933 1.611927 0.505634
v -1.846192 1.635926 0.512260
v -1.735170 1.655754 0.512702
v -1.101131 1.668295 0.554024
v -1.001352 1.678928 0.575994
v -1.523164 1.670090 0.478287
v -1.621794 1.666764 0.497538
v -0.899891 1.693404 0.593042
v -0.793934 1.711059 0.605009
v -0.676216 1.730651 0.612879
v -0.545399 1.750657 0.613837
v 1.158488 1.564868 0.326975
v 1.128777 1.576596 0.350726
v 1.201705 1.565278 0.286946
v 1.254536 1.573880 0.226656
v 1.103254 1.588609 0.369480
v 1.074951 1.601910 0.390166
v 1.048758 1.612590 0.407678
v 1.019057 1.622752 0.423587
v 0.718476 1.657428 0.407829
v 0.632762 1.697357 0.424984
v 0.913937 1.720039 0.500246
v 0.911474 1.650228 0.495278
v 0.879541 1.630777 0.430759
v 0.804883 1.636116 0.411686
v 0.430376 1.788543 0.483482
v 0.531929 1.747084 0.453079
v 0.171724 1.793125 0.536910
v 0.070157 1.785155 0.550420
v -0.037523 1.783681 0.563690
v -0.150967 1.783848 0.577072
v -0.409168 1.768541 0.605248
v -0.275272 1.779879 0.591201
v 0.345567 1.807385 0.506931
v 0.263552 1.804552 0.523059
v 0.919321 1.633986 0.545114
v 0.992708 1.640568 0.530887
v 0.974340 1.765471 0.554586
v 0.941950 1.764330 0.553197
v 0.945138 1.600551 0.536908
v 0.981234 1.603707 0.527781
v 0.962255 1.624776 0.583608
v 0.912724 1.703031 0.554481
v 0.984982 1.708120 0.550516
v 0.988056 1.637789 0.577020
v 0.923945 1.762467 0.612759
v 0.917302 1.682916 0.601608
v 0.956621 1.737765 0.505980
v 0.966754 1.567887 0.481759
v 0.982019 1.721159 0.502222
v 0.927295 1.580385 0.489905
v 0.927330 1.664702 0.633413
v 0.985205 1.673909 0.620938
v 0.980833 1.776351 0.662239
v 0.950205 1.774262 0.662597
v 0.943132 1.644854 0.627281
v 0.976218 1.650569 0.618544
v 0.960350 1.675744 0.645033
v 0.925716 1.725352 0.644782
v 0.983635 1.731467 0.640567
v 0.962847 1.734505 0.661890
v 0.975507 1.706211 0.649082
v 0.941867 1.701327 0.654115
v 0.992815 1.834135 0.645951
v 0.987280 1.691321 0.591552
v 0.986244 1.766515 0.612568
v 0.929073 1.629720 0.591851
v 0.992638 1.886871 0.603287
v 0.973536 1.887539 0.601656
v 0.964211 1.886737 0.620679
v 0.996056 1.890965 0.644408
v 0.976940 1.891682 0.643029
v 0.991287 1.913488 0.624252
v 0.997867 1.885724 0.623211
v 0.979249 1.838509 0.659487
v 0.945065 1.825661 0.591577
v 0.973051 1.829692 0.582641
v 0.949815 1.833237 0.644389
v 0.988706 1.826584 0.593747
v -2.458292 0.871675 0.005791
v -2.161159 1.292973 0.034594
v -2.226689 1.355202 0.033942
v -2.197933 1.327305 0.062744
v -2.216916 1.414230 0.005791
v -2.207424 1.404529 0.060942
v -2.158014 1.344284 0.061494
v -2.137222 1.324629 0.005791
v -2.239861 1.129922 0.035640
v -2.292701 1.179201 0.035555
v -2.267737 1.157155 0.065404
v -2.238303 1.274981 0.055580
v -2.199310 1.238957 0.055978
v -2.182808 1.225806 0.005791
v -2.248737 1.281980 0.005791
v -2.416135 0.904570 0.034708
v -2.436324 0.931653 0.034292
v -2.423677 0.925055 0.055210
v -2.371607 1.045893 0.005791
v -2.361295 1.044153 0.056708
v -2.336559 1.015578 0.057019
v -2.328884 1.000185 0.005791
v -0.461464 0.824537 -0.314266
v -0.463555 0.948477 -0.491164
v -0.469043 1.283359 -0.603522
v -0.479485 1.878294 -0.577652
v -0.159451 2.017257 -0.501130
v -0.047421 2.013148 -0.485767
v 0.057442 0.832383 -0.105527
v 0.057371 0.832293 -0.034572
v 0.023131 1.661125 -0.572252
v 0.039387 1.309892 -0.627038
v -0.219161 2.244697 -0.298353
v -0.220110 2.120576 -0.450115
v -0.206886 1.655657 -0.594265
v -0.195805 1.275025 -0.609161
v -0.397185 1.089667 -0.560450
v -0.260839 1.072624 -0.567667
v -0.281434 2.015121 -0.517965
v -0.413439 2.002248 -0.534444
v -0.007955 1.109421 -0.647227
v -0.123213 1.079137 -0.621379
v -0.484941 2.238428 -0.153757
v -0.485028 2.239747 -0.040800
v -0.185766 0.818360 -0.140390
v -0.186699 0.817822 -0.038568
v 0.007542 2.238109 -0.287170
v 0.004950 2.111883 -0.423067
v 0.268060 0.874382 -0.140483
v 0.267247 0.876154 -0.038742
v 0.224555 1.679042 -0.544396
v 0.244945 1.312731 -0.582236
v 0.209503 2.241132 -0.279485
v 0.208721 2.116071 -0.402875
v 0.205237 1.105423 -0.613018
v 0.102194 1.116624 -0.644131
v 0.060076 2.012254 -0.471743
v 0.162729 2.017210 -0.459383
v 0.460310 0.986385 -0.151541
v 0.457065 0.990142 -0.041235
v 0.394871 1.699094 -0.505147
v 0.421488 1.400705 -0.520804
v 0.374729 2.186771 -0.276051
v 0.367405 2.075186 -0.388820
v 0.305633 1.138608 -0.547969
v 0.392432 1.207502 -0.517104
v 0.333338 2.007343 -0.438642
v 0.254573 2.020094 -0.448976
v 0.483570 1.256217 -0.480094
v 0.579130 1.298465 -0.436234
v 0.412879 1.967076 -0.423504
v 0.509146 1.899209 -0.401507
v 0.639796 1.110877 -0.142162
v 0.636799 1.116873 -0.039978
v 0.595703 1.650746 -0.438398
v 0.616121 1.438798 -0.437886
v 0.558954 2.013102 -0.260596
v 0.552818 1.925361 -0.356998
v 0.752250 1.125465 -0.138612
v 0.751288 1.128147 -0.038309
v 0.768617 1.595039 -0.403461
v 0.770090 1.432777 -0.393934
v 0.716682 1.860144 -0.246616
v 0.729652 1.787250 -0.334765
v 0.610065 1.821390 -0.380603
v 0.698447 1.759106 -0.366754
v 0.735437 1.337048 -0.377910
v 0.666351 1.328502 -0.400157
v 0.871034 1.045970 -0.157724
v 0.846829 1.032045 -0.040982
v 0.906773 1.590704 -0.441297
v 0.912832 1.418698 -0.393942
v 0.868860 1.858366 -0.255091
v 0.886826 1.776850 -0.363845
v 0.796117 1.324777 -0.364867
v 0.869367 1.312726 -0.360161
v 0.866469 1.722060 -0.394201
v 0.787735 1.727457 -0.370637
v 1.071674 1.004320 -0.175024
v 1.054865 0.946821 -0.070983
v 1.007237 1.589411 -0.427796
v 1.008636 1.424004 -0.381213
v 1.024076 1.897753 -0.257359
v 1.005887 1.795549 -0.370574
v 0.943141 1.312667 -0.358202
v 0.993301 1.315256 -0.351761
v 0.975838 1.746701 -0.434517
v 0.928259 1.743961 -0.431438
v 1.216101 1.043650 -0.137176
v 1.248597 1.016508 -0.055593
v 1.063816 1.563572 -0.384209
v 1.077042 1.427361 -0.350201
v 1.115038 1.858547 -0.248609
v 1.077452 1.765154 -0.348021
v 1.073945 1.327859 -0.323896
v 1.033273 1.318988 -0.340470
v 1.049106 1.709716 -0.388071
v 1.016820 1.722003 -0.402919
v -0.718519 0.828180 -0.314349
v -0.721071 0.947000 -0.490852
v 1.301238 1.121834 -0.114917
v 1.322714 1.106415 -0.039666
v 1.114398 1.547855 -0.348487
v 1.124156 1.445739 -0.321823
v 1.194849 1.775412 -0.224705
v 1.142649 1.707593 -0.311204
v 1.077515 1.693013 -0.370504
v 1.110127 1.670604 -0.347206
v 1.134063 1.361443 -0.293039
v 1.110076 1.341993 -0.305300
v 1.307832 1.350258 -0.115942
v 1.325682 1.330402 -0.036331
v 1.177123 1.540747 -0.296685
v 1.181227 1.479303 -0.280736
v 1.247965 1.634635 -0.217863
v 1.197224 1.610791 -0.280382
v 1.139996 1.644418 -0.327083
v 1.169318 1.612198 -0.306403
v 1.176746 1.432902 -0.273556
v 1.153700 1.392380 -0.284382
v -0.727858 1.266693 -0.603426
v -0.739138 1.833218 -0.575785
v -0.748783 2.185815 -0.154341
v -0.748609 2.185713 -0.040737
v -0.890760 1.076138 -0.556104
v -0.781735 1.078467 -0.559182
v -0.533513 1.086289 -0.560350
v -0.663139 1.082593 -0.560283
v -0.549475 1.980912 -0.544416
v -0.680627 1.955232 -0.543040
v -0.938928 0.837044 -0.313723
v -0.941158 0.950387 -0.487591
v -1.098673 1.106619 -0.537129
v -0.995705 1.083588 -0.549258
v -1.183342 2.124381 -0.157526
v -1.184112 2.125726 -0.041399
v -0.946327 1.255769 -0.591234
v -0.951510 1.791367 -0.549821
v -1.148830 1.283748 -0.557299
v -1.150374 1.757415 -0.507767
v -1.148338 0.905804 -0.311182
v -1.148512 1.009103 -0.472659
v -1.520507 1.791997 -0.432099
v -1.622365 1.786530 -0.446674
v -1.372648 2.075461 -0.157386
v -1.374460 2.074325 -0.041217
v -1.476985 1.105337 -0.303633
v -1.478283 1.169871 -0.458274
v -1.945700 0.992023 -0.197678
v -1.902666 1.084648 -0.152525
v -0.797813 1.929509 -0.534000
v -0.902774 1.905756 -0.521985
v -1.104109 1.860586 -0.487833
v -1.003840 1.883156 -0.506475
v -1.897827 0.861773 -0.232225
v -1.978421 0.713824 -0.270511
v -1.681933 1.411923 -0.556485
v -1.678107 1.720942 -0.476194
v -1.683079 2.016384 -0.149944
v -1.682332 2.015084 -0.038561
v -1.735740 1.776754 -0.458316
v -1.847317 1.756381 -0.456174
v -1.486890 1.402239 -0.505229
v -1.475757 1.731401 -0.445868
v -1.553233 1.285920 -0.536508
v -1.647804 1.296346 -0.566226
v -1.895005 1.379810 -0.572435
v -1.892459 1.682402 -0.476841
v -1.930216 1.949155 -0.135324
v -1.927485 1.949240 -0.033293
v -2.001766 1.274425 -0.577264
v -1.941919 1.264897 -0.598025
v -1.855224 1.271070 -0.598089
v -1.751155 1.285640 -0.585993
v -2.051919 1.205468 -0.312608
v -2.047195 1.244574 -0.486232
v -2.023616 1.386437 -0.546138
v -2.027747 1.621799 -0.467798
v -2.091514 1.841678 -0.142386
v -2.085134 1.849136 -0.033982
v -2.005292 1.690884 -0.444910
v -1.935334 1.727100 -0.448960
v -2.140787 1.407338 -0.308597
v -2.112946 1.431329 -0.456503
v -2.098182 1.470159 -0.488182
v -2.101118 1.581961 -0.456113
v -2.178757 1.683949 -0.149476
v -2.179891 1.693050 -0.037742
v -2.083832 1.614132 -0.450369
v -2.050110 1.652044 -0.447375
v -2.047253 1.345448 -0.527777
v -2.081896 1.418533 -0.501162
v -1.320644 1.357200 -0.509510
v -1.323091 1.736920 -0.464727
v -1.201138 1.838453 -0.468430
v -1.288860 1.819450 -0.450523
v -1.196624 1.146562 -0.519393
v -1.284480 1.199747 -0.498808
v -1.329986 1.046137 -0.304909
v -1.326846 1.132258 -0.446026
v -0.969254 2.156203 -0.155364
v -0.969387 2.156445 -0.040567
v -1.361297 1.252836 -0.484494
v -1.441403 1.277093 -0.488962
v -1.363218 1.806277 -0.436323
v -1.434750 1.798024 -0.428338
v -1.499414 2.042206 -0.156500
v -1.499999 2.040894 -0.041390
v -0.460831 0.805407 -0.040767
v -0.460899 0.806029 -0.153877
v -0.150921 0.819228 -0.240806
v -0.121685 0.796976 -0.260058
v -0.218066 2.278068 -0.040784
v -0.218114 2.274443 -0.152946
v -0.482912 2.096063 -0.477617
v -0.484541 2.216353 -0.309571
v -0.212362 0.913075 -0.500563
v -0.210637 0.828339 -0.311410
v 0.010233 2.280500 -0.040768
v 0.010267 2.274843 -0.152130
v 0.287288 0.965374 -0.495921
v 0.290986 0.885343 -0.310488
v 0.210905 2.288516 -0.040779
v 0.210798 2.281679 -0.151599
v 0.449556 1.111563 -0.451028
v 0.461055 1.001439 -0.300357
v 0.389982 2.229729 -0.041173
v 0.387367 2.223907 -0.151078
v 0.631764 1.222799 -0.377389
v 0.639512 1.127849 -0.263759
v 0.577260 2.042808 -0.041765
v 0.574175 2.039513 -0.146572
v 0.764005 1.253990 -0.336436
v 0.759079 1.156794 -0.245832
v 0.717251 1.897913 -0.040812
v 0.716943 1.890633 -0.141695
v 0.907334 1.219998 -0.323953
v 0.901025 1.098761 -0.257299
v 0.856989 1.912955 -0.040461
v 0.860821 1.898080 -0.145225
v 1.023168 1.213309 -0.305528
v 1.053090 1.071783 -0.230819
v 1.028086 1.949811 -0.040338
v 1.027846 1.935631 -0.144317
v 1.117655 1.239751 -0.270010
v 1.174145 1.103238 -0.188968
v 1.157907 1.896712 -0.037383
v 1.142655 1.888377 -0.138413
v -0.718123 0.809763 -0.040808
v -0.718135 0.810357 -0.154045
v 1.174257 1.299726 -0.246964
v 1.247523 1.178953 -0.171944
v 1.255836 1.804619 -0.033721
v 1.237289 1.795227 -0.123240
v 1.206571 1.433888 -0.245321
v 1.264285 1.390170 -0.182736
v 1.322163 1.658143 -0.036029
v 1.294530 1.649158 -0.128978
v -0.743448 2.041768 -0.477223
v -0.747256 2.161572 -0.311099
v -0.938416 0.819908 -0.041052
v -0.938488 0.820324 -0.154334
v -1.160083 1.937952 -0.435236
v -1.175914 2.073727 -0.305853
v -1.145999 0.893091 -0.042297
v -1.147204 0.891803 -0.155891
v -1.335793 1.887910 -0.412488
v -1.358380 2.019691 -0.302371
v -1.469180 1.151801 -0.041810
v -1.480354 1.132448 -0.142608
v -1.868639 1.163248 -0.030388
v -1.877875 1.139613 -0.096662
v -1.647050 1.165772 -0.036938
v -1.665423 1.145101 -0.108096
v -1.674621 1.849169 -0.423583
v -1.676372 1.967603 -0.303447
v -1.901937 1.804586 -0.416875
v -1.921557 1.908135 -0.287577
v -1.992295 1.224047 -0.033044
v -2.013012 1.207495 -0.132766
v -2.045179 1.724489 -0.413076
v -2.078337 1.807308 -0.294213
v -2.120637 1.336590 -0.030577
v -2.139573 1.379275 -0.139499
v -2.115546 1.619163 -0.425547
v -2.156095 1.661825 -0.305904
v -1.327472 1.039307 -0.044291
v -1.329191 1.036579 -0.157867
v -0.957349 1.990427 -0.460185
v -0.965820 2.119364 -0.309100
v -1.476179 1.861729 -0.405224
v -1.487981 1.986412 -0.302301
v -1.442623 1.109762 -0.220340
v -1.368178 1.069104 -0.226649
v -1.464817 2.032722 -0.227697
v -1.403618 2.049165 -0.228245
v -0.915609 2.153394 -0.228027
v -0.806786 2.169641 -0.227596
v -1.197817 0.925707 -0.227694
v -1.289196 1.000281 -0.227102
v -1.232462 2.097939 -0.229363
v -1.326890 2.072423 -0.228934
v -1.531153 2.021992 -0.227365
v -1.623699 2.011198 -0.225284
v -2.058573 1.247484 -0.216136
v -2.114311 1.342794 -0.217190
v -2.186632 1.550923 -0.220432
v -2.165650 1.449739 -0.217288
v -1.925898 1.122118 -0.125494
v -1.992065 1.155275 -0.160195
v -2.115288 1.795975 -0.218166
v -2.156624 1.718344 -0.221683
v -1.740276 1.120408 -0.132520
v -1.843573 1.115485 -0.128233
v -1.744304 1.991944 -0.218812
v -1.871517 1.958629 -0.209707
v -1.978151 1.914688 -0.203398
v -2.057991 1.860377 -0.209450
v -1.545364 1.119986 -0.166671
v -1.637317 1.126223 -0.138322
v -1.021194 2.138831 -0.228736
v -1.128077 2.120820 -0.229305
v -0.991418 0.834019 -0.227977
v -1.096413 0.868769 -0.228125
v -0.776051 0.815094 -0.227933
v -0.885554 0.818550 -0.227896
v -0.553608 2.219111 -0.226859
v -0.686385 2.191805 -0.227378
v 1.288608 1.181012 -0.143135
v 1.293463 1.296070 -0.145458
v 1.280365 1.543732 -0.174928
v 1.285394 1.440018 -0.160714
v 1.225801 1.080636 -0.152863
v 1.265785 1.116192 -0.144958
v 1.236270 1.758527 -0.172002
v 1.263942 1.683680 -0.174404
v 1.057981 1.914584 -0.198650
v 1.106556 1.892516 -0.196148
v 1.154179 1.858558 -0.189757
v 1.200379 1.812719 -0.177624
v 0.935610 1.049036 -0.217398
v 1.024913 1.033196 -0.209657
v 0.905121 1.897222 -0.203220
v 0.988528 1.918912 -0.203067
v 1.101925 1.039595 -0.193092
v 1.166984 1.056585 -0.170519
v 0.777681 1.122027 -0.194632
v 0.844219 1.086322 -0.208488
v 0.750269 1.865483 -0.195269
v 0.824087 1.868765 -0.198986
v 0.673065 1.129719 -0.197443
v 0.729269 1.139139 -0.193656
v 0.610310 1.982858 -0.200236
v 0.683384 1.904879 -0.195658
v 0.428561 2.175660 -0.212382
v 0.523234 2.082201 -0.207279
v 0.601190 1.088895 -0.205808
v 0.509427 1.023908 -0.216568
v 0.320226 0.897777 -0.220593
v 0.414094 0.955060 -0.223459
v 0.254736 2.264723 -0.215108
v 0.339344 2.238186 -0.214399
v -0.528604 0.810423 -0.227922
v -0.657623 0.813252 -0.227944
v 0.112457 0.838291 -0.134118
v 0.215620 0.856653 -0.166042
v -0.158049 2.266431 -0.221174
v -0.044647 2.263828 -0.219152
v -0.415869 2.244912 -0.225485
v -0.281846 2.261773 -0.223387
v -0.255981 0.817986 -0.221412
v -0.392469 0.811958 -0.227185
v -0.116668 0.821251 -0.165756
v 0.001123 0.827471 -0.133976
v 0.062489 2.264226 -0.217369
v 0.163403 2.268286 -0.215983
v 0.022870 0.784518 -0.654622
v -0.074634 0.776803 -0.611796
v 0.219010 0.802899 -0.611761
v 0.129986 0.794016 -0.654587
v 0.084993 0.761237 -0.203413
v 0.115788 0.670179 -0.234486
v -0.132165 0.771385 -0.493696
v -0.132014 0.769996 -0.331410
v 0.267180 0.806785 -0.494448
v 0.256392 0.807636 -0.342987
v 0.122592 0.800979 -0.199501
v 0.202799 0.808627 -0.241482
v -0.074811 0.773962 -0.217085
v 0.020572 0.785149 -0.185928
v -0.121926 0.808147 -0.564059
v -0.153052 0.913759 -0.572266
v 0.058542 0.830842 -0.150083
v 0.064925 0.814057 -0.176949
v 0.247082 0.860486 -0.241823
v 0.232048 0.832824 -0.271620
v 0.066957 0.826641 -0.658103
v 0.054265 0.971563 -0.656608
v 0.241863 0.837833 -0.563958
v 0.244832 0.947741 -0.569634
v 0.108935 0.595136 -0.645405
v 0.019636 0.579644 -0.607457
v 0.284697 0.622210 -0.601479
v 0.205854 0.611100 -0.640846
v 0.275455 0.589865 -0.336499
v 0.304593 0.493178 -0.373260
v -0.032771 0.570508 -0.492975
v -0.030020 0.574831 -0.343128
v 0.323997 0.626821 -0.494270
v 0.296608 0.631267 -0.365910
v 0.171878 0.631780 -0.265168
v 0.236553 0.638004 -0.295569
v 0.017893 0.591206 -0.253031
v 0.091220 0.611707 -0.242697
v -0.044161 0.634608 -0.276271
v -0.094251 0.733687 -0.265689
v 0.262102 0.769268 -0.562994
v 0.294364 0.677296 -0.560486
v 0.255962 0.683379 -0.310604
v 0.238100 0.774062 -0.291954
v -0.094685 0.733188 -0.562945
v -0.046557 0.630206 -0.562520
v 0.133386 0.656017 -0.653066
v 0.091853 0.750309 -0.657812
v 0.218326 0.408872 -0.551202
v 0.148637 0.419262 -0.531180
v 0.362621 0.407097 -0.579474
v 0.303163 0.395218 -0.586204
v 0.265917 0.360071 -0.498548
v 0.262463 0.391075 -0.397018
v 0.127073 0.416974 -0.476851
v 0.124100 0.436730 -0.373113
v 0.387525 0.413308 -0.502946
v 0.355466 0.425366 -0.415578
v 0.268918 0.447873 -0.362421
v 0.301371 0.440428 -0.377233
v 0.137647 0.455127 -0.337986
v 0.201250 0.457403 -0.347494
v 0.205732 0.503872 -0.325119
v 0.150295 0.582324 -0.272893
v 0.027887 0.534777 -0.299574
v 0.098553 0.469526 -0.329518
v 0.102344 0.440973 -0.532691
v 0.026503 0.520844 -0.555695
v 0.184607 0.551461 -0.634701
v 0.237879 0.447749 -0.596117
v 0.360748 0.465402 -0.550694
v 0.326484 0.572536 -0.554593
v 0.418634 0.219953 -0.536938
v 0.373063 0.201238 -0.536112
v 0.354641 0.198824 -0.494477
v 0.367044 0.217649 -0.435637
v 0.430260 0.230718 -0.497412
v 0.404532 0.237265 -0.437544
v 0.380304 0.229415 -0.426089
v 0.387743 0.235852 -0.425886
v 0.400391 0.355490 -0.550916
v 0.428292 0.259798 -0.539552
v 0.384211 0.265123 -0.422994
v 0.349660 0.367511 -0.406071
v 0.305990 0.366037 -0.392966
v 0.365678 0.254754 -0.422296
v 0.344738 0.225604 -0.537421
v 0.304016 0.324555 -0.551060
v -1.916679 0.616601 -0.369265
v -1.916232 0.616407 -0.451523
v -2.138294 0.467616 -0.340491
v -2.117943 0.610513 -0.309415
v -2.089739 0.292609 -0.356674
v -2.078515 0.145810 -0.367186
v -1.944209 0.624782 -0.510124
v -1.988323 0.636669 -0.530456
v -2.147104 0.717363 -0.510016
v -2.119789 0.690482 -0.531242
v -2.081897 0.666260 -0.534598
v -2.036536 0.649501 -0.534160
v -2.156634 0.735356 -0.372601
v -2.160478 0.734927 -0.452282
v -2.114097 0.691209 -0.293355
v -2.139518 0.718247 -0.314685
v -2.036021 0.649609 -0.289622
v -2.079446 0.666623 -0.289830
v -1.944732 0.625004 -0.311776
v -1.988387 0.636715 -0.292358
v -2.068697 0.908740 -0.305451
v -2.125930 0.792414 -0.327179
v -2.037295 1.032677 -0.534904
v -2.023782 1.183681 -0.546824
v -1.953508 1.008043 -0.611959
v -1.912705 1.166711 -0.614479
v -1.781830 0.845458 -0.287757
v -1.882885 0.693059 -0.319590
v -1.778042 0.844334 -0.517874
v -1.881501 0.692492 -0.498204
v -1.897613 0.862525 -0.583244
v -1.978564 0.713809 -0.551383
v -2.070968 0.743967 -0.271757
v -2.005834 0.872948 -0.234896
v -1.719496 1.094368 -0.156763
v -1.805643 0.998502 -0.195465
v -2.022261 1.135892 -0.247379
v -2.028723 1.023843 -0.283553
v -2.134851 0.792105 -0.497465
v -2.079343 0.909973 -0.518263
v -2.076852 0.743818 -0.552414
v -2.013913 0.874872 -0.586758
v -1.550530 1.081464 -0.234267
v -1.666138 0.982799 -0.259385
v -1.553342 1.159903 -0.520271
v -1.663909 0.999344 -0.529533
v -1.725156 1.186623 -0.591050
v -1.805931 1.014100 -0.599303
v -1.953061 0.936906 -0.602051
v -1.886637 0.936421 -0.597868
v -1.818255 0.938833 -0.588912
v -1.750331 0.930474 -0.561579
v -1.702801 0.911529 -0.463699
v -1.705421 0.909673 -0.324912
v -1.753820 0.926366 -0.240443
v -1.819361 0.934366 -0.216136
v -2.041760 0.962353 -0.563489
v -2.005690 0.946540 -0.596355
v -1.885738 0.931588 -0.213242
v -1.947612 0.931167 -0.214247
v -2.055771 0.971790 -0.348499
v -2.061576 0.973646 -0.474083
v -1.995758 0.940923 -0.222252
v -2.030336 0.958001 -0.257410
v -2.000967 0.096146 -0.397483
v -2.000967 0.096146 -0.427465
v -2.144760 0.074839 -0.393218
v -2.144760 0.074839 -0.431730
v -2.066514 0.055148 -0.393218
v -2.066513 0.055148 -0.431730
v -2.014150 0.097049 -0.441670
v -2.049039 0.088147 -0.446886
v -2.181088 0.147774 -0.441670
v -2.159387 0.118396 -0.446886
v -2.128934 0.102377 -0.447859
v -2.092537 0.093460 -0.447859
v -2.188354 0.154870 -0.397483
v -2.188354 0.154870 -0.427465
v -2.159387 0.118396 -0.378062
v -2.181088 0.147774 -0.383277
v -2.092537 0.093460 -0.377089
v -2.128934 0.102377 -0.377089
v -2.014150 0.097049 -0.383277
v -2.049039 0.088147 -0.378062
v -2.178927 0.335858 -0.378576
v -2.184900 0.201295 -0.384021
v -2.175534 0.500101 -0.456263
v -2.168172 0.657456 -0.475101
v -2.138533 0.467548 -0.484434
v -2.120148 0.610034 -0.515357
v -2.038000 0.278722 -0.446364
v -2.015075 0.145815 -0.440927
v -2.028520 0.422361 -0.368613
v -1.969284 0.552547 -0.348407
v -2.080141 0.441840 -0.484327
v -2.041296 0.575655 -0.514868
v -2.144675 0.163600 -0.367186
v -2.143615 0.310787 -0.356674
v -2.041223 0.575698 -0.309284
v -2.080138 0.441842 -0.340502
v -2.164152 0.658155 -0.349792
v -2.174901 0.500278 -0.368682
v -2.184900 0.201295 -0.440927
v -2.178949 0.335851 -0.446371
v -2.144675 0.163600 -0.457761
v -2.143622 0.310785 -0.468273
v -1.969021 0.552423 -0.474964
v -2.028511 0.422356 -0.456087
v -2.015074 0.145815 -0.384021
v -2.038001 0.278722 -0.378575
v -2.078515 0.145810 -0.457761
v -2.089739 0.292609 -0.468269
v -2.074362 0.364940 -0.473053
v -2.049235 0.356233 -0.462202
v -2.129744 0.384625 -0.474719
v -2.102885 0.374460 -0.474703
v -2.152894 0.397679 -0.351846
v -2.170427 0.411833 -0.362682
v -2.049235 0.356233 -0.362684
v -2.074362 0.364940 -0.351853
v -2.034533 0.350801 -0.432686
v -2.034533 0.350801 -0.392188
v -2.102884 0.374460 -0.350222
v -2.129721 0.384632 -0.350219
v -2.180002 0.420719 -0.392209
v -2.180103 0.420687 -0.432738
v -2.170611 0.411776 -0.462265
v -2.152998 0.397647 -0.473099
v 0.277521 1.537085 -0.556786
v 0.333975 1.362784 -0.551816
v 0.362771 1.563254 -0.533743
v 0.311605 1.695438 -0.527598
v 0.059173 2.189756 -0.352286
v 0.111025 2.113215 -0.411775
v 0.161726 2.192208 -0.345160
v 0.112846 2.239866 -0.282650
v -0.121738 0.821230 -0.080827
v -0.059823 0.824252 -0.035589
v 0.000007 0.827812 -0.073140
v -0.059021 0.824361 -0.113156
v -0.267293 1.492203 -0.610908
v -0.338550 1.649563 -0.605792
v -0.403787 1.487975 -0.617640
v -0.331293 1.286362 -0.601649
v -0.326396 0.827877 -0.312903
v -0.267707 0.862873 -0.406780
v -0.328463 0.946610 -0.493535
v -0.394392 0.865771 -0.405604
v -0.347913 2.236294 -0.304543
v -0.415390 2.184956 -0.392498
v -0.347587 2.113849 -0.465199
v -0.282503 2.197635 -0.381999
v -0.160481 2.198218 -0.371043
v -0.104092 2.116866 -0.435861
v -0.048552 2.192137 -0.361106
v -0.101978 2.242169 -0.292433
v -0.139933 1.497704 -0.608201
v -0.073415 1.299103 -0.626934
v -0.024481 1.506259 -0.604170
v -0.087576 1.659658 -0.583744
v 0.112672 0.838629 -0.073160
v 0.166040 0.847485 -0.035628
v 0.217578 0.859304 -0.080959
v 0.165862 0.846996 -0.113235
v -0.529596 0.864587 -0.405425
v -0.596916 0.947387 -0.491004
v -0.658709 0.866156 -0.405403
v -0.594587 0.825652 -0.314372
v 0.084030 1.510326 -0.594220
v 0.145753 1.312232 -0.613995
v 0.185452 1.516420 -0.577767
v 0.128103 1.666551 -0.559463
v 0.489964 1.682361 -0.473111
v 0.452381 1.572516 -0.502029
v 0.516644 1.424358 -0.479701
v 0.554684 1.566779 -0.462711
v 0.251890 2.188863 -0.340337
v 0.292282 2.107946 -0.396096
v 0.329517 2.165563 -0.337296
v 0.294127 2.228229 -0.277674
v 0.316097 0.896933 -0.089906
v 0.362985 0.924463 -0.040741
v 0.411059 0.954104 -0.092462
v 0.365134 0.922174 -0.151492
v 0.810899 1.521505 -0.406831
v 0.839116 1.419684 -0.391537
v 0.883271 1.515833 -0.415583
v 0.849894 1.583923 -0.414340
v 0.555061 1.071097 -0.282317
v 0.595268 1.135910 -0.338129
v 0.542513 1.171298 -0.414146
v 0.504092 1.071860 -0.367741
v 0.465283 2.110111 -0.270638
v 0.410416 2.110581 -0.332037
v 0.454012 2.010966 -0.375485
v 0.503709 2.026271 -0.320170
v 0.944975 1.511605 -0.429806
v 0.969088 1.419980 -0.389808
v 0.988295 1.513044 -0.421733
v 0.996281 1.583098 -0.464081
v 0.598161 1.932215 -0.306725
v 0.646450 1.842573 -0.342595
v 0.681315 1.855026 -0.296957
v 0.643556 1.921675 -0.251600
v 0.670961 1.128731 -0.087451
v 0.699555 1.137582 -0.038917
v 0.726945 1.133845 -0.085899
v 0.700252 1.133076 -0.139112
v 0.652184 1.551980 -0.428038
v 0.699605 1.441415 -0.408433
v 0.733853 1.535314 -0.407902
v 0.686325 1.618063 -0.412394
v 0.760579 1.814253 -0.293477
v 0.816106 1.768255 -0.343433
v 0.839046 1.813347 -0.301690
v 0.791092 1.840306 -0.247165
v 0.771250 1.112298 -0.086441
v 0.791137 1.092856 -0.038845
v 0.819403 1.066270 -0.090602
v 0.796714 1.094656 -0.143894
v 1.116605 0.983222 -0.132276
v 1.159144 0.967631 -0.065932
v 1.197142 1.010197 -0.114130
v 1.150041 1.020535 -0.157875
v 0.913182 1.837111 -0.313150
v 0.953154 1.794503 -0.374391
v 0.986448 1.856581 -0.315512
v 0.948196 1.887284 -0.259607
v 0.895567 1.002802 -0.100711
v 0.935387 0.965778 -0.052736
v 1.007725 0.971229 -0.124615
v 0.965065 1.003685 -0.166509
v 1.116652 1.807487 -0.293705
v 1.111067 1.739188 -0.329236
v 1.151246 1.772205 -0.278874
v 1.158250 1.820859 -0.236204
v 1.023972 1.513312 -0.397012
v 1.044454 1.423313 -0.366922
v 1.054561 1.507457 -0.381648
v 1.037724 1.570529 -0.398661
v 1.040502 1.853690 -0.310457
v 1.045251 1.783277 -0.358192
v 1.078385 1.835060 -0.304330
v 1.072719 1.883663 -0.252496
v 1.183917 1.725146 -0.265517
v 1.173814 1.663389 -0.293923
v 1.212424 1.658600 -0.255659
v 1.226362 1.713274 -0.218623
v 1.261374 1.043724 -0.097850
v 1.296366 1.057553 -0.046569
v 1.302266 1.083180 -0.085220
v 1.268952 1.073746 -0.122473
v 1.081694 1.504878 -0.364829
v 1.104090 1.434160 -0.333537
v 1.105186 1.503687 -0.348845
v 1.090771 1.554907 -0.365454
v 1.258721 1.507053 -0.205651
v 1.229734 1.544866 -0.244012
v 1.203595 1.514090 -0.266656
v 1.233971 1.466188 -0.225773
v 1.325047 1.146677 -0.078258
v 1.334023 1.189266 -0.036774
v 1.325262 1.260562 -0.076217
v 1.315587 1.208840 -0.112345
v 1.127334 1.506402 -0.333396
v 1.147944 1.464121 -0.307062
v 1.157155 1.511869 -0.310010
v 1.140291 1.542979 -0.328613
v -0.540450 1.475498 -0.622836
v -0.609757 1.619477 -0.619324
v -0.670857 1.462378 -0.622700
v -0.603176 1.274843 -0.604817
v -0.553785 2.225127 -0.092533
v -0.621283 2.210479 -0.040796
v -0.686583 2.197542 -0.092579
v -0.621339 2.210153 -0.154036
v -0.846471 1.587257 -0.607088
v -0.897146 1.439369 -0.609357
v -0.840785 1.258846 -0.599343
v -0.789401 1.449830 -0.618109
v -0.777177 0.866807 -0.405248
v -0.834383 0.945649 -0.490078
v -0.886630 0.869034 -0.404487
v -0.831896 0.829348 -0.314185
v -0.992496 0.882644 -0.402780
v -1.046106 0.970091 -0.482257
v -1.097295 0.915043 -0.399316
v -1.044477 0.860865 -0.313031
v -1.022515 2.151231 -0.092977
v -1.076078 2.143806 -0.040835
v -1.130210 2.136267 -0.093925
v -1.075915 2.142839 -0.156411
v -1.622062 1.525992 -0.523844
v -1.581610 1.415333 -0.532945
v -1.527456 1.524760 -0.500112
v -1.571345 1.607572 -0.492952
v -1.000098 1.434846 -0.594933
v -1.051396 1.567986 -0.574485
v -1.100622 1.438960 -0.574256
v -1.049302 1.263321 -0.577304
v -1.734691 1.514081 -0.541385
v -1.793538 1.584664 -0.522467
v -1.846479 1.494638 -0.544155
v -1.796363 1.395454 -0.570368
v -2.041502 0.890855 -0.250712
v -2.057047 0.819465 -0.257188
v -2.102457 0.769613 -0.283355
v -2.085767 0.842143 -0.285373
v -1.978062 1.927745 -0.077002
v -2.018104 1.902603 -0.032266
v -2.056896 1.876500 -0.078937
v -2.022683 1.900869 -0.133842
v -1.745700 2.004678 -0.086053
v -1.809223 1.988042 -0.035646
v -1.872234 1.971040 -0.080681
v -1.810911 1.988897 -0.142172
v -2.085631 0.916754 -0.411821
v -2.107479 0.857557 -0.360347
v -2.139864 0.801134 -0.412411
v -2.113446 0.857771 -0.464116
v -2.115930 1.816182 -0.082956
v -2.137822 1.783371 -0.035576
v -2.162550 1.737275 -0.086184
v -2.141751 1.772438 -0.145920
v -1.933690 1.476521 -0.539188
v -1.968446 1.542309 -0.511850
v -2.000381 1.466241 -0.531524
v -1.972333 1.372614 -0.565711
v -1.956443 0.863819 -0.231896
v -1.967802 0.790529 -0.250480
v -2.028771 0.725459 -0.270035
v -2.018124 0.800721 -0.251323
v -2.190859 1.488536 -0.140156
v -2.204244 1.530037 -0.081788
v -2.210487 1.468929 -0.030401
v -2.174749 1.409168 -0.084108
v -2.074323 1.274662 -0.402648
v -2.080175 1.349220 -0.472255
v -2.114090 1.371036 -0.397184
v -2.094513 1.305632 -0.308438
v -2.045124 1.474487 -0.518874
v -2.062321 1.526060 -0.497182
v -2.080215 1.495937 -0.500785
v -2.060784 1.434935 -0.522354
v -1.575629 2.031696 -0.154914
v -1.534583 2.037525 -0.093748
v -1.575413 2.030452 -0.040762
v -1.625463 2.025553 -0.091189
v -1.236295 2.114822 -0.094555
v -1.287485 2.100464 -0.041410
v -1.332688 2.088811 -0.094323
v -1.284857 2.100675 -0.157756
v -1.195852 1.452269 -0.548789
v -1.240265 1.573127 -0.523752
v -1.280820 1.473988 -0.522090
v -1.240666 1.316599 -0.532949
v -1.198006 0.969016 -0.392650
v -1.243716 1.066848 -0.458728
v -1.288625 1.039425 -0.384110
v -1.245435 0.972192 -0.307500
v -0.860258 2.138737 -0.310002
v -0.910068 2.080322 -0.391614
v -0.854102 2.015167 -0.469500
v -0.802904 2.104921 -0.395679
v -1.445779 1.933033 -0.364685
v -1.404396 1.871876 -0.405923
v -1.381500 1.948691 -0.365512
v -1.425404 1.999316 -0.301654
v -1.435031 1.517178 -0.489407
v -1.395547 1.391894 -0.496319
v -1.354068 1.499884 -0.499720
v -1.391019 1.599245 -0.480864
v -1.436979 1.129218 -0.094289
v -1.400338 1.109794 -0.043950
v -1.365926 1.074890 -0.097671
v -1.404046 1.098945 -0.155403
v -1.432465 1.132115 -0.388311
v -1.402493 1.097493 -0.306349
v -1.365957 1.102095 -0.382500
v -1.399791 1.179358 -0.446216
v -1.470109 2.048461 -0.094179
v -1.439983 2.055243 -0.156972
v -1.409759 2.064963 -0.094132
v -1.440716 2.053891 -0.041315
v -0.862662 2.168926 -0.040633
v -0.916438 2.163091 -0.092637
v -0.862791 2.168729 -0.154731
v -0.807169 2.177007 -0.092601
v -1.196187 0.923823 -0.095569
v -1.244364 0.959216 -0.156909
v -1.287444 0.998807 -0.097227
v -1.242918 0.960393 -0.043353
v -1.217762 2.000565 -0.374270
v -1.274154 2.046087 -0.303871
v -1.307614 1.971952 -0.368944
v -1.254422 1.910877 -0.422700
v -1.566417 1.855491 -0.413241
v -1.519654 1.923912 -0.367944
v -1.568433 1.978002 -0.304115
v -1.616041 1.917935 -0.373732
v -2.033489 1.250858 -0.081841
v -2.077173 1.290089 -0.141903
v -2.101259 1.325138 -0.080890
v -2.059491 1.289347 -0.035753
v -2.128602 1.512331 -0.448041
v -2.154118 1.551102 -0.388349
v -2.170923 1.512396 -0.308018
v -2.146099 1.469501 -0.392804
v -1.909981 1.160829 -0.063370
v -1.949951 1.156892 -0.100209
v -1.970457 1.190073 -0.070688
v -1.937083 1.182809 -0.029633
v -2.084412 1.743860 -0.368107
v -2.123613 1.739887 -0.300270
v -2.121377 1.676700 -0.375383
v -2.081270 1.673650 -0.420412
v -1.711054 1.155157 -0.073937
v -1.778516 1.138596 -0.103501
v -1.824455 1.151890 -0.068105
v -1.765839 1.159558 -0.034256
v -1.734372 1.906619 -0.374929
v -1.803332 1.945318 -0.296718
v -1.857263 1.880535 -0.367816
v -1.794015 1.833794 -0.424926
v -1.957833 1.842475 -0.360403
v -2.011772 1.862577 -0.285239
v -2.032654 1.798356 -0.361318
v -1.982469 1.767998 -0.412201
v -1.510700 1.155284 -0.085586
v -1.565899 1.146313 -0.117545
v -1.599775 1.160825 -0.077849
v -1.546425 1.167404 -0.038945
v -1.013905 2.056416 -0.386813
v -1.071134 2.098633 -0.307837
v -1.117598 2.029854 -0.380702
v -1.059416 1.965104 -0.448386
v -0.991046 0.830246 -0.093218
v -1.043681 0.845583 -0.154956
v -1.095331 0.866303 -0.094186
v -1.043208 0.845975 -0.041517
v -0.775948 0.810393 -0.092561
v -0.831517 0.811925 -0.154095
v -0.885442 0.814000 -0.092721
v -0.831504 0.811345 -0.040854
v -0.552467 2.161840 -0.398915
v -0.620616 2.189048 -0.311601
v -0.684253 2.132994 -0.399102
v -0.618174 2.070358 -0.481704
v 1.221273 1.265947 -0.202959
v 1.264647 1.265698 -0.171084
v 1.234411 1.359308 -0.205528
v 1.194414 1.359299 -0.240911
v 1.324087 1.487123 -0.038865
v 1.315115 1.540530 -0.084690
v 1.301322 1.494742 -0.128454
v 1.316389 1.418512 -0.080548
v 1.171136 1.171211 -0.216022
v 1.222494 1.131544 -0.174610
v 1.202402 1.205140 -0.206375
v 1.154898 1.263183 -0.253142
v 1.268078 1.772513 -0.075287
v 1.270921 1.732624 -0.123398
v 1.300390 1.697659 -0.077999
v 1.293656 1.742961 -0.033464
v 1.063798 1.938899 -0.088861
v 1.091234 1.918227 -0.140828
v 1.125234 1.911579 -0.086334
v 1.097648 1.930808 -0.039489
v 1.178541 1.875060 -0.082570
v 1.193346 1.846857 -0.130232
v 1.226999 1.828416 -0.077912
v 1.209243 1.856047 -0.035618
v 0.945888 1.140004 -0.286994
v 0.985102 1.077781 -0.249688
v 1.011122 1.129677 -0.273515
v 0.975704 1.214719 -0.317958
v 0.901008 1.923857 -0.090354
v 0.945498 1.926866 -0.146064
v 0.987741 1.944752 -0.090194
v 0.943949 1.941805 -0.040481
v 1.063645 1.131045 -0.255088
v 1.113874 1.082148 -0.209456
v 1.118975 1.147323 -0.235630
v 1.069798 1.221865 -0.289431
v 0.791978 1.187585 -0.290440
v 0.816440 1.131968 -0.247275
v 0.864025 1.160596 -0.289243
v 0.827335 1.234627 -0.326594
v 0.747688 1.884949 -0.089468
v 0.782429 1.876369 -0.142817
v 0.817713 1.893783 -0.089854
v 0.779881 1.889021 -0.040529
v 0.672427 1.181630 -0.313704
v 0.703150 1.157178 -0.251567
v 0.734019 1.199154 -0.298829
v 0.704392 1.252480 -0.351965
v 0.616861 1.993238 -0.091195
v 0.651728 1.948088 -0.142832
v 0.686148 1.917917 -0.089850
v 0.653803 1.951756 -0.041310
v 0.485642 2.145698 -0.041633
v 0.436661 2.190533 -0.092644
v 0.482262 2.141335 -0.149700
v 0.531975 2.093881 -0.092462
v 0.551439 1.061876 -0.040898
v 0.598056 1.090175 -0.089749
v 0.555274 1.056642 -0.147209
v 0.506034 1.024402 -0.091849
v 0.327840 0.941065 -0.402286
v 0.368913 0.936778 -0.308785
v 0.411486 1.004810 -0.390641
v 0.360649 1.047811 -0.477137
v 0.255988 2.283360 -0.092211
v 0.299197 2.268605 -0.151458
v 0.343984 2.255873 -0.092373
v 0.300184 2.275385 -0.040872
v -0.528499 0.805501 -0.092525
v -0.594238 0.807392 -0.154040
v -0.657525 0.808443 -0.092537
v -0.594226 0.806783 -0.040804
v -0.052790 0.821996 -0.164505
v 0.006200 0.820084 -0.165591
v -0.039850 0.802024 -0.185832
v -0.095295 0.813037 -0.205056
v -0.157410 2.279281 -0.092340
v -0.099582 2.275721 -0.152518
v -0.043758 2.278867 -0.092274
v -0.099476 2.280434 -0.040775
v -0.348034 2.264354 -0.040792
v -0.416070 2.252791 -0.092473
v -0.347929 2.261899 -0.153384
v -0.281756 2.272140 -0.092409
v -0.322508 0.810173 -0.040345
v -0.253657 0.814074 -0.089581
v -0.322686 0.810832 -0.151897
v -0.391885 0.807105 -0.092174
v -0.185617 0.839709 -0.409755
v -0.157310 0.813766 -0.326158
v -0.151820 0.798622 -0.412097
v -0.157747 0.833899 -0.495702
v 0.063032 2.281067 -0.092216
v 0.114335 2.279042 -0.151806
v 0.163649 2.286391 -0.092184
v 0.114214 2.285441 -0.040764
v 0.279410 0.771917 -0.418468
v 0.293179 0.727913 -0.494808
v 0.306108 0.679869 -0.422348
v 0.274031 0.729855 -0.353089
v -0.015723 0.743799 -0.200911
v 0.050943 0.709417 -0.209766
v 0.026294 0.650397 -0.224225
v -0.039100 0.692340 -0.229355
v 0.163349 0.844554 -0.165699
v 0.203955 0.845089 -0.210602
v 0.162558 0.827606 -0.199255
v 0.113401 0.832554 -0.168611
v -0.056522 0.957920 -0.643453
v -0.096460 0.861723 -0.614699
v -0.039763 0.818101 -0.641256
v 0.005061 0.876434 -0.655053
v 0.159513 0.974107 -0.641385
v 0.113388 0.884558 -0.654728
v 0.168776 0.834885 -0.641154
v 0.206433 0.885504 -0.613974
v 0.276417 0.882905 -0.408919
v 0.260600 0.868327 -0.495255
v 0.265097 0.834030 -0.414378
v 0.258520 0.852116 -0.328638
v 0.002931 0.517792 -0.417716
v 0.052406 0.483059 -0.359080
v 0.088204 0.440866 -0.420318
v 0.051137 0.471522 -0.486775
v 0.218632 0.596942 -0.297206
v 0.259559 0.552438 -0.332170
v 0.254223 0.506658 -0.342839
v 0.205230 0.553524 -0.306801
v -0.013970 0.740246 -0.640691
v -0.038837 0.688673 -0.611382
v 0.031507 0.641417 -0.638885
v 0.057419 0.699698 -0.653649
v 0.175222 0.774658 -0.230509
v 0.218270 0.733403 -0.266704
v 0.196524 0.684853 -0.261586
v 0.146000 0.727852 -0.229935
v -0.124030 0.730620 -0.412762
v -0.094544 0.683303 -0.334388
v -0.074254 0.626893 -0.414373
v -0.095626 0.682384 -0.493637
v 0.192109 0.761205 -0.640374
v 0.162481 0.712246 -0.652553
v 0.228691 0.669182 -0.634277
v 0.248769 0.722826 -0.609935
v 0.398022 0.361494 -0.458562
v 0.422182 0.307649 -0.505691
v 0.421536 0.265162 -0.462366
v 0.392283 0.308336 -0.432034
v 0.161271 0.410573 -0.424580
v 0.184866 0.425261 -0.378610
v 0.231788 0.388892 -0.433882
v 0.193811 0.400419 -0.487813
v 0.268854 0.565584 -0.618070
v 0.252696 0.506991 -0.616137
v 0.312849 0.458804 -0.597630
v 0.320711 0.517029 -0.588451
v 0.079105 0.557771 -0.260575
v 0.139205 0.533681 -0.287125
v 0.136963 0.488426 -0.308474
v 0.083335 0.508644 -0.290551
v 0.332656 0.577220 -0.429087
v 0.352826 0.521388 -0.495657
v 0.362031 0.472700 -0.443841
v 0.320747 0.534266 -0.387191
v 0.094413 0.534512 -0.624379
v 0.092789 0.480655 -0.586234
v 0.157270 0.446322 -0.582219
v 0.168320 0.493227 -0.616633
v 0.376266 0.196232 -0.456169
v 0.390480 0.211543 -0.434282
v 0.410851 0.211653 -0.458017
v 0.397635 0.196616 -0.497362
v 0.296918 0.316941 -0.448199
v 0.332109 0.283847 -0.425471
v 0.340691 0.228868 -0.457428
v 0.318653 0.264180 -0.500705
v 0.320932 0.372904 -0.390260
v 0.359606 0.306010 -0.409188
v 0.375059 0.259694 -0.418088
v 0.351128 0.306139 -0.407027
v 0.357981 0.343226 -0.586165
v 0.349162 0.277441 -0.572853
v 0.389720 0.239500 -0.568212
v 0.400994 0.296293 -0.573437
v -2.164726 0.323963 -0.463951
v -2.175834 0.255538 -0.453833
v -2.169682 0.181508 -0.454364
v -2.156509 0.239714 -0.462702
v -2.183989 0.339588 -0.412474
v -2.186184 0.263967 -0.395562
v -2.190104 0.200498 -0.412474
v -2.186184 0.263967 -0.429385
v -2.118399 0.300856 -0.356278
v -2.101963 0.219363 -0.360866
v -2.114583 0.153117 -0.366844
v -2.131329 0.227626 -0.360866
v -2.053466 0.892482 -0.571617
v -2.097833 0.842600 -0.538584
v -2.112238 0.769294 -0.540893
v -2.066877 0.820042 -0.566282
v -1.837115 0.858248 -0.241356
v -1.857193 0.775299 -0.275247
v -1.926500 0.703880 -0.279312
v -1.911838 0.784519 -0.253159
v -1.755612 0.835807 -0.397129
v -1.816375 0.763508 -0.460046
v -1.863623 0.687194 -0.407054
v -1.818014 0.764247 -0.347661
v -1.835195 0.858419 -0.570339
v -1.911325 0.784506 -0.564966
v -1.925937 0.703714 -0.540853
v -1.855119 0.774515 -0.540125
v -1.959169 0.865149 -0.587642
v -2.022861 0.801210 -0.571613
v -2.030688 0.725417 -0.553418
v -1.968729 0.790713 -0.570431
v -1.822958 1.174003 -0.607224
v -1.892112 1.082213 -0.616178
v -1.883284 1.007626 -0.609386
v -1.805890 1.090239 -0.605877
v -1.634313 1.189830 -0.569826
v -1.720301 1.098767 -0.590311
v -1.731103 1.016036 -0.583329
v -1.640618 1.093561 -0.564125
v -1.519232 1.086270 -0.386648
v -1.584622 1.053526 -0.464194
v -1.636514 0.972214 -0.386589
v -1.584423 1.029711 -0.308139
v -1.629295 1.095513 -0.170342
v -1.639621 1.047714 -0.208922
v -1.732053 0.999144 -0.206211
v -1.718477 1.055701 -0.179817
v -1.979968 1.172729 -0.603176
v -2.010137 1.098061 -0.580956
v -2.003130 1.019131 -0.596427
v -1.961852 1.084903 -0.614225
v -1.816532 1.085997 -0.154110
v -1.803311 1.048708 -0.175396
v -1.880429 0.991720 -0.194527
v -1.886104 1.042049 -0.175065
v -2.046843 1.161436 -0.407836
v -2.036496 1.090745 -0.334520
v -2.048066 1.035055 -0.410737
v -2.039610 1.102576 -0.482055
v -1.968709 1.100150 -0.167069
v -1.952720 1.047642 -0.181596
v -1.993732 1.005260 -0.216873
v -2.002346 1.068635 -0.222770
v -2.002569 0.060675 -0.412474
v -2.020679 0.057116 -0.430363
v -2.039961 0.041855 -0.412474
v -2.020679 0.057116 -0.394584
v -2.088007 0.046318 -0.412474
v -2.109668 0.062482 -0.431884
v -2.127652 0.055763 -0.412474
v -2.109668 0.062482 -0.393064
v -2.160652 0.074139 -0.412474
v -2.173574 0.100699 -0.430363
v -2.184152 0.114892 -0.412474
v -2.173575 0.100699 -0.394584
v -2.029598 0.275651 -0.412469
v -2.020255 0.204089 -0.429385
v -2.004661 0.138958 -0.412474
v -2.020255 0.204089 -0.395562
v -2.060215 0.284603 -0.360997
v -2.037987 0.208039 -0.371114
v -2.040123 0.142257 -0.370583
v -2.068245 0.212169 -0.362245
v -2.164707 0.323969 -0.360996
v -2.156509 0.239714 -0.362245
v -2.169681 0.181508 -0.370583
v -2.175833 0.255538 -0.371114
v -2.118400 0.300856 -0.468668
v -2.131329 0.227626 -0.464081
v -2.114583 0.153117 -0.458103
v -2.101963 0.219363 -0.464081
v -2.060215 0.284603 -0.463944
v -2.068245 0.212169 -0.462702
v -2.040123 0.142257 -0.454364
v -2.037987 0.208039 -0.453833
v -2.000420 0.562731 -0.506865
v -2.046352 0.503337 -0.496349
v -2.050470 0.430868 -0.478729
v -2.015152 0.492027 -0.481371
v -2.082931 0.590335 -0.515930
v -2.116466 0.531217 -0.498903
v -2.110777 0.453407 -0.484897
v -2.082183 0.516182 -0.498768
v -2.145333 0.636164 -0.317395
v -2.144229 0.551477 -0.328200
v -2.160322 0.485217 -0.346028
v -2.164823 0.573036 -0.343235
v -2.000506 0.562784 -0.316796
v -2.015210 0.492057 -0.342939
v -2.050473 0.430870 -0.346026
v -2.046354 0.503347 -0.328152
v -1.957113 0.548404 -0.411719
v -1.996806 0.485163 -0.440418
v -2.020527 0.419173 -0.412346
v -1.996857 0.485187 -0.383887
v -2.082277 0.590511 -0.308637
v -2.082096 0.516214 -0.325936
v -2.110733 0.453421 -0.339992
v -2.115981 0.531349 -0.325938
v -2.173169 0.666169 -0.412466
v -2.176694 0.586579 -0.384280
v -2.180370 0.505871 -0.412473
v -2.177766 0.586343 -0.440660
v -2.149494 0.635380 -0.507419
v -2.166863 0.572576 -0.481683
v -2.160918 0.485050 -0.478911
v -2.145598 0.551149 -0.496695
v -0.475156 1.636128 -0.615954
v 0.010972 1.900303 -0.517095
v -0.215761 1.902613 -0.547231
v 0.214061 1.911915 -0.490534
v 0.378280 1.898093 -0.462203
v 0.572291 1.790973 -0.411743
v 0.751811 1.691216 -0.383674
v 0.897249 1.679384 -0.439003
v 0.998381 1.676867 -0.438613
v 1.058075 1.651341 -0.391285
v 1.117829 1.617252 -0.347161
v 1.178979 1.583126 -0.298645
v -0.734725 1.602737 -0.615535
v -0.950237 1.574889 -0.593814
v -1.149479 1.567221 -0.550277
v -1.674374 1.601677 -0.513905
v -1.478558 1.606245 -0.476683
v -1.891991 1.563353 -0.517051
v -2.026556 1.527783 -0.505373
v -2.103066 1.534484 -0.473947
v -1.318860 1.585283 -0.499050
v -2.179700 1.633959 -0.224096
v 1.277307 1.607267 -0.177230
v 0.300037 1.914796 -0.478102
v -0.344362 1.894982 -0.563785
v -0.098587 1.902329 -0.531662
v 0.116396 1.903951 -0.503345
v 0.467974 1.854267 -0.438673
v 0.840809 1.676696 -0.399936
v 0.993583 1.652955 -0.475100
v 0.666381 1.730628 -0.391281
v 1.033424 1.661655 -0.404900
v 1.089009 1.634812 -0.368206
v 1.226194 1.595297 -0.250004
v 1.145931 1.597969 -0.326392
v -0.614271 1.856469 -0.581926
v -0.849245 1.811309 -0.564684
v -1.571373 1.727622 -0.458215
v -1.051851 1.773464 -0.530179
v -1.793421 1.705975 -0.483244
v -1.967290 1.653815 -0.471477
v -2.192737 1.637820 -0.087690
v -2.059273 1.595701 -0.469490
v -1.242717 1.744565 -0.484970
v -1.394466 1.734029 -0.450000
v -2.144947 1.611041 -0.382202
v 1.315367 1.615055 -0.082548
v 1.299498 1.577407 -0.131569
v 1.326251 1.579447 -0.038283
v -2.169471 1.590428 -0.308480
v -2.126885 1.568648 -0.436698
v -1.356100 1.665465 -0.473265
v -1.432963 1.669769 -0.461517
v -1.282616 1.661086 -0.493531
v -1.196707 1.661964 -0.517802
v -2.079533 1.556993 -0.478780
v -2.045024 1.567350 -0.485536
v -2.201781 1.583494 -0.036575
v -2.194528 1.589479 -0.147531
v -2.000364 1.586686 -0.489041
v -1.931934 1.611927 -0.494052
v -1.846192 1.635926 -0.500677
v -1.735170 1.655754 -0.501120
v -1.101131 1.668295 -0.542441
v -1.001352 1.678928 -0.564411
v -1.523164 1.670090 -0.466704
v -1.621794 1.666764 -0.485955
v -0.899891 1.693404 -0.581459
v -0.793934 1.711059 -0.593427
v -0.676216 1.730651 -0.601297
v -0.545399 1.750657 -0.602255
v 1.158488 1.564868 -0.315392
v 1.128777 1.576596 -0.339143
v 1.201705 1.565278 -0.275363
v 1.254536 1.573880 -0.215074
v 1.103254 1.588609 -0.357897
v 1.074951 1.601910 -0.378584
v 1.048758 1.612590 -0.396095
v 1.019057 1.622752 -0.412004
v 0.718476 1.657428 -0.396246
v 0.632762 1.697357 -0.413402
v 0.913937 1.720039 -0.488663
v 0.911474 1.650228 -0.483696
v 0.879541 1.630777 -0.419176
v 0.804883 1.636116 -0.400103
v 0.430376 1.788543 -0.471899
v 0.531929 1.747084 -0.441496
v 0.171724 1.793125 -0.525327
v 0.070157 1.785155 -0.538837
v -0.037523 1.783681 -0.552108
v -0.150967 1.783848 -0.565489
v -0.409168 1.768541 -0.593666
v -0.275272 1.779879 -0.579618
v 0.345567 1.807385 -0.495348
v 0.263552 1.804552 -0.511476
v 0.919321 1.633986 -0.533531
v 0.992708 1.640568 -0.519304
v 0.974340 1.765472 -0.543003
v 0.941950 1.764330 -0.541614
v 0.945138 1.600551 -0.525325
v 0.981234 1.603707 -0.516198
v 0.962255 1.624776 -0.572025
v 0.912724 1.703031 -0.542898
v 0.984982 1.708120 -0.538933
v 0.988056 1.637789 -0.565437
v 0.923945 1.762467 -0.601176
v 0.917302 1.682916 -0.590025
v 0.956621 1.737766 -0.494398
v 0.966754 1.567887 -0.470176
v 0.982019 1.721159 -0.490639
v 0.927294 1.580385 -0.478322
v 0.927330 1.664702 -0.621831
v 0.985205 1.673909 -0.609355
v 0.980833 1.776351 -0.650656
v 0.950205 1.774262 -0.651015
v 0.943132 1.644854 -0.615699
v 0.976218 1.650569 -0.606962
v 0.960350 1.675744 -0.633450
v 0.925716 1.725352 -0.633200
v 0.983635 1.731467 -0.628985
v 0.962847 1.734505 -0.650307
v 0.975507 1.706211 -0.637500
v 0.941867 1.701327 -0.642533
v 0.992815 1.834135 -0.634369
v 0.987280 1.691321 -0.579969
v 0.986244 1.766515 -0.600986
v 0.929073 1.629720 -0.580268
v 0.992638 1.886871 -0.591704
v 0.973536 1.887539 -0.590074
v 0.964211 1.886737 -0.609096
v 0.996056 1.890965 -0.632825
v 0.976940 1.891682 -0.631446
v 0.991287 1.913488 -0.612669
v 0.997867 1.885724 -0.611629
v 0.979249 1.838509 -0.647905
v 0.945065 1.825661 -0.579994
v 0.973051 1.829692 -0.571058
v 0.949815 1.833237 -0.632806
v 0.988705 1.826584 -0.582164
v -2.161159 1.292973 -0.023011
v -2.226689 1.355202 -0.022359
v -2.197933 1.327305 -0.051162
v -2.207424 1.404529 -0.049360
v -2.158014 1.344284 -0.049911
v -2.239861 1.129922 -0.024058
v -2.292701 1.179201 -0.023972
v -2.267737 1.157155 -0.053821
v -2.238303 1.274981 -0.043997
v -2.199310 1.238957 -0.044396
v -2.416136 0.904570 -0.023126
v -2.436324 0.931653 -0.022709
v -2.423677 0.925055 -0.043627
v -2.361295 1.044153 -0.045125
v -2.336558 1.015578 -0.045437
v 0.269139 1.687711 0.547942
v 0.290421 1.335867 0.577708
v 0.377219 1.384260 0.548882
v 0.352741 1.699642 0.529049
v 0.060886 2.238396 0.296362
v 0.058552 2.111814 0.428762
v 0.161394 2.115146 0.418590
v 0.162618 2.241344 0.292467
v -0.120804 0.821383 0.137219
v -0.122002 0.821134 0.048605
v -0.000084 0.827742 0.046373
v 0.000294 0.827844 0.118578
v -0.262718 1.279930 0.614914
v -0.278815 1.899981 0.567092
v -0.411499 1.887576 0.583093
v -0.400280 1.286799 0.613779
v -0.393354 0.825919 0.325518
v -0.263291 0.829189 0.322650
v -0.265305 0.936667 0.508800
v -0.395420 0.949165 0.503302
v -0.282168 2.242064 0.313062
v -0.415719 2.227582 0.318922
v -0.414699 2.106184 0.483708
v -0.282494 2.118709 0.469278
v -0.159262 2.244329 0.306901
v -0.160829 2.119570 0.454390
v -0.049098 2.113873 0.440875
v -0.046604 2.239661 0.301305
v -0.145761 1.657939 0.600569
v -0.132853 1.286186 0.630869
v -0.016161 1.306370 0.640609
v -0.031456 1.660386 0.589738
v 0.112583 0.838561 0.118614
v 0.112708 0.838629 0.046386
v 0.217488 0.859655 0.048697
v 0.217534 0.858464 0.137341
v -0.528875 0.824576 0.325942
v -0.531064 0.947708 0.502607
v -0.660373 0.947316 0.502549
v -0.657907 0.827079 0.325950
v 0.076461 1.663043 0.577680
v 0.093400 1.312146 0.634104
v 0.196335 1.309678 0.611472
v 0.177534 1.671849 0.563738
v 0.543255 1.667609 0.466936
v 0.440330 1.693177 0.501689
v 0.467866 1.413786 0.512817
v 0.567209 1.432853 0.469513
v 0.253104 2.237392 0.290012
v 0.252294 2.114279 0.410889
v 0.329617 2.095338 0.404466
v 0.333847 2.211832 0.288653
v 0.317200 0.895914 0.159952
v 0.315585 0.897806 0.051553
v 0.409976 0.955598 0.052711
v 0.412676 0.952628 0.163886
v 0.810417 1.588161 0.419210
v 0.803907 1.425643 0.403262
v 0.876600 1.417605 0.404125
v 0.883236 1.582882 0.433719
v 0.508387 1.036637 0.303627
v 0.599567 1.102216 0.284123
v 0.588526 1.198929 0.406430
v 0.495875 1.141839 0.445101
v 0.512563 2.062621 0.277470
v 0.418815 2.152313 0.285597
v 0.408681 2.046752 0.394674
v 0.502868 1.969504 0.377848
v 0.984867 1.570190 0.477426
v 0.943690 1.418712 0.404309
v 0.990045 1.421863 0.397744
v 0.933906 1.734654 0.503373
v 0.602900 1.964999 0.267276
v 0.601214 1.881891 0.360747
v 0.688132 1.810518 0.348773
v 0.680800 1.886151 0.260144
v 0.672073 1.126125 0.151924
v 0.670341 1.131535 0.051021
v 0.727011 1.136221 0.050066
v 0.727618 1.132530 0.150046
v 0.643090 1.633715 0.435345
v 0.660134 1.441642 0.432847
v 0.735809 1.438332 0.410968
v 0.727538 1.605031 0.416780
v 0.753342 1.844803 0.257485
v 0.773668 1.773478 0.348623
v 0.852923 1.770033 0.364523
v 0.829736 1.845937 0.262370
v 0.772962 1.112753 0.151600
v 0.771280 1.113764 0.050086
v 0.815638 1.065307 0.050891
v 0.830214 1.071689 0.162358
v 1.114093 1.011586 0.180474
v 1.109104 0.952676 0.082412
v 1.207491 0.991090 0.072167
v 1.184071 1.031330 0.158489
v 0.908189 1.873560 0.269794
v 0.920739 1.786735 0.382579
v 0.981571 1.797801 0.385775
v 0.988440 1.895824 0.270770
v 0.915621 1.020934 0.173754
v 0.886155 0.995838 0.056730
v 0.994366 0.950042 0.074853
v 1.019636 0.999702 0.184157
v 1.137039 1.840955 0.254702
v 1.094236 1.752970 0.350860
v 1.127034 1.724447 0.331537
v 1.177362 1.799396 0.241469
v 1.021961 1.576081 0.418992
v 1.026786 1.423251 0.385809
v 1.061264 1.424875 0.370476
v 1.051211 1.567027 0.403447
v 1.051030 1.892878 0.266345
v 1.027101 1.790493 0.375407
v 1.061501 1.775015 0.365309
v 1.093631 1.872462 0.262705
v 1.211346 1.747215 0.232437
v 1.158470 1.687305 0.313996
v 1.187490 1.636724 0.297871
v 1.239012 1.673650 0.229609
v 1.244862 1.057383 0.140527
v 1.277090 1.037912 0.062495
v 1.311146 1.079444 0.054266
v 1.287419 1.094446 0.129492
v 1.077342 1.559338 0.386581
v 1.091543 1.430377 0.352961
v 1.114392 1.439119 0.339017
v 1.102873 1.551045 0.368399
v 1.261470 1.453534 0.206101
v 1.252472 1.602083 0.228494
v 1.200869 1.587217 0.289044
v 1.205794 1.475722 0.267551
v 1.311220 1.158685 0.124689
v 1.331008 1.141442 0.049409
v 1.330699 1.253365 0.047722
v 1.313172 1.274501 0.124431
v 1.126540 1.545244 0.351001
v 1.135218 1.454291 0.326786
v 1.162654 1.473826 0.308211
v 1.156686 1.541087 0.326524
v -0.536942 1.279101 0.616074
v -0.547503 1.867769 0.592806
v -0.678474 1.844813 0.591412
v -0.666973 1.270762 0.616031
v -0.553756 2.224314 0.165484
v -0.553777 2.225100 0.052385
v -0.686511 2.197141 0.052356
v -0.686637 2.197137 0.165763
v -0.792043 1.594745 0.623426
v -0.898925 1.580519 0.612739
v -0.894099 1.256305 0.607501
v -0.785616 1.262546 0.613358
v -0.776345 0.828609 0.325883
v -0.778899 0.946156 0.502187
v -0.888223 0.946647 0.500698
v -0.885843 0.831716 0.325561
v -0.991779 0.846538 0.325026
v -0.993790 0.957997 0.496953
v -1.097864 0.987084 0.489641
v -1.096860 0.880515 0.323918
v -1.022337 2.149956 0.167421
v -1.022502 2.150481 0.052225
v -1.130137 2.135707 0.052721
v -1.129876 2.134344 0.168611
v -1.620455 1.605911 0.515686
v -1.629839 1.415902 0.557328
v -1.534580 1.409786 0.530204
v -1.524503 1.607567 0.494489
v -0.998079 1.258003 0.596633
v -1.001800 1.782185 0.552100
v -1.101539 1.765158 0.530755
v -1.099720 1.271892 0.579591
v -1.739111 1.404429 0.576453
v -1.736065 1.714662 0.493297
v -1.846160 1.695002 0.492362
v -1.848395 1.386985 0.584229
v -2.055945 0.900473 0.282996
v -2.025133 0.881212 0.251370
v -2.087921 0.756366 0.286660
v -2.115081 0.782166 0.311404
v -1.979844 1.926242 0.144864
v -1.976329 1.926744 0.044044
v -2.053976 1.876850 0.044549
v -2.059771 1.872428 0.149426
v -1.746158 2.004341 0.157773
v -1.744980 2.003172 0.048681
v -1.871071 1.969870 0.045956
v -1.873239 1.970243 0.150033
v -2.085479 0.915149 0.480982
v -2.079344 0.914444 0.365949
v -2.134719 0.798936 0.378023
v -2.139865 0.798756 0.469923
v -2.118385 1.809063 0.156236
v -2.112739 1.818684 0.046327
v -2.160816 1.741330 0.048370
v -2.162507 1.730003 0.159421
v -1.936775 1.374583 0.581958
v -1.931876 1.668757 0.485451
v -2.000761 1.637565 0.480622
v -2.000620 1.375473 0.569094
v -1.982760 0.867184 0.244310
v -1.927792 0.862338 0.243281
v -2.004261 0.719083 0.281530
v -2.051170 0.733645 0.282048
v -2.169527 1.432906 0.151360
v -2.188803 1.636932 0.161082
v -2.193289 1.639785 0.049298
v -2.216179 1.414088 0.036637
v -2.071438 1.256896 0.320622
v -2.062211 1.302002 0.491892
v -2.097811 1.391160 0.475502
v -2.118336 1.355225 0.320100
v -2.043247 1.409680 0.545684
v -2.044779 1.608137 0.480265
v -2.078811 1.584654 0.478496
v -2.078031 1.456300 0.520584
v -1.625581 2.025179 0.164486
v -1.534094 2.037056 0.167584
v -1.534317 2.035796 0.052820
v -1.625093 2.023891 0.051420
v -1.235289 2.113034 0.169340
v -1.237103 2.113707 0.053057
v -1.333609 2.087029 0.052878
v -1.331109 2.087841 0.169187
v -1.196044 1.298796 0.557006
v -1.197720 1.750452 0.507822
v -1.284585 1.740023 0.485936
v -1.282146 1.336484 0.532196
v -1.198167 0.936727 0.321064
v -1.197390 1.036003 0.477653
v -1.286851 1.100057 0.463016
v -1.289374 1.010190 0.317275
v -0.805230 2.149528 0.322123
v -0.913420 2.128903 0.321130
v -0.906141 2.002710 0.476687
v -0.800294 2.028130 0.485144
v -1.455805 1.992040 0.313351
v -1.438677 1.866181 0.416151
v -1.370922 1.879036 0.420241
v -1.393600 2.008565 0.313465
v -1.433178 1.603661 0.487900
v -1.439198 1.399160 0.508957
v -1.357183 1.376895 0.512480
v -1.354093 1.592680 0.500355
v -1.440992 1.119189 0.162648
v -1.434607 1.134596 0.054656
v -1.364995 1.077160 0.055923
v -1.367341 1.070919 0.168971
v -1.436132 1.186545 0.463170
v -1.436777 1.110018 0.317024
v -1.367524 1.075621 0.317199
v -1.364108 1.159759 0.455805
v -1.469829 2.046664 0.052971
v -1.469173 2.048015 0.168358
v -1.408517 2.064445 0.168753
v -1.409657 2.063149 0.052819
v -0.807079 2.176473 0.052272
v -0.916412 2.162419 0.052162
v -0.916404 2.162217 0.166585
v -0.807265 2.176438 0.166101
v -1.195647 0.924530 0.054382
v -1.197033 0.923216 0.167948
v -1.288376 0.998155 0.169118
v -1.286880 0.999452 0.055487
v -1.208485 1.924168 0.440357
v -1.226325 2.060039 0.316405
v -1.318444 2.032409 0.314628
v -1.297005 1.898634 0.428802
v -1.618464 1.852853 0.430467
v -1.518800 1.858276 0.419913
v -1.525015 1.981958 0.314811
v -1.619046 1.973683 0.315987
v -2.024956 1.255359 0.046606
v -2.045129 1.247222 0.152085
v -2.108455 1.333034 0.152568
v -2.092224 1.319615 0.045827
v -2.123032 1.473230 0.463944
v -2.123379 1.593421 0.442237
v -2.164486 1.625371 0.319308
v -2.159470 1.461679 0.319845
v -1.906485 1.170795 0.041017
v -1.916550 1.145214 0.106719
v -1.981359 1.177174 0.126722
v -1.964135 1.200033 0.042584
v -2.064769 1.700035 0.428115
v -2.102935 1.775364 0.309243
v -2.141929 1.700976 0.314758
v -2.099794 1.645872 0.434630
v -1.706083 1.162240 0.047392
v -1.721737 1.141628 0.117533
v -1.831440 1.137689 0.111688
v -1.821143 1.159652 0.043815
v -1.734103 1.843152 0.437353
v -1.739028 1.958388 0.312355
v -1.865238 1.928178 0.303526
v -1.850996 1.820569 0.432844
v -1.944911 1.787062 0.425418
v -1.970093 1.886349 0.296471
v -2.047920 1.836302 0.300796
v -2.016928 1.747146 0.423324
v -1.505679 1.162380 0.051914
v -1.521994 1.141399 0.140490
v -1.613408 1.147166 0.122793
v -1.593464 1.168045 0.049466
v -1.008418 1.977969 0.466151
v -1.018362 2.109427 0.320140
v -1.123893 2.086687 0.318484
v -1.110157 1.951702 0.453441
v -0.990979 0.830401 0.052829
v -0.991189 0.830490 0.166175
v -1.095856 0.865930 0.166990
v -1.095003 0.866855 0.053451
v -0.775948 0.810393 0.052403
v -0.775961 0.810981 0.165640
v -0.885460 0.814560 0.165759
v -0.885440 0.814006 0.052508
v -0.551181 2.083919 0.492460
v -0.553234 2.203189 0.322568
v -0.685567 2.174926 0.323129
v -0.682579 2.056054 0.491799
v 1.184317 1.326906 0.255225
v 1.257553 1.216700 0.182484
v 1.266235 1.325285 0.186336
v 1.202298 1.395172 0.252482
v 1.323699 1.413336 0.049193
v 1.326502 1.617561 0.048865
v 1.298640 1.611565 0.142382
v 1.303741 1.427788 0.133832
v 1.138583 1.250547 0.272019
v 1.201045 1.116086 0.191972
v 1.236888 1.151503 0.184097
v 1.165607 1.278947 0.260981
v 1.275639 1.776339 0.044812
v 1.255193 1.766510 0.133917
v 1.284734 1.691531 0.137657
v 1.310274 1.701820 0.046152
v 1.064490 1.943127 0.051657
v 1.061934 1.929367 0.154043
v 1.117473 1.904583 0.151544
v 1.128882 1.914812 0.050070
v 1.184368 1.877477 0.048062
v 1.168253 1.869099 0.146415
v 1.216581 1.822002 0.137656
v 1.233385 1.831390 0.046207
v 0.944384 1.216659 0.333385
v 0.944785 1.086333 0.267462
v 1.020802 1.072781 0.252514
v 1.000885 1.213245 0.323951
v 0.899941 1.928640 0.052056
v 0.902772 1.913565 0.157523
v 0.988167 1.934697 0.157133
v 0.987375 1.949275 0.052033
v 1.045976 1.216173 0.309499
v 1.083670 1.075152 0.231783
v 1.144447 1.091791 0.210472
v 1.094157 1.229997 0.291552
v 0.793735 1.245289 0.342187
v 0.785498 1.146682 0.256676
v 0.856363 1.114913 0.264487
v 0.866630 1.225922 0.336511
v 0.747489 1.888197 0.052223
v 0.748577 1.878101 0.153592
v 0.820200 1.884266 0.155618
v 0.816555 1.898452 0.052056
v 0.670311 1.240976 0.374711
v 0.673268 1.146295 0.268340
v 0.731785 1.160542 0.259596
v 0.734996 1.256753 0.354938
v 0.617562 1.993951 0.053166
v 0.614909 1.990778 0.156134
v 0.685255 1.914232 0.153490
v 0.686593 1.919282 0.052623
v 0.532823 2.094737 0.053355
v 0.437460 2.191741 0.052992
v 0.434310 2.186641 0.162159
v 0.529481 2.091005 0.159931
v 0.504491 1.026543 0.052734
v 0.596483 1.092948 0.052069
v 0.600170 1.087100 0.156144
v 0.508144 1.022027 0.161270
v 0.320175 1.010432 0.499402
v 0.326312 0.908810 0.320596
v 0.414271 0.967858 0.317623
v 0.404221 1.080767 0.476852
v 0.256088 2.285045 0.052390
v 0.255659 2.278142 0.163114
v 0.342634 2.251016 0.162919
v 0.344437 2.257423 0.052574
v -0.528497 0.805500 0.052382
v -0.528515 0.806116 0.165603
v -0.657537 0.809044 0.165624
v -0.657525 0.808443 0.052387
v -0.106239 0.819517 0.202758
v 0.002920 0.825794 0.164244
v 0.011653 0.807317 0.187581
v -0.085696 0.798650 0.224000
v -0.157402 2.280231 0.052362
v -0.157504 2.276046 0.164311
v -0.043830 2.274886 0.163901
v -0.043781 2.280092 0.052354
v -0.281774 2.272784 0.052371
v -0.416105 2.253119 0.052379
v -0.415985 2.251240 0.165166
v -0.281738 2.269742 0.164751
v -0.391855 0.807094 0.052241
v -0.253799 0.813991 0.051267
v -0.253657 0.814673 0.160015
v -0.392022 0.807725 0.164967
v -0.178128 0.872673 0.510234
v -0.177085 0.823716 0.330454
v -0.144141 0.796791 0.341482
v -0.144287 0.802800 0.505754
v 0.062970 2.282524 0.052348
v 0.063071 2.276465 0.163539
v 0.163677 2.281349 0.163270
v 0.163615 2.288011 0.052350
v 0.263646 0.772788 0.359750
v 0.278664 0.771038 0.506272
v 0.308749 0.678891 0.506177
v 0.285299 0.681309 0.370343
v -0.059688 0.737694 0.233838
v 0.033946 0.752092 0.208514
v 0.070347 0.660168 0.236520
v -0.012722 0.641721 0.250922
v 0.112471 0.837171 0.164932
v 0.209550 0.852639 0.204105
v 0.201246 0.831278 0.238351
v 0.116285 0.821386 0.195583
v -0.001210 0.966725 0.665986
v -0.109295 0.941863 0.630168
v -0.085914 0.813353 0.624112
v 0.012477 0.822409 0.666350
v 0.206376 0.967147 0.627533
v 0.108276 0.974568 0.664854
v 0.120045 0.831022 0.666296
v 0.210338 0.837379 0.623980
v 0.269417 0.867878 0.330641
v 0.268393 0.912613 0.508437
v 0.260700 0.836110 0.506035
v 0.254474 0.833249 0.348189
v 0.008284 0.517077 0.502483
v 0.010712 0.524485 0.362243
v 0.090793 0.453979 0.378585
v 0.091258 0.437716 0.492295
v 0.186235 0.592001 0.296054
v 0.246687 0.595519 0.324081
v 0.277164 0.501694 0.366470
v 0.232256 0.507499 0.345274
v 0.037786 0.745014 0.666035
v -0.059378 0.736240 0.623142
v -0.012405 0.635102 0.622225
v 0.081460 0.648603 0.662840
v 0.133178 0.769462 0.226060
v 0.209256 0.775491 0.265876
v 0.227367 0.685479 0.291945
v 0.158866 0.679198 0.258523
v -0.116677 0.731266 0.505170
v -0.116249 0.731386 0.344130
v -0.065634 0.629475 0.349323
v -0.067719 0.627271 0.505228
v 0.232319 0.765875 0.622904
v 0.144325 0.755851 0.665826
v 0.183401 0.663034 0.659871
v 0.266642 0.674046 0.618205
v 0.375403 0.364473 0.437113
v 0.406289 0.358851 0.517347
v 0.431286 0.263704 0.513414
v 0.402143 0.265731 0.447720
v 0.160032 0.407312 0.492605
v 0.153574 0.429550 0.386943
v 0.222042 0.416412 0.397234
v 0.230180 0.387266 0.505312
v 0.302291 0.569910 0.606613
v 0.228870 0.559258 0.641546
v 0.277630 0.452854 0.611971
v 0.341166 0.462868 0.594564
v 0.050671 0.545946 0.282285
v 0.113358 0.570323 0.274869
v 0.170383 0.497285 0.326448
v 0.113385 0.480030 0.323121
v 0.307888 0.582939 0.386768
v 0.338222 0.574283 0.505879
v 0.369318 0.467732 0.510563
v 0.336733 0.482245 0.413331
v 0.138543 0.542943 0.645788
v 0.056063 0.526947 0.611372
v 0.125116 0.444015 0.576528
v 0.196046 0.447093 0.602527
v 0.375184 0.191426 0.507267
v 0.379525 0.209347 0.446507
v 0.399497 0.220340 0.447430
v 0.417918 0.209291 0.508763
v 0.295638 0.314160 0.512184
v 0.301090 0.339770 0.423869
v 0.352965 0.242014 0.444608
v 0.337050 0.223553 0.509312
v 0.313012 0.374536 0.399532
v 0.331851 0.370194 0.407165
v 0.376639 0.262102 0.430077
v 0.372765 0.258904 0.430291
v 0.383336 0.350293 0.589276
v 0.328308 0.334624 0.590422
v 0.364291 0.230730 0.572401
v 0.413224 0.250363 0.573176
v -2.154836 0.317113 0.478722
v -2.172869 0.330599 0.468933
v -2.178682 0.192848 0.460982
v -2.158066 0.171518 0.468407
v -2.182709 0.338752 0.442316
v -2.182697 0.338756 0.405797
v -2.188759 0.201717 0.408445
v -2.188759 0.201717 0.439668
v -2.131456 0.305436 0.367910
v -2.104449 0.296684 0.367910
v -2.097348 0.149233 0.378469
v -2.130244 0.157682 0.378469
v -2.035539 0.883048 0.593768
v -2.068313 0.901954 0.563243
v -2.125398 0.781815 0.536184
v -2.096015 0.756128 0.560721
v -1.867470 0.860940 0.245943
v -1.807572 0.852620 0.268945
v -1.902753 0.698355 0.305279
v -1.952147 0.708944 0.284283
v -1.763388 0.838933 0.347641
v -1.760917 0.838109 0.473935
v -1.868155 0.688575 0.467962
v -1.869076 0.688961 0.370637
v -1.804327 0.852021 0.564010
v -1.866484 0.861512 0.590682
v -1.951948 0.708906 0.559891
v -1.901639 0.697934 0.537184
v -1.928710 0.863330 0.597500
v -1.988062 0.868890 0.599746
v -2.054870 0.733562 0.565050
v -2.005032 0.719062 0.564379
v -1.773864 1.180486 0.611399
v -1.869932 1.169031 0.623991
v -1.920409 1.006520 0.623595
v -1.844607 1.010594 0.616479
v -1.591211 1.182091 0.564638
v -1.678818 1.190394 0.592983
v -1.768235 1.016575 0.604374
v -1.694829 1.010617 0.577952
v -1.527214 1.076109 0.316601
v -1.528589 1.119624 0.473960
v -1.643414 0.983462 0.476028
v -1.644886 0.973617 0.326619
v -1.673340 1.096781 0.172103
v -1.587079 1.089607 0.203235
v -1.696664 0.992542 0.236134
v -1.768530 1.000641 0.209687
v -1.949581 1.167862 0.623808
v -2.004035 1.180302 0.595366
v -2.022334 1.026537 0.585170
v -1.980666 1.012526 0.619469
v -1.861978 1.083805 0.164563
v -1.768065 1.090121 0.166737
v -1.843418 0.994940 0.206172
v -1.914977 0.990383 0.206835
v -2.039796 1.174377 0.497243
v -2.040228 1.149546 0.335115
v -2.041390 1.030924 0.354001
v -2.046418 1.035660 0.489761
v -1.997173 1.117066 0.207614
v -1.937744 1.089577 0.166562
v -1.971717 0.997258 0.215116
v -2.012668 1.014719 0.253789
v -2.005770 0.069586 0.407802
v -2.005770 0.069586 0.440311
v -2.042383 0.053652 0.442910
v -2.042383 0.053652 0.405203
v -2.089206 0.058346 0.404666
v -2.089206 0.058346 0.443447
v -2.127995 0.067644 0.443447
v -2.127995 0.067644 0.404666
v -2.160306 0.085357 0.405203
v -2.160306 0.085357 0.442910
v -2.183236 0.122716 0.440311
v -2.183236 0.122716 0.407802
v -2.031780 0.276569 0.405795
v -2.031780 0.276569 0.442309
v -2.007567 0.141770 0.439668
v -2.007567 0.141770 0.408445
v -2.074624 0.288465 0.369392
v -2.047720 0.281390 0.379181
v -2.025528 0.144317 0.387131
v -2.058619 0.143036 0.379706
v -2.172845 0.330606 0.379180
v -2.154823 0.317118 0.369391
v -2.158066 0.171518 0.379706
v -2.178682 0.192848 0.387131
v -2.104449 0.296684 0.480200
v -2.131459 0.305435 0.480202
v -2.130244 0.157682 0.469644
v -2.097348 0.149233 0.469643
v -2.047721 0.281389 0.468925
v -2.074624 0.288465 0.478716
v -2.058618 0.143036 0.468407
v -2.025528 0.144317 0.460982
v -1.982874 0.557032 0.506584
v -2.020288 0.569015 0.524248
v -2.064803 0.436230 0.494427
v -2.038073 0.426107 0.481814
v -2.062401 0.582612 0.527261
v -2.102330 0.599355 0.527528
v -2.125179 0.459998 0.496441
v -2.095633 0.447477 0.496386
v -2.155818 0.648364 0.341128
v -2.132720 0.623062 0.323104
v -2.150128 0.476253 0.353521
v -2.168650 0.493563 0.366107
v -2.020301 0.569047 0.322819
v -1.983075 0.557132 0.340047
v -2.038081 0.426111 0.366074
v -2.064803 0.436232 0.353531
v -1.960336 0.549517 0.389073
v -1.960159 0.549435 0.457490
v -2.022555 0.419988 0.447496
v -2.022562 0.419991 0.400362
v -2.101025 0.599666 0.320335
v -2.062136 0.582700 0.320286
v -2.095621 0.447482 0.351642
v -2.125065 0.460032 0.351635
v -2.172508 0.663833 0.457810
v -2.170166 0.664234 0.390278
v -2.178872 0.504477 0.400462
v -2.179247 0.504372 0.447650
v -2.135978 0.622409 0.524860
v -2.160367 0.647547 0.506888
v -2.169342 0.493370 0.482001
v -2.150547 0.476134 0.494579
v 1.300068 1.542000 0.142866
v 1.325126 1.539764 0.050571
v -2.172946 1.554304 0.319897
v -2.129204 1.543138 0.454248
v -1.358743 1.735154 0.468030
v -1.433230 1.732835 0.457635
v -1.281204 1.578558 0.522486
v -1.196140 1.569324 0.548648
v -2.080762 1.528828 0.501411
v -2.045820 1.525471 0.513314
v -2.206825 1.526044 0.045865
v -2.197122 1.540905 0.155313
v -2.000421 1.533684 0.520399
v -1.932418 1.552487 0.525881
v -1.846174 1.574204 0.532145
v -1.734134 1.594245 0.531872
v -1.101032 1.566802 0.574444
v -1.001058 1.570689 0.596461
v -1.522035 1.729685 0.461915
v -1.623201 1.724986 0.479212
v -0.900875 1.801080 0.569398
v -0.795744 1.822026 0.582250
v -0.673840 1.611028 0.629740
v -0.543186 1.627931 0.630212
v 1.161256 1.588104 0.325773
v 1.131655 1.607953 0.348691
v 1.202296 1.542712 0.284195
v 1.256425 1.545042 0.223640
v 1.103904 1.626058 0.368799
v 1.072889 1.643661 0.392000
v 1.046316 1.656851 0.410242
v 1.015766 1.667775 0.426387
v 0.708720 1.707695 0.396420
v 0.621280 1.759079 0.412003
v 0.997736 1.614494 0.479577
v 0.908337 1.688511 0.497817
v 0.874463 1.675733 0.424629
v 0.797782 1.681401 0.401270
v 0.420799 1.879466 0.462919
v 0.519817 1.823777 0.436551
v 0.166506 1.907824 0.508394
v 0.064327 1.901302 0.521697
v -0.043197 1.900980 0.535858
v -0.155853 1.903164 0.550868
v -0.406699 1.643650 0.622998
v -0.271502 1.653223 0.611514
v 0.339007 1.909616 0.482521
v 0.258588 1.914903 0.496026
v 0.989794 1.661132 0.582373
v 0.958017 1.828193 0.582458
v 0.978312 1.627880 0.578936
v 0.916519 1.715901 0.607095
v 0.988334 1.690314 0.495388
v 0.945789 1.568545 0.486208
v 0.916913 1.611454 0.493097
v 0.972296 1.735282 0.505493
v 0.942062 1.671665 0.646372
v 0.975527 1.677412 0.639004
v 0.976615 1.734991 0.657824
v 0.943386 1.731379 0.660293
v 0.985096 1.722521 0.602418
v 0.943991 1.623076 0.588244
v 0.988950 1.837585 0.657662
v 0.920908 1.651980 0.596807
v 0.980216 1.910505 0.622757
v 0.997546 1.909372 0.624408
v 0.943153 1.830112 0.617957
v 0.992431 1.831139 0.620059
v 0.964149 1.837120 0.656810
v 0.983065 1.828628 0.583888
v -2.219565 1.257738 0.063277
v -2.142097 1.328307 0.037131
v -2.184356 1.375358 0.069744
v -2.369419 1.046520 0.035329
v -2.186745 1.228540 0.034709
v -2.247075 1.281554 0.034360
v -2.454307 0.879464 0.034615
v -2.350492 1.028959 0.064326
v -2.330731 1.003859 0.035629
v 0.269139 1.687711 -0.536360
v 0.290421 1.335867 -0.566125
v 0.377219 1.384260 -0.537299
v 0.352741 1.699642 -0.517467
v 0.060886 2.238397 -0.284779
v 0.058552 2.111814 -0.417179
v 0.161394 2.115146 -0.407007
v 0.162618 2.241344 -0.280884
v -0.120804 0.821383 -0.125636
v -0.122002 0.821134 -0.037023
v -0.000084 0.827742 -0.034791
v 0.000294 0.827844 -0.106995
v -0.262718 1.279931 -0.603332
v -0.278815 1.899981 -0.555509
v -0.411499 1.887576 -0.571511
v -0.400280 1.286799 -0.602196
v -0.393354 0.825919 -0.313935
v -0.263291 0.829189 -0.311067
v -0.265305 0.936667 -0.497217
v -0.395420 0.949165 -0.491719
v -0.282168 2.242064 -0.301480
v -0.415719 2.227582 -0.307339
v -0.414699 2.106184 -0.472125
v -0.282494 2.118709 -0.457696
v -0.159262 2.244329 -0.295318
v -0.160829 2.119570 -0.442807
v -0.049098 2.113873 -0.429292
v -0.046604 2.239661 -0.289722
v -0.145761 1.657939 -0.588986
v -0.132853 1.286186 -0.619287
v -0.016161 1.306370 -0.629026
v -0.031456 1.660386 -0.578155
v 0.112583 0.838561 -0.107031
v 0.112708 0.838629 -0.034803
v 0.217488 0.859655 -0.037114
v 0.217534 0.858464 -0.125758
v -0.528875 0.824576 -0.314360
v -0.531064 0.947708 -0.491024
v -0.660373 0.947316 -0.490966
v -0.657907 0.827079 -0.314367
v 0.076461 1.663043 -0.566097
v 0.093400 1.312146 -0.622521
v 0.196335 1.309678 -0.599889
v 0.177534 1.671849 -0.552155
v 0.543255 1.667609 -0.455354
v 0.440330 1.693176 -0.490106
v 0.467866 1.413786 -0.501234
v 0.567209 1.432853 -0.457930
v 0.253104 2.237392 -0.278429
v 0.252294 2.114279 -0.399306
v 0.329617 2.095338 -0.392883
v 0.333847 2.211832 -0.277070
v 0.317200 0.895914 -0.148369
v 0.315585 0.897806 -0.039970
v 0.409976 0.955598 -0.041129
v 0.412676 0.952628 -0.152303
v 0.810417 1.588161 -0.407627
v 0.803907 1.425643 -0.391680
v 0.876600 1.417605 -0.392542
v 0.883236 1.582882 -0.422137
v 0.508387 1.036637 -0.292044
v 0.599567 1.102216 -0.272540
v 0.588526 1.198929 -0.394847
v 0.495875 1.141839 -0.433518
v 0.512563 2.062621 -0.265887
v 0.418815 2.152313 -0.274014
v 0.408681 2.046752 -0.383092
v 0.502868 1.969504 -0.366265
v 0.984867 1.570190 -0.465843
v 0.943690 1.418712 -0.392727
v 0.990045 1.421863 -0.386161
v 0.933906 1.734654 -0.491790
v 0.602900 1.964999 -0.255693
v 0.601214 1.881891 -0.349164
v 0.688132 1.810518 -0.337190
v 0.680800 1.886151 -0.248562
v 0.672073 1.126125 -0.140341
v 0.670341 1.131535 -0.039438
v 0.727011 1.136221 -0.038484
v 0.727618 1.132530 -0.138464
v 0.643090 1.633715 -0.423762
v 0.660134 1.441642 -0.421264
v 0.735809 1.438332 -0.399385
v 0.727538 1.605031 -0.405197
v 0.753342 1.844803 -0.245902
v 0.773668 1.773478 -0.337040
v 0.852923 1.770033 -0.352940
v 0.829736 1.845937 -0.250787
v 0.772962 1.112753 -0.140017
v 0.771280 1.113764 -0.038503
v 0.815638 1.065307 -0.039309
v 0.830214 1.071689 -0.150776
v 1.114093 1.011586 -0.168891
v 1.109105 0.952676 -0.070829
v 1.207491 0.991090 -0.060584
v 1.184071 1.031330 -0.146906
v 0.908189 1.873560 -0.258212
v 0.920739 1.786735 -0.370996
v 0.981571 1.797801 -0.374192
v 0.988440 1.895824 -0.259187
v 0.915621 1.020934 -0.162171
v 0.886155 0.995838 -0.045147
v 0.994366 0.950042 -0.063270
v 1.019636 0.999702 -0.172574
v 1.137039 1.840955 -0.243120
v 1.094236 1.752970 -0.339277
v 1.127034 1.724447 -0.319954
v 1.177362 1.799396 -0.229886
v 1.021961 1.576081 -0.407410
v 1.026786 1.423251 -0.374226
v 1.061264 1.424875 -0.358893
v 1.051211 1.567027 -0.391864
v 1.051030 1.892878 -0.254762
v 1.027101 1.790493 -0.363824
v 1.061501 1.775015 -0.353726
v 1.093631 1.872462 -0.251122
v 1.211346 1.747215 -0.220854
v 1.158470 1.687305 -0.302414
v 1.187491 1.636724 -0.286288
v 1.239012 1.673651 -0.218026
v 1.244862 1.057383 -0.128944
v 1.277090 1.037912 -0.050912
v 1.311146 1.079444 -0.042683
v 1.287419 1.094446 -0.117909
v 1.077342 1.559339 -0.374998
v 1.091543 1.430377 -0.341378
v 1.114392 1.439119 -0.327434
v 1.102873 1.551045 -0.356816
v 1.261470 1.453534 -0.194518
v 1.252472 1.602082 -0.216911
v 1.200869 1.587217 -0.277462
v 1.205794 1.475722 -0.255969
v 1.311220 1.158685 -0.113106
v 1.331008 1.141442 -0.037827
v 1.330699 1.253365 -0.036139
v 1.313172 1.274501 -0.112848
v 1.126540 1.545244 -0.339418
v 1.135219 1.454291 -0.315204
v 1.162654 1.473826 -0.296629
v 1.156686 1.541087 -0.314941
v -0.536942 1.279101 -0.604491
v -0.547503 1.867769 -0.581223
v -0.678473 1.844813 -0.579830
v -0.666973 1.270762 -0.604448
v -0.553756 2.224314 -0.153902
v -0.553777 2.225100 -0.040802
v -0.686511 2.197141 -0.040773
v -0.686637 2.197137 -0.154181
v -0.792043 1.594745 -0.611843
v -0.898925 1.580519 -0.601156
v -0.894099 1.256305 -0.595918
v -0.785616 1.262546 -0.601775
v -0.776345 0.828609 -0.314300
v -0.778899 0.946156 -0.490604
v -0.888223 0.946647 -0.489115
v -0.885843 0.831716 -0.313978
v -0.991779 0.846538 -0.313444
v -0.993790 0.957997 -0.485370
v -1.097864 0.987084 -0.478058
v -1.096860 0.880515 -0.312335
v -1.022337 2.149956 -0.155838
v -1.022502 2.150481 -0.040642
v -1.130137 2.135707 -0.041138
v -1.129875 2.134344 -0.157028
v -1.620455 1.605911 -0.504103
v -1.629839 1.415902 -0.545746
v -1.534580 1.409786 -0.518621
v -1.524503 1.607567 -0.482906
v -0.998079 1.258003 -0.585050
v -1.001800 1.782185 -0.540517
v -1.101539 1.765158 -0.519172
v -1.099720 1.271893 -0.568008
v -1.739111 1.404429 -0.564870
v -1.736065 1.714662 -0.481714
v -1.846160 1.695002 -0.480780
v -1.848395 1.386985 -0.572647
v -2.055945 0.900473 -0.271413
v -2.025132 0.881212 -0.239787
v -2.087921 0.756366 -0.275077
v -2.115081 0.782166 -0.299822
v -1.979845 1.926242 -0.133282
v -1.976330 1.926744 -0.032461
v -2.053976 1.876850 -0.032966
v -2.059771 1.872428 -0.137843
v -1.746158 2.004341 -0.146190
v -1.744980 2.003172 -0.037098
v -1.871070 1.969870 -0.034373
v -1.873239 1.970243 -0.138450
v -2.085479 0.915149 -0.469399
v -2.079344 0.914444 -0.354366
v -2.134718 0.798936 -0.366440
v -2.139865 0.798756 -0.458340
v -2.118385 1.809063 -0.144653
v -2.112739 1.818684 -0.034744
v -2.160816 1.741330 -0.036787
v -2.162507 1.730003 -0.147838
v -1.936775 1.374583 -0.570375
v -1.931876 1.668757 -0.473868
v -2.000761 1.637565 -0.469039
v -2.000620 1.375473 -0.557511
v -1.982760 0.867184 -0.232727
v -1.927792 0.862338 -0.231698
v -2.004261 0.719083 -0.269947
v -2.051169 0.733645 -0.270465
v -2.169527 1.432906 -0.139778
v -2.188803 1.636931 -0.149499
v -2.193289 1.639785 -0.037715
v -2.216179 1.414088 -0.025054
v -2.071438 1.256896 -0.309039
v -2.062211 1.302001 -0.480309
v -2.097810 1.391160 -0.463919
v -2.118336 1.355225 -0.308517
v -2.043247 1.409680 -0.534101
v -2.044779 1.608137 -0.468682
v -2.078811 1.584653 -0.466913
v -2.078031 1.456300 -0.509001
v -1.625581 2.025180 -0.152903
v -1.534094 2.037056 -0.156001
v -1.534317 2.035796 -0.041237
v -1.625093 2.023891 -0.039837
v -1.235290 2.113034 -0.157757
v -1.237103 2.113707 -0.041475
v -1.333609 2.087029 -0.041295
v -1.331109 2.087841 -0.157604
v -1.196044 1.298796 -0.545423
v -1.197720 1.750452 -0.496240
v -1.284585 1.740023 -0.474353
v -1.282146 1.336484 -0.520613
v -1.198168 0.936727 -0.309482
v -1.197390 1.036003 -0.466070
v -1.286851 1.100057 -0.451433
v -1.289374 1.010190 -0.305692
v -0.805230 2.149528 -0.310540
v -0.913420 2.128903 -0.309547
v -0.906141 2.002710 -0.465105
v -0.800294 2.028130 -0.473561
v -1.455805 1.992040 -0.301768
v -1.438677 1.866181 -0.404568
v -1.370922 1.879036 -0.408659
v -1.393600 2.008565 -0.301882
v -1.433178 1.603661 -0.476317
v -1.439198 1.399159 -0.497374
v -1.357183 1.376895 -0.500898
v -1.354093 1.592680 -0.488772
v -1.440992 1.119189 -0.151066
v -1.434607 1.134596 -0.043073
v -1.364995 1.077160 -0.044341
v -1.367341 1.070919 -0.157388
v -1.436132 1.186544 -0.451587
v -1.436777 1.110018 -0.305441
v -1.367523 1.075621 -0.305616
v -1.364108 1.159759 -0.444223
v -1.469829 2.046664 -0.041388
v -1.469173 2.048015 -0.156775
v -1.408516 2.064445 -0.157170
v -1.409657 2.063150 -0.041236
v -0.807079 2.176473 -0.040689
v -0.916412 2.162419 -0.040579
v -0.916404 2.162216 -0.155003
v -0.807265 2.176438 -0.154518
v -1.195647 0.924530 -0.042799
v -1.197033 0.923216 -0.156365
v -1.288376 0.998155 -0.157535
v -1.286880 0.999452 -0.043904
v -1.208485 1.924168 -0.428774
v -1.226325 2.060039 -0.304822
v -1.318444 2.032409 -0.303045
v -1.297005 1.898634 -0.417219
v -1.618464 1.852853 -0.418884
v -1.518800 1.858276 -0.408330
v -1.525015 1.981958 -0.303228
v -1.619046 1.973683 -0.304404
v -2.024956 1.255359 -0.035023
v -2.045129 1.247222 -0.140502
v -2.108455 1.333034 -0.140985
v -2.092223 1.319615 -0.034244
v -2.123032 1.473230 -0.452361
v -2.123379 1.593421 -0.430654
v -2.164486 1.625371 -0.307725
v -2.159470 1.461679 -0.308263
v -1.906485 1.170796 -0.029434
v -1.916550 1.145214 -0.095137
v -1.981359 1.177174 -0.115139
v -1.964135 1.200033 -0.031001
v -2.064769 1.700035 -0.416533
v -2.102935 1.775364 -0.297660
v -2.141929 1.700976 -0.303175
v -2.099794 1.645872 -0.423047
v -1.706083 1.162240 -0.035809
v -1.721737 1.141628 -0.105951
v -1.831440 1.137689 -0.100105
v -1.821143 1.159652 -0.032233
v -1.734103 1.843152 -0.425771
v -1.739028 1.958388 -0.300772
v -1.865238 1.928178 -0.291944
v -1.850996 1.820569 -0.421262
v -1.944911 1.787062 -0.413835
v -1.970093 1.886349 -0.284889
v -2.047920 1.836302 -0.289214
v -2.016928 1.747146 -0.411741
v -1.505679 1.162380 -0.040331
v -1.521994 1.141399 -0.128907
v -1.613409 1.147166 -0.111210
v -1.593464 1.168045 -0.037883
v -1.008418 1.977969 -0.454568
v -1.018362 2.109427 -0.308557
v -1.123893 2.086687 -0.306901
v -1.110157 1.951702 -0.441858
v -0.990979 0.830402 -0.041247
v -0.991189 0.830490 -0.154593
v -1.095856 0.865930 -0.155408
v -1.095003 0.866855 -0.041868
v -0.775948 0.810393 -0.040820
v -0.775961 0.810981 -0.154058
v -0.885460 0.814560 -0.154177
v -0.885440 0.814006 -0.040926
v -0.551181 2.083919 -0.480877
v -0.553234 2.203189 -0.310985
v -0.685567 2.174926 -0.311547
v -0.682579 2.056055 -0.480216
v 1.184317 1.326906 -0.243642
v 1.257553 1.216700 -0.170901
v 1.266235 1.325285 -0.174753
v 1.202298 1.395172 -0.240899
v 1.323699 1.413336 -0.037611
v 1.326502 1.617561 -0.037282
v 1.298640 1.611565 -0.130799
v 1.303741 1.427788 -0.122249
v 1.138583 1.250547 -0.260436
v 1.201045 1.116086 -0.180389
v 1.236888 1.151503 -0.172515
v 1.165607 1.278947 -0.249398
v 1.275639 1.776339 -0.033230
v 1.255193 1.766510 -0.122335
v 1.284734 1.691531 -0.126075
v 1.310275 1.701820 -0.034570
v 1.064490 1.943127 -0.040075
v 1.061934 1.929367 -0.142460
v 1.117473 1.904583 -0.139961
v 1.128882 1.914812 -0.038487
v 1.184369 1.877477 -0.036479
v 1.168253 1.869099 -0.134833
v 1.216581 1.822002 -0.126073
v 1.233385 1.831389 -0.034625
v 0.944384 1.216659 -0.321803
v 0.944785 1.086333 -0.255879
v 1.020802 1.072781 -0.240931
v 1.000885 1.213245 -0.312369
v 0.899941 1.928640 -0.040473
v 0.902772 1.913565 -0.145940
v 0.988167 1.934697 -0.145550
v 0.987375 1.949275 -0.040450
v 1.045976 1.216173 -0.297917
v 1.083670 1.075152 -0.220200
v 1.144447 1.091791 -0.198889
v 1.094157 1.229997 -0.279969
v 0.793735 1.245289 -0.330604
v 0.785498 1.146682 -0.245093
v 0.856363 1.114913 -0.252905
v 0.866629 1.225922 -0.324928
v 0.747489 1.888198 -0.040641
v 0.748577 1.878101 -0.142009
v 0.820200 1.884266 -0.144035
v 0.816555 1.898452 -0.040473
v 0.670311 1.240976 -0.363128
v 0.673268 1.146295 -0.256757
v 0.731785 1.160542 -0.248013
v 0.734996 1.256753 -0.343355
v 0.617562 1.993951 -0.041583
v 0.614909 1.990778 -0.144552
v 0.685255 1.914232 -0.141907
v 0.686593 1.919282 -0.041041
v 0.532823 2.094737 -0.041772
v 0.437460 2.191741 -0.041409
v 0.434310 2.186641 -0.150577
v 0.529481 2.091005 -0.148348
v 0.504491 1.026543 -0.041151
v 0.596483 1.092947 -0.040486
v 0.600170 1.087100 -0.144561
v 0.508144 1.022027 -0.149687
v 0.320175 1.010432 -0.487819
v 0.326312 0.908810 -0.309013
v 0.414271 0.967858 -0.306040
v 0.404221 1.080767 -0.465269
v 0.256088 2.285045 -0.040808
v 0.255659 2.278142 -0.151531
v 0.342634 2.251016 -0.151337
v 0.344437 2.257423 -0.040991
v -0.528497 0.805500 -0.040799
v -0.528515 0.806116 -0.154020
v -0.657537 0.809044 -0.154041
v -0.657525 0.808443 -0.040805
v -0.106239 0.819517 -0.191175
v 0.002920 0.825794 -0.152661
v 0.011653 0.807317 -0.175998
v -0.085696 0.798650 -0.212417
v -0.157402 2.280231 -0.040780
v -0.157504 2.276047 -0.152728
v -0.043830 2.274886 -0.152318
v -0.043781 2.280092 -0.040771
v -0.281774 2.272784 -0.040788
v -0.416105 2.253119 -0.040796
v -0.415985 2.251240 -0.153584
v -0.281738 2.269742 -0.153168
v -0.391855 0.807094 -0.040659
v -0.253799 0.813991 -0.039684
v -0.253657 0.814673 -0.148432
v -0.392022 0.807725 -0.153385
v -0.178128 0.872673 -0.498652
v -0.177085 0.823716 -0.318871
v -0.144141 0.796791 -0.329899
v -0.144287 0.802800 -0.494171
v 0.062970 2.282524 -0.040765
v 0.063071 2.276465 -0.151956
v 0.163678 2.281349 -0.151688
v 0.163615 2.288011 -0.040767
v 0.263646 0.772788 -0.348168
v 0.278664 0.771038 -0.494689
v 0.308749 0.678891 -0.494594
v 0.285299 0.681309 -0.358760
v -0.059688 0.737694 -0.222255
v 0.033946 0.752092 -0.196931
v 0.070347 0.660168 -0.224937
v -0.012722 0.641720 -0.239339
v 0.112471 0.837171 -0.153349
v 0.209550 0.852639 -0.192522
v 0.201246 0.831278 -0.226769
v 0.116285 0.821386 -0.184000
v -0.001210 0.966725 -0.654403
v -0.109295 0.941863 -0.618585
v -0.085914 0.813353 -0.612530
v 0.012477 0.822409 -0.654767
v 0.206376 0.967147 -0.615950
v 0.108276 0.974568 -0.653271
v 0.120045 0.831023 -0.654713
v 0.210338 0.837379 -0.612397
v 0.269417 0.867878 -0.319058
v 0.268393 0.912613 -0.496854
v 0.260700 0.836110 -0.494452
v 0.254474 0.833249 -0.336607
v 0.008284 0.517077 -0.490900
v 0.010712 0.524485 -0.350660
v 0.090793 0.453979 -0.367002
v 0.091258 0.437716 -0.480712
v 0.186235 0.592001 -0.284471
v 0.246687 0.595519 -0.312498
v 0.277164 0.501694 -0.354887
v 0.232256 0.507499 -0.333691
v 0.037786 0.745014 -0.654453
v -0.059378 0.736240 -0.611559
v -0.012405 0.635102 -0.610642
v 0.081460 0.648603 -0.651257
v 0.133178 0.769462 -0.214478
v 0.209256 0.775491 -0.254293
v 0.227368 0.685479 -0.280362
v 0.158866 0.679198 -0.246940
v -0.116677 0.731266 -0.493587
v -0.116249 0.731386 -0.332547
v -0.065634 0.629475 -0.337741
v -0.067719 0.627271 -0.493645
v 0.232319 0.765875 -0.611322
v 0.144325 0.755851 -0.654243
v 0.183401 0.663034 -0.648289
v 0.266642 0.674046 -0.606622
v 0.375403 0.364473 -0.425530
v 0.406289 0.358851 -0.505764
v 0.431286 0.263704 -0.501831
v 0.402143 0.265731 -0.436138
v 0.160032 0.407312 -0.481022
v 0.153574 0.429550 -0.375360
v 0.222042 0.416412 -0.385652
v 0.230180 0.387266 -0.493729
v 0.302291 0.569910 -0.595030
v 0.228870 0.559258 -0.629964
v 0.277630 0.452854 -0.600388
v 0.341166 0.462868 -0.582981
v 0.050671 0.545946 -0.270702
v 0.113358 0.570323 -0.263286
v 0.170383 0.497285 -0.314865
v 0.113385 0.480030 -0.311538
v 0.307888 0.582939 -0.375185
v 0.338222 0.574283 -0.494296
v 0.369318 0.467732 -0.498980
v 0.336733 0.482245 -0.401748
v 0.138543 0.542943 -0.634206
v 0.056063 0.526947 -0.599790
v 0.125116 0.444015 -0.564945
v 0.196046 0.447093 -0.590944
v 0.375184 0.191426 -0.495685
v 0.379525 0.209347 -0.434924
v 0.399497 0.220340 -0.435848
v 0.417918 0.209291 -0.497181
v 0.295638 0.314160 -0.500601
v 0.301090 0.339770 -0.412286
v 0.352965 0.242014 -0.433025
v 0.337050 0.223553 -0.497729
v 0.313012 0.374536 -0.387949
v 0.331851 0.370194 -0.395582
v 0.376639 0.262102 -0.418494
v 0.372765 0.258904 -0.418708
v 0.383336 0.350293 -0.577693
v 0.328308 0.334624 -0.578840
v 0.364291 0.230730 -0.560818
v 0.413224 0.250363 -0.561593
v -2.154835 0.317113 -0.467139
v -2.172869 0.330599 -0.457350
v -2.178682 0.192848 -0.449399
v -2.158066 0.171518 -0.456824
v -2.182709 0.338752 -0.430733
v -2.182697 0.338756 -0.394215
v -2.188759 0.201717 -0.396862
v -2.188759 0.201717 -0.428085
v -2.131456 0.305436 -0.356327
v -2.104449 0.296684 -0.356327
v -2.097349 0.149233 -0.366887
v -2.130244 0.157682 -0.366887
v -2.035539 0.883048 -0.582185
v -2.068313 0.901954 -0.551661
v -2.125398 0.781814 -0.524601
v -2.096015 0.756128 -0.549138
v -1.867470 0.860940 -0.234360
v -1.807572 0.852620 -0.257362
v -1.902753 0.698355 -0.293696
v -1.952147 0.708944 -0.272700
v -1.763388 0.838933 -0.336059
v -1.760917 0.838109 -0.462352
v -1.868155 0.688575 -0.456379
v -1.869075 0.688961 -0.359054
v -1.804327 0.852021 -0.552427
v -1.866484 0.861512 -0.579099
v -1.951948 0.708906 -0.548308
v -1.901639 0.697934 -0.525601
v -1.928710 0.863330 -0.585918
v -1.988062 0.868890 -0.588164
v -2.054870 0.733562 -0.553467
v -2.005032 0.719062 -0.552796
v -1.773864 1.180486 -0.599817
v -1.869932 1.169031 -0.612408
v -1.920409 1.006520 -0.612012
v -1.844607 1.010594 -0.604896
v -1.591211 1.182091 -0.553055
v -1.678818 1.190394 -0.581401
v -1.768234 1.016575 -0.592791
v -1.694829 1.010617 -0.566369
v -1.527214 1.076109 -0.305019
v -1.528589 1.119623 -0.462377
v -1.643414 0.983462 -0.464446
v -1.644886 0.973617 -0.315036
v -1.673340 1.096781 -0.160521
v -1.587079 1.089606 -0.191652
v -1.696664 0.992542 -0.224551
v -1.768530 1.000641 -0.198104
v -1.949581 1.167862 -0.612225
v -2.004035 1.180302 -0.583783
v -2.022334 1.026537 -0.573588
v -1.980666 1.012526 -0.607886
v -1.861978 1.083805 -0.152980
v -1.768065 1.090121 -0.155154
v -1.843418 0.994940 -0.194589
v -1.914977 0.990383 -0.195252
v -2.039796 1.174377 -0.485660
v -2.040228 1.149546 -0.323533
v -2.041390 1.030924 -0.342418
v -2.046418 1.035660 -0.478178
v -1.997173 1.117066 -0.196031
v -1.937744 1.089577 -0.154979
v -1.971717 0.997258 -0.203533
v -2.012668 1.014719 -0.242206
v -2.005770 0.069586 -0.396219
v -2.005770 0.069586 -0.428728
v -2.042383 0.053652 -0.431327
v -2.042383 0.053652 -0.393620
v -2.089206 0.058346 -0.393083
v -2.089206 0.058346 -0.431865
v -2.127994 0.067644 -0.431865
v -2.127995 0.067644 -0.393083
v -2.160306 0.085357 -0.393620
v -2.160306 0.085357 -0.431327
v -2.183237 0.122716 -0.428728
v -2.183236 0.122716 -0.396219
v -2.031780 0.276569 -0.394212
v -2.031780 0.276569 -0.430726
v -2.007568 0.141770 -0.428085
v -2.007567 0.141770 -0.396862
v -2.074625 0.288465 -0.357809
v -2.047720 0.281389 -0.367598
v -2.025528 0.144317 -0.375548
v -2.058619 0.143036 -0.368124
v -2.172845 0.330606 -0.367598
v -2.154823 0.317118 -0.357808
v -2.158067 0.171518 -0.368124
v -2.178682 0.192848 -0.375548
v -2.104449 0.296684 -0.468617
v -2.131459 0.305435 -0.468619
v -2.130244 0.157682 -0.458061
v -2.097349 0.149233 -0.458061
v -2.047720 0.281390 -0.457342
v -2.074624 0.288465 -0.467133
v -2.058618 0.143036 -0.456824
v -2.025528 0.144317 -0.449399
v -1.982874 0.557032 -0.495002
v -2.020288 0.569015 -0.512666
v -2.064803 0.436230 -0.482844
v -2.038074 0.426107 -0.470231
v -2.062401 0.582611 -0.515678
v -2.102330 0.599355 -0.515945
v -2.125179 0.459998 -0.484858
v -2.095633 0.447477 -0.484803
v -2.155818 0.648364 -0.329545
v -2.132720 0.623062 -0.311521
v -2.150127 0.476253 -0.341938
v -2.168650 0.493563 -0.354524
v -2.020301 0.569047 -0.311236
v -1.983075 0.557132 -0.328465
v -2.038081 0.426111 -0.354491
v -2.064803 0.436232 -0.341948
v -1.960337 0.549517 -0.377490
v -1.960159 0.549435 -0.445908
v -2.022555 0.419988 -0.435913
v -2.022562 0.419991 -0.388779
v -2.101025 0.599666 -0.308753
v -2.062135 0.582700 -0.308703
v -2.095621 0.447482 -0.340059
v -2.125065 0.460032 -0.340052
v -2.172508 0.663833 -0.446227
v -2.170166 0.664234 -0.378696
v -2.178872 0.504477 -0.388879
v -2.179247 0.504372 -0.436067
v -2.135978 0.622409 -0.513277
v -2.160367 0.647547 -0.495305
v -2.169342 0.493370 -0.470419
v -2.150547 0.476135 -0.482996
v 1.300068 1.542000 -0.131283
v 1.325126 1.539764 -0.038988
v -2.172947 1.554304 -0.308314
v -2.129204 1.543138 -0.442665
v -1.358743 1.735154 -0.456447
v -1.433230 1.732835 -0.446052
v -1.281204 1.578558 -0.510903
v -1.196140 1.569324 -0.537066
v -2.080762 1.528828 -0.489828
v -2.045820 1.525471 -0.501731
v -2.206825 1.526044 -0.034282
v -2.197122 1.540905 -0.143731
v -2.000421 1.533683 -0.508816
v -1.932418 1.552487 -0.514298
v -1.846174 1.574204 -0.520562
v -1.734134 1.594245 -0.520289
v -1.101033 1.566802 -0.562861
v -1.001058 1.570689 -0.584879
v -1.522035 1.729685 -0.450333
v -1.623201 1.724986 -0.467629
v -0.900875 1.801080 -0.557816
v -0.795744 1.822026 -0.570668
v -0.673840 1.611028 -0.618157
v -0.543186 1.627931 -0.618629
v 1.161256 1.588104 -0.314191
v 1.131655 1.607953 -0.337108
v 1.202296 1.542712 -0.272612
v 1.256425 1.545042 -0.212057
v 1.103904 1.626058 -0.357216
v 1.072889 1.643661 -0.380418
v 1.046316 1.656851 -0.398659
v 1.015766 1.667775 -0.414804
v 0.708720 1.707695 -0.384837
v 0.621280 1.759079 -0.400420
v 0.997736 1.614494 -0.467994
v 0.908337 1.688511 -0.486234
v 0.874463 1.675733 -0.413046
v 0.797782 1.681400 -0.389688
v 0.420799 1.879466 -0.451336
v 0.519816 1.823777 -0.424969
v 0.166506 1.907824 -0.496811
v 0.064327 1.901302 -0.510114
v -0.043197 1.900980 -0.524275
v -0.155853 1.903164 -0.539286
v -0.406699 1.643650 -0.611415
v -0.271502 1.653223 -0.599932
v 0.339007 1.909616 -0.470938
v 0.258588 1.914903 -0.484443
v 0.989794 1.661132 -0.570790
v 0.958017 1.828193 -0.570875
v 0.978312 1.627880 -0.567354
v 0.916519 1.715901 -0.595512
v 0.988334 1.690314 -0.483805
v 0.945789 1.568545 -0.474625
v 0.916913 1.611454 -0.481514
v 0.972296 1.735282 -0.493910
v 0.942062 1.671665 -0.634789
v 0.975527 1.677412 -0.627421
v 0.976615 1.734991 -0.646241
v 0.943386 1.731379 -0.648710
v 0.985096 1.722521 -0.590835
v 0.943991 1.623076 -0.576661
v 0.988950 1.837585 -0.646080
v 0.920908 1.651980 -0.585225
v 0.980216 1.910505 -0.611174
v 0.997546 1.909372 -0.612825
v 0.943153 1.830112 -0.606374
v 0.992431 1.831140 -0.608476
v 0.964149 1.837120 -0.645227
v 0.983065 1.828628 -0.572306
v -2.219565 1.257738 -0.051694
v -2.142097 1.328307 -0.025548
v -2.184356 1.375358 -0.058161
v -2.369419 1.046520 -0.023746
v -2.186745 1.228540 -0.023126
v -2.247075 1.281554 -0.022777
v -2.454307 0.879464 -0.023032
v -2.350492 1.028959 -0.052744
v -2.330732 1.003859 -0.024047
vn 0.0110 -0.3314 0.9434
vn -0.0012 0.4171 0.9089
vn 0.0964 -0.9953 -0.0000
vn 0.0269 0.0827 0.9962
vn -0.4275 -0.2431 0.8707
vn 0.1137 0.4086 0.9056
vn 0.1185 0.4064 0.9060
vn -0.0231 0.9997 -0.0000
vn 0.0115 -0.9999 -0.0000
vn -0.1997 0.9799 -0.0000
vn 0.0541 -0.9985 -0.0000
vn -0.0593 0.9982 -0.0000
vn 0.0329 0.9995 -0.0000
vn 0.3633 -0.9317 -0.0000
vn 0.6449 -0.1113 0.7561
vn 0.0908 0.3978 0.9130
vn 0.5733 0.8193 -0.0000
vn 0.6012 -0.7991 -0.0000
vn 0.4428 -0.1803 0.8783
vn 0.3508 0.3785 0.8566
vn 0.7657 0.6432 -0.0000
vn 0.4554 -0.8903 -0.0000
vn 0.4313 -0.2215 0.8746
vn 0.4673 0.3879 0.7945
vn 0.4408 0.8976 -0.0000
vn -0.4557 -0.8901 -0.0000
vn 0.1154 -0.3128 0.9428
vn 0.1409 0.4706 0.8710
vn -0.3399 0.9405 -0.0000
vn -0.7113 -0.7029 -0.0000
vn 0.0131 -0.3342 0.9424
vn -0.6899 0.4967 0.5266
vn 0.0844 0.9964 -0.0000
vn -0.0138 -0.9999 -0.0000
vn 0.2952 -0.3050 0.9054
vn 0.7772 0.3918 0.4924
vn 0.5580 0.8298 -0.0000
vn 0.5943 -0.8042 -0.0000
vn 0.5090 -0.2432 0.8257
vn 0.5741 0.1951 0.7952
vn 0.7913 0.6114 -0.0000
vn 0.9537 -0.3009 -0.0000
vn 0.6197 -0.1790 0.7642
vn 0.6257 0.1278 0.7695
vn 0.9817 0.1902 -0.0000
vn 0.9991 0.0414 -0.0000
vn 0.6799 -0.1700 0.7134
vn 0.6799 0.0379 0.7324
vn -0.0163 -0.9999 -0.0000
vn 0.0005 -0.3452 0.9385
vn -0.1570 0.4173 0.8951
vn -0.1689 0.9856 -0.0000
vn -0.1536 -0.9881 -0.0000
vn -0.0891 -0.3379 0.9370
vn -0.2176 0.3940 0.8930
vn -0.2896 -0.2986 0.9094
vn -0.4971 -0.8677 -0.0000
vn -0.3441 -0.2569 0.9031
vn -0.2252 0.3013 0.9265
vn -0.2025 0.9793 -0.0000
vn -0.2538 0.3483 0.9024
vn -0.3003 0.9539 -0.0000
vn -0.3676 -0.9300 -0.0000
vn 0.4269 -0.1717 0.8879
vn -0.1671 0.9859 -0.0000
vn 0.0200 0.2990 0.9540
vn 0.0514 -0.9987 -0.0000
vn 0.1718 0.1171 0.9781
vn 0.0579 0.3757 0.9249
vn -0.1691 0.9856 -0.0000
vn -0.1414 -0.9899 -0.0000
vn -0.0229 0.1881 0.9819
vn -0.2115 0.4154 0.8847
vn -0.3815 0.9244 -0.0000
vn -0.6708 -0.7416 -0.0000
vn -0.8133 -0.0270 0.5812
vn -0.3100 0.4054 0.8600
vn -0.7020 0.7122 -0.0000
vn -0.1235 -0.9924 -0.0000
vn -0.8030 -0.1311 0.5814
vn -0.5356 0.3759 0.7562
vn -0.9504 0.3109 -0.0000
vn -0.7066 -0.7077 -0.0000
vn -0.1122 0.9937 -0.0000
vn 0.0114 -0.9939 0.1098
vn 0.0978 -0.9943 -0.0430
vn -0.0298 0.9802 0.1958
vn -0.1800 0.9743 0.1353
vn -0.0009 -0.9995 0.0309
vn 0.0034 0.9659 0.2589
vn 0.4191 -0.9074 -0.0301
vn 0.0424 0.9536 0.2980
vn 0.5904 -0.8037 0.0739
vn 0.5505 0.7848 0.2847
vn 0.5014 -0.8572 0.1177
vn 0.7367 0.6313 0.2425
vn -0.3178 -0.9038 0.2868
vn 0.4843 0.8390 0.2481
vn -0.3688 -0.7542 0.5433
vn -0.3302 0.8804 0.3405
vn 0.2089 -0.5976 0.7741
vn 0.0885 0.9433 0.3201
vn 0.4199 -0.4148 0.8072
vn 0.5733 0.7421 0.3473
vn -0.0149 -0.9942 0.1063
vn 0.6230 -0.1941 0.7578
vn 0.7771 0.4742 0.4138
vn 0.8298 -0.0156 0.5579
vn 0.8634 0.1626 0.4776
vn -0.1826 0.9720 0.1478
vn -0.1433 -0.9848 0.0985
vn -0.2095 0.9255 0.3156
vn -0.4876 -0.8701 0.0719
vn -0.2770 0.8918 0.3577
vn 0.1394 -0.9565 -0.2561
vn -0.0447 -0.7086 -0.7042
vn 0.0808 -0.7395 -0.6683
vn -0.1588 0.9420 0.2956
vn -0.3811 0.8900 0.2504
vn -0.8868 -0.3931 -0.2429
vn -0.7123 0.6689 0.2126
vn -0.8968 -0.4372 0.0684
vn -0.9469 0.2713 0.1728
vn -0.6576 -0.7523 0.0402
vn -0.1383 0.9640 0.2273
vn -0.1479 0.9240 0.3525
vn -0.0000 -0.0049 1.0000
vn -0.8403 -0.3111 0.4440
vn 0.8853 0.2519 0.3908
vn 0.1778 -0.3951 -0.9013
vn -0.8064 -0.3975 -0.4378
vn 0.8769 -0.0741 -0.4749
vn 0.0662 -0.1397 0.9880
vn -0.7497 -0.5242 0.4039
vn 0.8975 0.2518 0.3620
vn 0.3169 -0.2707 -0.9090
vn -0.6546 -0.5807 -0.4841
vn 0.7488 -0.0234 -0.6624
vn -0.5067 -0.6117 0.6075
vn -0.3949 -0.8926 0.2175
vn 0.8824 0.3127 0.3515
vn 0.0459 -0.4777 -0.8773
vn -0.2248 -0.8287 -0.5125
vn 0.5791 -0.0009 -0.8153
vn 0.9357 -0.2674 0.2301
vn -0.5728 -0.7558 0.3172
vn -0.3301 -0.3305 -0.8842
vn 0.5583 -0.0264 -0.8292
vn 0.7169 -0.5334 -0.4489
vn 0.7263 -0.5269 0.4414
vn -0.2335 -0.1869 -0.9542
vn -0.2136 -0.1959 0.9571
vn -0.0153 -0.2640 -0.9644
vn 0.0072 -0.2591 0.9658
vn -0.9390 0.1899 0.2868
vn -0.9170 0.2074 -0.3407
vn -0.1994 -0.1991 -0.9595
vn 0.0537 -0.2943 -0.9542
vn -0.9148 0.2565 -0.3121
vn -0.9225 0.2800 0.2656
vn -0.1293 -0.1275 0.9834
vn 0.6104 -0.6186 -0.4946
vn 0.6877 -0.5445 0.4802
vn 0.1357 -0.1864 0.9731
vn 0.7545 0.0368 -0.6552
vn 0.7545 0.0368 0.6552
vn -0.1927 -0.3023 -0.9335
vn -0.1927 -0.3023 0.9335
vn -0.0161 -0.3018 -0.9532
vn -0.0161 -0.3018 0.9532
vn -0.8957 -0.0499 0.4418
vn -0.8957 -0.0499 -0.4418
vn -0.1259 -0.0969 -0.9873
vn 0.0187 -0.1094 -0.9938
vn -0.9461 0.0024 -0.3238
vn -0.9475 -0.0006 0.3197
vn -0.1248 -0.0971 0.9874
vn 0.8712 -0.0926 0.4821
vn 0.8710 -0.0933 -0.4823
vn 0.0199 -0.1087 0.9939
vn 0.0069 -0.8296 0.5583
vn 0.0377 -0.0257 0.9990
vn 0.0542 -0.9985 -0.0000
vn 0.0011 1.0000 -0.0000
vn 0.1347 0.4079 0.9030
vn 0.1975 -0.9803 -0.0000
vn 0.0958 -0.9954 0.0006
vn 0.0813 0.1580 0.9841
vn 0.0496 0.7824 0.6208
vn -0.0032 0.0474 0.9989
vn -0.0689 -0.3145 0.9468
vn 0.0694 0.4121 0.9085
vn -0.2069 0.0270 0.9780
vn -0.1962 0.9805 0.0110
vn 0.0536 -0.9986 0.0044
vn 0.0696 0.7387 0.6705
vn -0.1447 0.9895 -0.0000
vn 0.0499 -0.9988 -0.0000
vn -0.1412 0.9900 -0.0000
vn -0.2065 0.9784 -0.0000
vn 0.3584 -0.9334 -0.0183
vn 0.2156 0.1184 0.9693
vn 0.0634 0.7113 0.7001
vn 0.2880 0.0794 0.9543
vn 0.0885 0.4024 0.9112
vn -0.0545 0.9985 -0.0000
vn 0.5854 -0.8107 -0.0000
vn 0.5935 -0.8036 -0.0446
vn 0.3267 0.0861 0.9412
vn 0.4572 0.6209 0.6368
vn 0.4319 -0.1812 0.8835
vn 0.1830 0.3945 0.9005
vn 0.2960 0.9552 -0.0000
vn 0.5230 -0.8523 -0.0000
vn 0.4710 -0.1866 0.8622
vn 0.7127 0.7015 -0.0000
vn 0.4461 0.3687 0.8155
vn -0.4358 -0.9001 -0.0000
vn 0.4600 -0.8856 -0.0633
vn 0.3444 0.0410 0.9379
vn 0.6292 0.5532 0.5460
vn -0.4349 -0.9002 -0.0195
vn 0.0147 -0.0506 0.9986
vn 0.3918 0.7336 0.5552
vn 0.4261 0.4205 0.8010
vn 0.7313 0.6821 -0.0000
vn 0.0759 -0.9971 -0.0000
vn 0.3139 -0.2683 0.9108
vn -0.6310 -0.7469 0.2098
vn -0.3570 -0.3595 0.8622
vn -0.3299 0.7289 0.5999
vn -0.0144 -0.3362 0.9417
vn -0.2223 0.4596 0.8598
vn -0.7395 -0.6731 -0.0000
vn 0.4016 0.9158 -0.0000
vn 0.0721 -0.8711 0.4857
vn 0.6532 -0.2633 0.7100
vn 0.1454 0.7326 0.6650
vn 0.1435 -0.3242 0.9350
vn -0.0771 0.9112 0.4047
vn -0.2275 0.9738 -0.0000
vn 0.9998 -0.0178 -0.0000
vn 0.5091 -0.7242 0.4651
vn 0.5125 -0.1546 0.8447
vn 0.5498 0.5047 0.6656
vn 0.3740 -0.9274 -0.0000
vn 0.4087 -0.2819 0.8681
vn 0.4710 0.2690 0.8401
vn -0.0043 -0.8376 0.5463
vn 0.8992 -0.2970 0.3213
vn 0.5788 -0.1479 0.8019
vn 0.6957 0.3051 0.6504
vn 0.6321 0.1442 0.7613
vn 0.6828 0.7306 -0.0000
vn 0.8034 -0.5954 -0.0000
vn 0.5666 -0.2076 0.7974
vn 0.9760 0.0464 0.2129
vn 0.6774 -0.1378 0.7226
vn 0.7515 0.1042 0.6515
vn 0.6416 0.0967 0.7609
vn 0.9022 0.4314 -0.0000
vn 1.0000 -0.0068 -0.0000
vn 0.6558 -0.1714 0.7352
vn -0.0368 -0.0281 0.9989
vn -0.1681 0.9858 -0.0013
vn -0.0233 -0.3443 0.9386
vn 0.0084 -0.3415 0.9398
vn -0.0229 -0.9997 -0.0000
vn -0.0912 0.4195 0.9032
vn -0.1172 -0.8408 0.5285
vn -0.1847 -0.3220 0.9286
vn -0.0332 -0.9994 -0.0000
vn -0.1990 0.9799 0.0096
vn -0.2633 0.9647 -0.0000
vn -0.1361 -0.0020 0.9907
vn -0.2511 0.0300 0.9675
vn -0.4390 -0.7618 0.4763
vn 0.1149 0.3261 0.9383
vn -0.1358 0.9907 -0.0000
vn -0.2953 0.9554 -0.0065
vn -0.3308 -0.9437 -0.0000
vn 0.4219 -0.8317 0.3608
vn -0.2682 0.9634 -0.0000
vn -0.1219 -0.3957 -0.9103
vn -0.1888 0.4098 0.8924
vn -0.2429 0.3721 0.8958
vn 0.0184 -0.2605 -0.9653
vn 0.1313 0.2171 0.9673
vn -0.1694 0.9854 -0.0142
vn -0.0960 0.4093 0.9073
vn -0.1296 0.9916 -0.0000
vn 0.1389 0.1373 0.9807
vn 0.3020 0.0787 0.9501
vn -0.0696 -0.9976 -0.0000
vn -0.1085 0.2877 0.9515
vn -0.3811 0.9245 -0.0123
vn -0.3220 0.1735 0.9307
vn 0.0849 0.1510 0.9849
vn -0.2553 0.9669 -0.0000
vn 0.0213 -0.9998 -0.0000
vn -0.9701 -0.2281 0.0829
vn -0.2421 0.2686 0.9323
vn -0.7167 0.6973 0.0024
vn -0.5427 0.8399 -0.0000
vn -0.2591 0.4138 0.8728
vn -0.4632 -0.8862 -0.0000
vn -0.9250 -0.2958 0.2386
vn -0.6954 0.1134 0.7096
vn -0.9564 0.2904 0.0312
vn -0.9962 0.0867 -0.0000
vn -0.8446 0.5355 -0.0000
vn -0.3835 0.4030 0.8310
vn -0.7509 -0.1423 0.6449
vn -0.6822 -0.7312 -0.0000
vn -0.2668 0.0543 0.9622
vn -0.2510 0.3235 0.9123
vn -0.3763 -0.2737 0.8851
vn -0.6347 -0.7728 -0.0000
vn -0.5786 -0.6917 0.4321
vn -0.1278 0.9918 -0.0000
vn -0.1122 0.9937 0.0013
vn -0.0405 -0.2326 0.9717
vn -0.1363 0.2929 0.9464
vn -0.1679 0.9857 -0.0122
vn -0.6368 -0.7710 -0.0000
vn 0.0116 -0.9999 0.0051
vn -0.4940 -0.8327 -0.2504
vn -0.0556 0.9980 0.0309
vn -0.1104 0.8140 0.5703
vn -0.3229 -0.8679 0.3775
vn -0.0198 0.9986 0.0489
vn 0.7590 -0.5973 0.2590
vn 0.0340 0.9977 0.0593
vn 0.5854 -0.6394 0.4985
vn 0.5715 0.8188 0.0549
vn 0.5410 -0.6335 0.5533
vn 0.7638 0.6441 0.0420
vn -0.0352 -0.6804 0.7320
vn 0.4643 0.8832 0.0665
vn -0.1047 -0.4882 0.8664
vn -0.3363 0.9312 0.1403
vn 0.3044 -0.4009 0.8641
vn 0.0841 0.9875 0.1332
vn 0.4547 -0.3104 0.8348
vn 0.5669 0.8099 0.1506
vn -0.0163 -0.9999 0.0048
vn 0.5796 -0.1443 0.8020
vn 0.7916 0.5699 0.2205
vn 0.6838 -0.1266 0.7186
vn 0.9397 0.1819 0.2897
vn -0.2021 0.7972 0.5688
vn -0.1515 -0.9885 0.0027
vn -0.2371 0.6588 0.7140
vn -0.4947 -0.8689 -0.0144
vn -0.2278 0.6002 0.7668
vn -0.2887 -0.9351 -0.2054
vn -0.0864 -0.9343 -0.3458
vn 0.0583 -0.9613 -0.2694
vn -0.0593 0.7034 0.7083
vn -0.3180 0.7118 0.6263
vn -0.7047 -0.6619 -0.2555
vn -0.5571 0.5947 0.5796
vn -0.5936 -0.7119 0.3752
vn -0.8349 0.3419 0.4312
vn -0.6935 -0.7198 -0.0315
vn -0.1988 0.7446 0.6373
vn -0.0491 0.6269 0.7776
vn -0.4834 -0.8754 -0.0095
vn -0.2433 0.9005 0.3605
vn -0.1502 0.9713 0.1843
vn -0.6309 -0.7736 0.0590
vn -0.2523 0.9044 0.3441
vn -0.1098 0.9375 0.3301
vn -0.8600 -0.5081 -0.0462
vn -0.9719 -0.1909 0.1375
vn -0.5703 -0.5572 -0.6036
vn -0.8590 0.4732 0.1954
vn 0.0620 -0.7196 -0.6916
vn -0.2584 0.9289 0.2654
vn -0.5324 0.8139 0.2327
vn 0.1203 -0.8002 -0.5875
vn -0.1648 0.9477 0.2733
vn -0.3123 -0.9461 0.0863
vn -0.0312 -0.9941 0.1039
vn -0.2008 0.9712 0.1283
vn 0.7420 -0.0437 0.6689
vn 0.8689 -0.0285 0.4942
vn 0.4905 -0.3502 0.7979
vn 0.8305 0.3247 0.4526
vn 0.4097 0.8517 0.3267
vn 0.7008 0.6054 0.3773
vn -0.0854 -0.7295 0.6787
vn -0.2380 0.9153 0.3250
vn 0.3927 -0.4501 0.8020
vn -0.5023 -0.7759 0.3816
vn -0.0537 0.9425 0.3300
vn 0.1831 -0.9628 0.1989
vn 0.7155 0.6641 0.2167
vn 0.6828 0.6796 0.2682
vn 0.5860 -0.8060 0.0841
vn 0.5261 -0.8484 0.0582
vn 0.2862 0.9106 0.2983
vn -0.0214 -0.9938 0.1088
vn 0.1899 -0.9808 -0.0437
vn 0.0296 0.9729 0.2293
vn -0.1178 0.9797 0.1619
vn 0.0441 -0.9940 0.1002
vn 0.0397 -0.9980 -0.0500
vn -0.0324 0.9587 0.2824
vn -0.3895 -0.1373 0.9107
vn 0.4154 0.1199 0.9017
vn 0.2460 -0.2347 -0.9404
vn -0.9251 -0.3798 0.0042
vn 0.9771 0.2006 -0.0712
vn 0.4617 -0.3785 -0.8022
vn -0.2539 -0.3534 -0.9004
vn -0.8039 -0.2832 0.5229
vn 0.1160 -0.8392 -0.5313
vn 0.6963 -0.6595 -0.2833
vn 0.0033 0.0065 1.0000
vn 0.8916 -0.0333 0.4516
vn -0.3239 -0.3122 0.8931
vn 0.4409 0.0317 0.8970
vn 0.6453 -0.0883 -0.7588
vn -0.8142 -0.5796 -0.0341
vn 0.9529 0.2235 -0.2052
vn 0.4374 -0.2363 -0.8677
vn -0.0325 -0.3803 -0.9243
vn -0.7685 -0.4361 -0.4682
vn 0.8796 0.2962 0.3722
vn 0.8295 0.0559 -0.5557
vn -0.8178 -0.3818 0.4306
vn 0.0185 -0.0400 0.9990
vn -0.2335 -0.8885 0.3951
vn 0.1610 -0.0440 0.9860
vn -0.6853 -0.6912 -0.2292
vn -0.3535 -0.9202 -0.1682
vn 0.9126 0.2527 -0.3214
vn 0.3750 -0.1451 -0.9156
vn 0.1209 -0.6730 -0.7297
vn 0.3511 -0.3358 -0.8741
vn -0.4585 -0.7305 -0.5061
vn -0.6232 -0.6999 0.3489
vn 0.0364 -0.3301 0.9432
vn 0.8964 0.2703 0.3513
vn 0.3044 -0.7835 0.5417
vn -0.6008 -0.7133 -0.3608
vn 0.8976 -0.1846 -0.4002
vn 0.1917 -0.2849 -0.9392
vn 0.9073 0.2063 0.3665
vn 0.5563 0.0504 -0.8295
vn -0.3340 -0.3911 -0.8576
vn -0.7976 -0.3923 0.4581
vn 0.8300 -0.5578 -0.0062
vn -0.2070 -0.1790 -0.9618
vn 0.0255 -0.0698 -0.9972
vn 0.3011 -0.3722 0.8780
vn -0.6271 -0.0199 0.7787
vn -0.0775 -0.2387 0.9680
vn -0.9689 0.2436 -0.0445
vn -0.6363 0.0084 -0.7714
vn -0.0971 -0.2379 -0.9664
vn 0.2844 -0.3837 -0.8786
vn -0.8681 0.3626 -0.3389
vn -0.9472 0.0611 0.3149
vn -0.0348 -0.0123 0.9993
vn 0.6823 -0.5527 -0.4785
vn 0.7117 -0.5417 0.4473
vn 0.0667 -0.2448 0.9673
vn -0.2234 -0.1605 -0.9614
vn 0.0812 -0.4413 -0.8937
vn -0.9542 -0.0392 -0.2967
vn -0.8869 0.3675 0.2799
vn -0.1883 -0.1620 0.9687
vn 0.5264 -0.7295 -0.4366
vn 0.6632 -0.4294 0.6130
vn 0.1803 -0.0390 0.9828
vn 0.0605 -0.1822 0.9814
vn 0.3167 -0.2848 0.9048
vn 0.7560 -0.6545 -0.0019
vn 0.2635 -0.4166 -0.8701
vn -0.6207 0.0949 0.7783
vn -0.0145 -0.2732 -0.9619
vn -0.9522 0.3018 -0.0479
vn -0.6726 0.0614 -0.7375
vn 0.9990 -0.0436 -0.0000
vn -0.4721 -0.8815 -0.0000
vn -0.0905 -0.9959 -0.0000
vn 0.2219 -0.2528 0.9417
vn -0.5333 -0.2348 0.8127
vn -0.0762 -0.3056 0.9491
vn -0.9957 -0.0930 -0.0000
vn -0.5333 -0.2348 -0.8127
vn -0.0762 -0.3056 -0.9491
vn 0.2219 -0.2528 -0.9417
vn -0.9136 0.0227 -0.4060
vn -0.9618 0.0140 0.2734
vn -0.1993 -0.1827 0.9628
vn 0.8082 0.1144 0.5776
vn 0.7862 -0.4267 -0.4470
vn -0.0115 -0.2193 0.9756
vn -0.0893 -0.0712 -0.9935
vn -0.0189 -0.2217 -0.9749
vn -0.9534 0.0299 -0.3002
vn -0.9137 0.0226 0.4059
vn -0.0893 -0.0712 0.9935
vn 0.7876 -0.4245 0.4467
vn 0.8083 0.1144 -0.5776
vn 0.0255 -0.0698 0.9972
vn 0.3497 -0.1197 0.9292
vn -0.0390 -0.1037 0.9938
vn -0.5558 -0.0619 -0.8290
vn 0.3486 -0.1208 -0.9295
vn 0.9978 -0.0664 -0.0000
vn -0.0399 -0.1040 -0.9938
vn -0.9998 0.0206 -0.0035
vn -0.5543 -0.0640 0.8299
vn 0.2377 0.0946 0.9667
vn 0.0293 0.7227 0.6905
vn 0.0540 -0.9985 0.0012
vn 0.0425 -0.0008 0.9991
vn -0.0309 -0.8470 0.5307
vn -0.0310 0.8031 0.5950
vn 0.0958 0.7579 0.6452
vn 0.0121 0.1196 0.9928
vn 0.1936 -0.9811 -0.0065
vn -0.0092 -0.8325 0.5540
vn 0.1594 0.1572 0.9746
vn 0.3658 0.0693 0.9281
vn 0.2331 0.6898 0.6854
vn 0.5158 -0.8562 -0.0284
vn -0.1212 -0.1219 0.9851
vn 0.5965 -0.6172 0.5131
vn 0.5800 0.5614 0.5903
vn 0.1818 -0.4803 0.8581
vn 0.6149 0.6005 0.5112
vn 0.0893 -0.9949 -0.0465
vn 0.2456 0.0062 0.9693
vn -0.0664 0.7882 0.6118
vn -0.6808 -0.7304 0.0547
vn 0.3776 -0.7784 0.5016
vn -0.2073 0.7591 0.6170
vn -0.3306 -0.8695 0.3670
vn 0.6611 0.3769 0.6488
vn 0.4153 -0.1710 0.8935
vn 0.4133 0.6158 0.6708
vn 0.7265 0.2216 0.6504
vn 0.7039 -0.5897 0.3960
vn 0.5544 -0.1490 0.8188
vn 0.7302 -0.1096 0.6743
vn 0.9697 -0.0114 0.2441
vn 0.6240 -0.1431 0.7682
vn 0.0005 -0.0333 0.9994
vn -0.2032 0.9791 0.0024
vn -0.0786 -0.0166 0.9968
vn -0.0207 -0.8423 0.5387
vn -0.2699 -0.8170 0.5095
vn -0.1386 0.9903 0.0067
vn 0.2426 0.1858 0.9522
vn -0.1976 0.0148 0.9802
vn -0.0153 0.2492 0.9683
vn -0.6344 0.1148 -0.7644
vn -0.5485 0.8360 -0.0118
vn -0.2570 0.9663 -0.0135
vn -0.9047 0.4229 -0.0514
vn -0.8591 0.5116 0.0167
vn -0.1655 0.3003 0.9394
vn -0.0632 -0.2344 -0.9701
vn -0.9525 -0.1409 0.2699
vn -0.9106 -0.3691 0.1861
vn -0.3320 0.2456 0.9107
vn -0.1297 0.9915 -0.0128
vn -0.2608 0.9654 0.0021
vn -0.2868 0.0413 0.9571
vn -0.5782 -0.6909 0.4339
vn -0.1981 0.7761 0.5987
vn -0.1629 0.6040 0.7802
vn -0.1011 0.0867 0.9911
vn -0.5901 -0.8012 -0.0998
vn -0.3230 -0.8117 0.4866
vn -0.2624 0.9649 -0.0113
vn -0.1272 0.9919 0.0002
vn -0.6348 -0.7725 -0.0165
vn -0.2427 0.6218 0.7446
vn 0.0027 0.6587 0.7524
vn -0.7411 -0.6612 -0.1165
vn -0.9508 -0.0718 0.3013
vn -0.4529 -0.8130 -0.3659
vn -0.7194 0.4580 0.5221
vn 0.0417 -0.9565 -0.2887
vn -0.1928 0.7268 0.6593
vn -0.4034 0.6831 0.6088
vn -0.0357 -0.9648 -0.2604
vn -0.2180 0.7027 0.6773
vn -0.3257 -0.9455 -0.0050
vn -0.0331 -0.9994 0.0047
vn -0.1749 0.8112 0.5579
vn 0.6292 -0.1049 0.7702
vn 0.9692 -0.0013 0.2462
vn 0.5017 -0.2395 0.8312
vn 0.8807 0.3934 0.2639
vn 0.4072 0.9033 0.1348
vn 0.6906 0.7001 0.1814
vn 0.1130 -0.4448 0.8885
vn -0.2306 0.9633 0.1371
vn 0.4018 -0.3585 0.8426
vn -0.2140 -0.5817 0.7847
vn -0.1117 0.9863 0.1211
vn 0.3346 -0.6882 0.6438
vn 0.7333 0.6787 0.0402
vn 0.7103 0.7021 0.0491
vn 0.5787 -0.8133 -0.0602
vn 0.5843 -0.6741 0.4519
vn 0.2952 0.9536 0.0590
vn -0.0228 -0.9997 0.0049
vn -0.1654 -0.8038 -0.5714
vn 0.0048 0.9992 0.0405
vn -0.1413 0.9898 0.0208
vn 0.0504 -0.9987 0.0056
vn -0.7874 -0.6098 0.0906
vn -0.0520 0.9971 0.0554
vn 0.9555 0.2635 -0.1324
vn -0.1554 -0.3039 -0.9399
vn 0.3106 -0.8565 -0.4123
vn -0.3518 -0.0687 0.9335
vn 0.3909 0.0209 0.9202
vn 0.9749 -0.2222 0.0171
vn -0.6612 -0.7459 -0.0801
vn 0.4040 -0.2820 -0.8702
vn -0.3755 -0.1899 0.9072
vn 0.4659 -0.1805 -0.8662
vn -0.9017 -0.4323 -0.0102
vn 0.4285 0.1138 0.8963
vn 0.9011 0.2066 -0.3812
vn -0.2269 -0.9474 -0.2259
vn 0.3747 -0.0332 0.9265
vn 0.1319 -0.4792 -0.8677
vn 0.9376 0.2167 -0.2719
vn -0.2368 -0.5410 0.8070
vn 0.3943 -0.8615 -0.3198
vn -0.8395 -0.4513 -0.3025
vn 0.2314 -0.1244 -0.9649
vn 0.0697 -0.1542 0.9856
vn -0.4436 -0.0440 0.8951
vn -0.9991 0.0430 -0.0001
vn -0.0208 -0.0728 -0.9971
vn -0.6128 0.0984 0.7841
vn 0.2822 -0.3814 -0.8803
vn 0.8088 -0.5879 -0.0174
vn 0.3154 -0.3542 0.8804
vn -0.0217 -0.2274 0.9736
vn 0.1185 -0.0334 0.9924
vn 0.3078 -0.1037 0.9458
vn 0.6998 -0.7061 0.1078
vn 0.2315 -0.5557 -0.7985
vn -0.5350 0.0461 0.8436
vn 0.0365 -0.4210 -0.9063
vn -0.9998 0.0153 -0.0162
vn -0.6605 -0.2098 -0.7209
vn 0.4389 -0.8986 -0.0000
vn -0.2305 -0.9731 -0.0000
vn -0.8365 -0.5480 -0.0000
vn 0.9837 0.1797 -0.0000
vn 0.2815 -0.0251 -0.9592
vn -0.4436 -0.0440 -0.8951
vn -0.0208 -0.0728 0.9971
vn 0.2815 -0.0250 0.9592
vn 0.3124 -0.3110 0.8976
vn -0.0838 -0.2034 0.9755
vn -0.6390 -0.0830 -0.7647
vn 0.3061 -0.3156 -0.8982
vn 0.8986 -0.4387 -0.0012
vn -0.0901 -0.2035 -0.9749
vn -0.9987 0.0465 -0.0208
vn -0.6338 -0.0986 0.7672
vn 0.0407 0.1581 0.9866
vn 0.1152 0.2283 0.9667
vn 0.1030 0.1905 0.9763
vn 0.1188 0.2293 0.9661
vn 0.3055 0.2261 0.9250
vn 0.3669 0.2326 0.9007
vn 0.0080 0.1989 0.9800
vn -0.8595 -0.0715 0.5061
vn 0.9166 0.0451 0.3973
vn 0.9998 -0.0188 -0.0000
vn 0.5449 -0.0307 0.8380
vn 0.5870 -0.0146 0.8094
vn 0.6766 -0.0590 0.7340
vn -0.0936 0.1679 0.9813
vn -0.1884 0.1946 0.9626
vn -0.2562 0.2094 0.9437
vn 0.0990 0.3013 0.9484
vn 0.0560 0.2397 0.9692
vn -0.1611 0.3161 0.9349
vn -0.2269 0.3574 0.9060
vn -0.5823 0.3018 0.7549
vn -0.9929 0.1194 -0.0000
vn -0.2470 0.2079 0.9464
vn -0.9848 0.0873 0.1503
vn 0.8780 0.0213 0.4781
vn 0.1813 0.2265 0.9570
vn 0.0876 0.1711 0.9814
vn 0.1128 0.2130 0.9705
vn 0.1112 0.2332 0.9661
vn 0.3660 0.2288 0.9020
vn -0.2423 0.1187 0.9629
vn -0.8357 -0.1326 0.5330
vn 0.2926 0.2285 0.9285
vn 0.4559 -0.0404 0.8891
vn 0.5855 -0.0159 0.8105
vn 0.7530 -0.0244 0.6575
vn 0.6150 -0.0323 0.7879
vn -0.0318 0.1567 0.9871
vn -0.1398 0.1825 0.9732
vn 0.1755 0.2727 0.9460
vn -0.2301 0.2044 0.9515
vn -0.0605 0.3078 0.9495
vn -0.1929 0.3362 0.9218
vn -0.9932 0.1007 0.0580
vn -0.2802 0.3649 0.8879
vn -0.2671 0.2089 0.9408
vn -0.1362 0.2192 0.9661
vn -0.9202 0.1690 0.3530
vn 0.9618 0.0047 0.2737
vn -0.9906 -0.1044 0.0888
vn -0.6895 -0.6482 0.3232
vn 0.9943 0.1053 0.0189
vn 0.9012 -0.3481 0.2584
vn 0.9705 0.1492 -0.1895
vn 0.0379 0.6484 -0.7603
vn -0.8973 0.4003 -0.1863
vn 0.1986 -0.8534 0.4819
vn 0.9500 -0.0152 -0.3120
vn -0.5939 -0.6260 0.5054
vn 0.9619 -0.0612 0.2665
vn 0.8634 -0.3725 0.3404
vn 0.9742 -0.0987 0.2030
vn 0.0483 0.0042 0.9988
vn -0.8527 0.1731 0.4928
vn 0.2798 -0.7091 0.6472
vn 0.1858 -0.2692 0.9450
vn 0.1115 0.5167 -0.8489
vn -0.7841 0.4285 -0.4489
vn -0.8058 0.3933 0.4428
vn 0.9853 -0.0452 0.1649
vn 0.0389 0.5388 0.8415
vn -0.9745 0.2245 -0.0000
vn 0.9028 -0.4302 -0.0000
vn 0.4656 -0.2428 0.8510
vn -0.6725 0.1147 0.7311
vn -0.8904 0.4552 -0.0000
vn 0.8462 -0.5329 -0.0000
vn 0.5304 -0.3173 0.7861
vn -0.5876 0.3139 0.7458
vn -0.9164 0.4002 -0.0000
vn 0.6436 -0.7654 -0.0000
vn 0.4746 -0.4738 0.7418
vn -0.6685 0.3463 0.6582
vn 0.0110 -0.3314 -0.9434
vn -0.0012 0.4171 -0.9089
vn 0.0269 0.0827 -0.9962
vn -0.4275 -0.2431 -0.8707
vn 0.1137 0.4086 -0.9056
vn 0.1185 0.4064 -0.9060
vn 0.6449 -0.1113 -0.7561
vn 0.0908 0.3978 -0.9130
vn 0.4428 -0.1803 -0.8783
vn 0.3508 0.3785 -0.8566
vn 0.4313 -0.2215 -0.8746
vn 0.4673 0.3879 -0.7945
vn 0.1154 -0.3128 -0.9428
vn 0.1409 0.4706 -0.8710
vn 0.0131 -0.3342 -0.9424
vn -0.6899 0.4967 -0.5266
vn 0.2952 -0.3050 -0.9054
vn 0.7772 0.3918 -0.4924
vn 0.5090 -0.2432 -0.8257
vn 0.5741 0.1951 -0.7952
vn 0.6197 -0.1790 -0.7642
vn 0.6257 0.1278 -0.7695
vn 0.6799 -0.1700 -0.7134
vn 0.6799 0.0379 -0.7324
vn 0.0005 -0.3452 -0.9385
vn -0.1570 0.4173 -0.8951
vn -0.0891 -0.3379 -0.9370
vn -0.2176 0.3940 -0.8930
vn -0.2896 -0.2986 -0.9094
vn -0.3441 -0.2569 -0.9031
vn -0.2252 0.3013 -0.9265
vn -0.2538 0.3483 -0.9024
vn 0.4269 -0.1717 -0.8879
vn 0.0200 0.2990 -0.9540
vn 0.1718 0.1171 -0.9781
vn 0.0579 0.3757 -0.9249
vn -0.0229 0.1881 -0.9819
vn -0.2115 0.4154 -0.8847
vn -0.8133 -0.0270 -0.5812
vn -0.3100 0.4054 -0.8600
vn -0.8030 -0.1311 -0.5814
vn -0.5356 0.3759 -0.7562
vn 0.0114 -0.9939 -0.1098
vn 0.0978 -0.9943 0.0430
vn -0.0298 0.9802 -0.1958
vn -0.1800 0.9743 -0.1353
vn -0.0009 -0.9995 -0.0309
vn 0.0034 0.9659 -0.2589
vn 0.4191 -0.9074 0.0301
vn 0.0424 0.9536 -0.2980
vn 0.5904 -0.8037 -0.0739
vn 0.5505 0.7848 -0.2847
vn 0.5014 -0.8572 -0.1177
vn 0.7367 0.6313 -0.2425
vn -0.3178 -0.9038 -0.2868
vn 0.4843 0.8390 -0.2481
vn -0.3688 -0.7542 -0.5433
vn -0.3302 0.8804 -0.3405
vn 0.2089 -0.5976 -0.7741
vn 0.0885 0.9433 -0.3201
vn 0.4199 -0.4148 -0.8072
vn 0.5733 0.7421 -0.3473
vn -0.0149 -0.9942 -0.1063
vn 0.6230 -0.1941 -0.7578
vn 0.7771 0.4742 -0.4138
vn 0.8298 -0.0156 -0.5579
vn 0.8634 0.1626 -0.4776
vn -0.1826 0.9720 -0.1478
vn -0.1433 -0.9848 -0.0985
vn -0.2095 0.9255 -0.3156
vn -0.4876 -0.8701 -0.0719
vn -0.2770 0.8918 -0.3577
vn 0.1394 -0.9565 0.2561
vn -0.0447 -0.7086 0.7042
vn 0.0808 -0.7395 0.6683
vn -0.1588 0.9420 -0.2956
vn -0.3811 0.8900 -0.2504
vn -0.8868 -0.3931 0.2429
vn -0.7123 0.6689 -0.2126
vn -0.8968 -0.4372 -0.0684
vn -0.9469 0.2713 -0.1728
vn -0.6576 -0.7523 -0.0402
vn -0.1383 0.9640 -0.2273
vn -0.1479 0.9240 -0.3525
vn -0.0000 -0.0049 -1.0000
vn -0.8403 -0.3111 -0.4440
vn 0.8853 0.2519 -0.3908
vn 0.1778 -0.3951 0.9013
vn -0.8064 -0.3975 0.4378
vn 0.8769 -0.0741 0.4749
vn 0.0662 -0.1397 -0.9880
vn -0.7497 -0.5242 -0.4039
vn 0.8975 0.2518 -0.3620
vn 0.3169 -0.2707 0.9090
vn -0.6546 -0.5807 0.4841
vn 0.7488 -0.0234 0.6624
vn -0.5067 -0.6117 -0.6075
vn -0.3949 -0.8926 -0.2175
vn 0.8824 0.3127 -0.3515
vn 0.0459 -0.4777 0.8773
vn -0.2248 -0.8287 0.5125
vn 0.5791 -0.0009 0.8153
vn 0.9357 -0.2674 -0.2301
vn -0.5728 -0.7558 -0.3172
vn -0.3301 -0.3305 0.8842
vn 0.5583 -0.0264 0.8292
vn 0.7169 -0.5334 0.4489
vn 0.7263 -0.5269 -0.4414
vn -0.2335 -0.1869 0.9542
vn -0.2136 -0.1959 -0.9571
vn -0.0153 -0.2640 0.9644
vn 0.0072 -0.2591 -0.9658
vn -0.9390 0.1899 -0.2868
vn -0.9170 0.2074 0.3407
vn -0.1994 -0.1991 0.9595
vn 0.0537 -0.2943 0.9542
vn -0.9148 0.2565 0.3121
vn -0.9225 0.2800 -0.2656
vn -0.1293 -0.1275 -0.9834
vn 0.6104 -0.6186 0.4946
vn 0.6877 -0.5445 -0.4802
vn 0.1357 -0.1864 -0.9731
vn -0.1259 -0.0969 0.9873
vn 0.0187 -0.1094 0.9938
vn -0.9461 0.0024 0.3238
vn -0.9475 -0.0006 -0.3197
vn -0.1248 -0.0971 -0.9874
vn 0.8712 -0.0926 -0.4821
vn 0.8710 -0.0933 0.4823
vn 0.0199 -0.1087 -0.9939
vn 0.0069 -0.8296 -0.5583
vn 0.0377 -0.0257 -0.9990
vn 0.1347 0.4079 -0.9030
vn 0.0958 -0.9954 -0.0006
vn 0.0813 0.1580 -0.9841
vn 0.0496 0.7824 -0.6208
vn -0.0032 0.0474 -0.9989
vn -0.0689 -0.3145 -0.9468
vn 0.0694 0.4121 -0.9085
vn -0.2069 0.0270 -0.9780
vn -0.1962 0.9805 -0.0110
vn 0.0536 -0.9986 -0.0044
vn 0.0696 0.7387 -0.6705
vn 0.3584 -0.9334 0.0183
vn 0.2156 0.1184 -0.9693
vn 0.0634 0.7113 -0.7001
vn 0.2880 0.0794 -0.9543
vn 0.0885 0.4024 -0.9112
vn 0.5935 -0.8036 0.0446
vn 0.3267 0.0861 -0.9412
vn 0.4572 0.6209 -0.6368
vn 0.4319 -0.1812 -0.8835
vn 0.1830 0.3945 -0.9005
vn 0.4710 -0.1866 -0.8622
vn 0.4461 0.3687 -0.8155
vn 0.4600 -0.8856 0.0633
vn 0.3444 0.0410 -0.9379
vn 0.6292 0.5532 -0.5460
vn -0.4349 -0.9002 0.0195
vn 0.0147 -0.0506 -0.9986
vn 0.3918 0.7336 -0.5552
vn 0.4261 0.4205 -0.8010
vn 0.3139 -0.2683 -0.9108
vn -0.6310 -0.7469 -0.2098
vn -0.3570 -0.3595 -0.8622
vn -0.3299 0.7289 -0.5999
vn -0.0144 -0.3362 -0.9417
vn -0.2223 0.4596 -0.8599
vn 0.0721 -0.8711 -0.4857
vn 0.6532 -0.2633 -0.7100
vn 0.1454 0.7326 -0.6650
vn 0.1435 -0.3242 -0.9350
vn -0.0771 0.9112 -0.4047
vn 0.5091 -0.7242 -0.4651
vn 0.5125 -0.1546 -0.8447
vn 0.5498 0.5047 -0.6656
vn 0.4087 -0.2819 -0.8681
vn 0.4710 0.2690 -0.8401
vn -0.0043 -0.8376 -0.5463
vn 0.8992 -0.2970 -0.3213
vn 0.5788 -0.1479 -0.8019
vn 0.6957 0.3051 -0.6504
vn 0.6321 0.1442 -0.7613
vn 0.5666 -0.2076 -0.7974
vn 0.9760 0.0464 -0.2129
vn 0.6774 -0.1378 -0.7226
vn 0.7515 0.1042 -0.6515
vn 0.6416 0.0967 -0.7609
vn 0.6558 -0.1714 -0.7352
vn -0.0368 -0.0281 -0.9989
vn -0.1681 0.9858 0.0013
vn -0.0233 -0.3443 -0.9386
vn 0.0084 -0.3415 -0.9398
vn -0.0912 0.4195 -0.9032
vn -0.1172 -0.8408 -0.5285
vn -0.1847 -0.3220 -0.9286
vn -0.1990 0.9799 -0.0096
vn -0.1361 -0.0020 -0.9907
vn -0.2511 0.0300 -0.9675
vn -0.4390 -0.7618 -0.4763
vn 0.1149 0.3261 -0.9383
vn -0.2953 0.9554 0.0065
vn 0.4219 -0.8317 -0.3608
vn -0.1219 -0.3957 0.9103
vn -0.1888 0.4098 -0.8924
vn -0.2429 0.3721 -0.8958
vn 0.0184 -0.2605 0.9653
vn 0.1313 0.2171 -0.9673
vn -0.1694 0.9854 0.0142
vn -0.0960 0.4093 -0.9073
vn 0.1389 0.1373 -0.9807
vn 0.3020 0.0787 -0.9501
vn -0.1085 0.2877 -0.9515
vn -0.3811 0.9245 0.0123
vn -0.3220 0.1735 -0.9307
vn 0.0849 0.1510 -0.9849
vn -0.9701 -0.2281 -0.0829
vn -0.2420 0.2686 -0.9323
vn -0.7167 0.6974 -0.0024
vn -0.2591 0.4138 -0.8728
vn -0.9250 -0.2958 -0.2386
vn -0.6954 0.1135 -0.7096
vn -0.9564 0.2904 -0.0312
vn -0.3835 0.4030 -0.8310
vn -0.7509 -0.1423 -0.6449
vn -0.2668 0.0543 -0.9622
vn -0.2510 0.3235 -0.9123
vn -0.3763 -0.2737 -0.8851
vn -0.5786 -0.6917 -0.4321
vn -0.1122 0.9937 -0.0013
vn -0.0405 -0.2326 -0.9717
vn -0.1363 0.2929 -0.9464
vn -0.1679 0.9857 0.0122
vn 0.0116 -0.9999 -0.0051
vn -0.4940 -0.8327 0.2504
vn -0.0556 0.9980 -0.0309
vn -0.1104 0.8140 -0.5703
vn -0.3229 -0.8679 -0.3775
vn -0.0198 0.9986 -0.0489
vn 0.7590 -0.5973 -0.2590
vn 0.0340 0.9977 -0.0593
vn 0.5854 -0.6394 -0.4985
vn 0.5715 0.8188 -0.0549
vn 0.5410 -0.6335 -0.5533
vn 0.7638 0.6441 -0.0420
vn -0.0352 -0.6804 -0.7320
vn 0.4643 0.8832 -0.0665
vn -0.1047 -0.4882 -0.8664
vn -0.3363 0.9312 -0.1403
vn 0.3044 -0.4009 -0.8641
vn 0.0841 0.9875 -0.1332
vn 0.4547 -0.3104 -0.8348
vn 0.5669 0.8099 -0.1506
vn -0.0163 -0.9999 -0.0048
vn 0.5796 -0.1443 -0.8020
vn 0.7916 0.5699 -0.2205
vn 0.6838 -0.1266 -0.7186
vn 0.9397 0.1819 -0.2897
vn -0.2021 0.7972 -0.5688
vn -0.1515 -0.9885 -0.0027
vn -0.2371 0.6588 -0.7140
vn -0.4947 -0.8689 0.0144
vn -0.2278 0.6002 -0.7668
vn -0.2887 -0.9351 0.2054
vn -0.0864 -0.9343 0.3458
vn 0.0583 -0.9613 0.2694
vn -0.0593 0.7034 -0.7083
vn -0.3180 0.7118 -0.6263
vn -0.7047 -0.6619 0.2555
vn -0.5571 0.5947 -0.5796
vn -0.5936 -0.7119 -0.3752
vn -0.8349 0.3419 -0.4312
vn -0.6935 -0.7198 0.0315
vn -0.1988 0.7446 -0.6373
vn -0.0491 0.6269 -0.7776
vn -0.4834 -0.8754 0.0095
vn -0.2433 0.9005 -0.3605
vn -0.1502 0.9713 -0.1843
vn -0.6309 -0.7736 -0.0590
vn -0.2523 0.9044 -0.3441
vn -0.1098 0.9375 -0.3301
vn -0.8600 -0.5081 0.0462
vn -0.9719 -0.1909 -0.1375
vn -0.5703 -0.5572 0.6036
vn -0.8590 0.4732 -0.1954
vn 0.0620 -0.7196 0.6916
vn -0.2584 0.9289 -0.2654
vn -0.5324 0.8139 -0.2327
vn 0.1203 -0.8002 0.5875
vn -0.1648 0.9477 -0.2733
vn -0.3123 -0.9461 -0.0863
vn -0.0312 -0.9941 -0.1039
vn -0.2008 0.9712 -0.1283
vn 0.7420 -0.0437 -0.6689
vn 0.8689 -0.0285 -0.4942
vn 0.4905 -0.3502 -0.7979
vn 0.8305 0.3247 -0.4526
vn 0.4097 0.8517 -0.3267
vn 0.7008 0.6054 -0.3773
vn -0.0854 -0.7295 -0.6787
vn -0.2380 0.9153 -0.3250
vn 0.3927 -0.4501 -0.8020
vn -0.5023 -0.7759 -0.3816
vn -0.0537 0.9425 -0.3300
vn 0.1831 -0.9628 -0.1989
vn 0.7155 0.6641 -0.2167
vn 0.6828 0.6796 -0.2682
vn 0.5860 -0.8060 -0.0841
vn 0.5261 -0.8484 -0.0582
vn 0.2862 0.9106 -0.2983
vn -0.0214 -0.9938 -0.1088
vn 0.1899 -0.9808 0.0437
vn 0.0296 0.9729 -0.2293
vn -0.1178 0.9797 -0.1619
vn 0.0441 -0.9940 -0.1002
vn 0.0397 -0.9980 0.0500
vn -0.0324 0.9587 -0.2824
vn -0.3895 -0.1373 -0.9107
vn 0.4154 0.1199 -0.9017
vn 0.2460 -0.2347 0.9404
vn -0.9251 -0.3798 -0.0042
vn 0.9771 0.2006 0.0712
vn 0.4617 -0.3785 0.8022
vn -0.2539 -0.3534 0.9004
vn -0.8039 -0.2832 -0.5229
vn 0.1160 -0.8392 0.5313
vn 0.6963 -0.6595 0.2833
vn 0.0033 0.0065 -1.0000
vn 0.8916 -0.0333 -0.4516
vn -0.3239 -0.3122 -0.8931
vn 0.4409 0.0317 -0.8970
vn 0.6453 -0.0883 0.7588
vn -0.8142 -0.5796 0.0341
vn 0.9529 0.2235 0.2052
vn 0.4374 -0.2363 0.8677
vn -0.0325 -0.3803 0.9243
vn -0.7685 -0.4361 0.4682
vn 0.8796 0.2962 -0.3722
vn 0.8295 0.0559 0.5557
vn -0.8178 -0.3818 -0.4306
vn 0.0185 -0.0400 -0.9990
vn -0.2335 -0.8885 -0.3951
vn 0.1610 -0.0440 -0.9860
vn -0.6853 -0.6912 0.2292
vn -0.3535 -0.9202 0.1682
vn 0.9126 0.2527 0.3214
vn 0.3750 -0.1451 0.9156
vn 0.1209 -0.6730 0.7297
vn 0.3511 -0.3358 0.8741
vn -0.4585 -0.7305 0.5061
vn -0.6232 -0.6999 -0.3489
vn 0.0364 -0.3301 -0.9432
vn 0.8964 0.2703 -0.3513
vn 0.3044 -0.7835 -0.5417
vn -0.6008 -0.7133 0.3608
vn 0.8976 -0.1846 0.4002
vn 0.1917 -0.2849 0.9392
vn 0.9073 0.2063 -0.3665
vn 0.5563 0.0504 0.8295
vn -0.3340 -0.3911 0.8576
vn -0.7976 -0.3923 -0.4581
vn 0.8300 -0.5578 0.0062
vn -0.2070 -0.1790 0.9618
vn 0.3011 -0.3722 -0.8780
vn -0.6271 -0.0199 -0.7787
vn -0.0775 -0.2387 -0.9680
vn -0.9689 0.2436 0.0445
vn -0.6363 0.0084 0.7714
vn -0.0971 -0.2379 0.9664
vn 0.2844 -0.3837 0.8786
vn -0.8681 0.3626 0.3389
vn -0.9472 0.0611 -0.3149
vn -0.0348 -0.0123 -0.9993
vn 0.6823 -0.5527 0.4785
vn 0.7117 -0.5417 -0.4473
vn 0.0667 -0.2448 -0.9673
vn -0.2234 -0.1605 0.9614
vn 0.0812 -0.4413 0.8937
vn -0.9542 -0.0392 0.2967
vn -0.8869 0.3675 -0.2799
vn -0.1883 -0.1620 -0.9687
vn 0.5264 -0.7295 0.4366
vn 0.6632 -0.4294 -0.6130
vn 0.1803 -0.0390 -0.9828
vn 0.0605 -0.1822 -0.9814
vn 0.3167 -0.2848 -0.9048
vn 0.7560 -0.6545 0.0019
vn 0.2635 -0.4166 0.8701
vn -0.6207 0.0949 -0.7783
vn -0.0145 -0.2732 0.9619
vn -0.9522 0.3018 0.0479
vn -0.6726 0.0614 0.7375
vn -0.9136 0.0227 0.4060
vn -0.9618 0.0140 -0.2734
vn -0.1993 -0.1827 -0.9628
vn 0.7862 -0.4267 0.4469
vn -0.0115 -0.2193 -0.9756
vn -0.0189 -0.2217 0.9749
vn -0.9534 0.0299 0.3002
vn -0.9137 0.0226 -0.4059
vn 0.7876 -0.4245 -0.4467
vn 0.8083 0.1144 0.5776
vn 0.3497 -0.1197 -0.9292
vn -0.0390 -0.1037 -0.9938
vn -0.5558 -0.0619 0.8290
vn 0.3486 -0.1208 0.9295
vn -0.0399 -0.1040 0.9938
vn -0.9998 0.0206 0.0035
vn -0.5543 -0.0640 -0.8299
vn 0.2377 0.0946 -0.9667
vn 0.0293 0.7227 -0.6905
vn 0.0540 -0.9985 -0.0012
vn 0.0425 -0.0008 -0.9991
vn -0.0309 -0.8470 -0.5307
vn -0.0310 0.8031 -0.5950
vn 0.0958 0.7579 -0.6452
vn 0.0121 0.1196 -0.9928
vn 0.1936 -0.9811 0.0065
vn -0.0092 -0.8325 -0.5540
vn 0.1594 0.1572 -0.9746
vn 0.3658 0.0693 -0.9281
vn 0.2331 0.6898 -0.6854
vn 0.5158 -0.8562 0.0284
vn -0.1212 -0.1219 -0.9851
vn 0.5965 -0.6172 -0.5131
vn 0.5800 0.5614 -0.5903
vn 0.1818 -0.4803 -0.8581
vn 0.6149 0.6005 -0.5112
vn 0.0893 -0.9949 0.0465
vn 0.2456 0.0062 -0.9693
vn -0.0664 0.7882 -0.6118
vn -0.6808 -0.7304 -0.0547
vn 0.3776 -0.7784 -0.5016
vn -0.2073 0.7591 -0.6170
vn -0.3306 -0.8695 -0.3670
vn 0.6611 0.3769 -0.6488
vn 0.4153 -0.1710 -0.8935
vn 0.4133 0.6158 -0.6708
vn 0.7265 0.2216 -0.6504
vn 0.7039 -0.5897 -0.3960
vn 0.5544 -0.1490 -0.8188
vn 0.7302 -0.1096 -0.6743
vn 0.9697 -0.0114 -0.2441
vn 0.6240 -0.1431 -0.7682
vn 0.0005 -0.0333 -0.9994
vn -0.2032 0.9791 -0.0024
vn -0.0786 -0.0166 -0.9968
vn -0.0207 -0.8423 -0.5387
vn -0.2699 -0.8170 -0.5095
vn -0.1386 0.9903 -0.0067
vn 0.2426 0.1858 -0.9522
vn -0.1976 0.0148 -0.9802
vn -0.0153 0.2492 -0.9683
vn -0.6344 0.1148 0.7644
vn -0.5485 0.8360 0.0118
vn -0.2570 0.9663 0.0135
vn -0.9047 0.4229 0.0514
vn -0.8591 0.5116 -0.0167
vn -0.1655 0.3003 -0.9394
vn -0.0632 -0.2344 0.9701
vn -0.9525 -0.1409 -0.2699
vn -0.9106 -0.3691 -0.1861
vn -0.3320 0.2456 -0.9107
vn -0.1297 0.9915 0.0128
vn -0.2608 0.9654 -0.0021
vn -0.2868 0.0413 -0.9571
vn -0.5782 -0.6909 -0.4339
vn -0.1981 0.7761 -0.5987
vn -0.1629 0.6040 -0.7802
vn -0.1011 0.0867 -0.9911
vn -0.5901 -0.8012 0.0998
vn -0.3230 -0.8117 -0.4866
vn -0.2624 0.9649 0.0113
vn -0.1272 0.9919 -0.0002
vn -0.6348 -0.7725 0.0165
vn -0.2427 0.6218 -0.7446
vn 0.0027 0.6587 -0.7524
vn -0.7411 -0.6612 0.1165
vn -0.9508 -0.0717 -0.3013
vn -0.4529 -0.8130 0.3659
vn -0.7194 0.4580 -0.5221
vn 0.0417 -0.9565 0.2887
vn -0.1928 0.7268 -0.6593
vn -0.4034 0.6832 -0.6088
vn -0.0357 -0.9648 0.2604
vn -0.2180 0.7027 -0.6773
vn -0.3257 -0.9455 0.0050
vn -0.0331 -0.9994 -0.0047
vn -0.1749 0.8112 -0.5579
vn 0.6292 -0.1049 -0.7702
vn 0.9692 -0.0013 -0.2462
vn 0.5017 -0.2395 -0.8312
vn 0.8807 0.3934 -0.2639
vn 0.4072 0.9033 -0.1348
vn 0.6906 0.7001 -0.1814
vn 0.1130 -0.4448 -0.8885
vn -0.2306 0.9633 -0.1371
vn 0.4018 -0.3585 -0.8426
vn -0.2140 -0.5817 -0.7847
vn -0.1117 0.9863 -0.1211
vn 0.3346 -0.6882 -0.6438
vn 0.7333 0.6787 -0.0402
vn 0.7103 0.7021 -0.0491
vn 0.5787 -0.8133 0.0602
vn 0.5843 -0.6741 -0.4519
vn 0.2952 0.9536 -0.0590
vn -0.0228 -0.9997 -0.0049
vn -0.1654 -0.8038 0.5714
vn 0.0048 0.9992 -0.0405
vn -0.1413 0.9898 -0.0208
vn 0.0504 -0.9987 -0.0056
vn -0.7874 -0.6098 -0.0906
vn -0.0520 0.9971 -0.0554
vn 0.9555 0.2635 0.1324
vn -0.1554 -0.3039 0.9399
vn 0.3106 -0.8565 0.4123
vn -0.3518 -0.0687 -0.9335
vn 0.3909 0.0209 -0.9202
vn 0.9749 -0.2222 -0.0171
vn -0.6612 -0.7459 0.0801
vn 0.4040 -0.2820 0.8702
vn -0.3755 -0.1899 -0.9072
vn 0.4659 -0.1805 0.8662
vn -0.9017 -0.4323 0.0102
vn 0.4285 0.1138 -0.8963
vn 0.9011 0.2066 0.3812
vn -0.2269 -0.9474 0.2259
vn 0.3747 -0.0332 -0.9265
vn 0.1319 -0.4792 0.8677
vn 0.9376 0.2167 0.2719
vn -0.2368 -0.5410 -0.8070
vn 0.3943 -0.8615 0.3198
vn -0.8395 -0.4513 0.3025
vn 0.2314 -0.1244 0.9649
vn 0.0697 -0.1542 -0.9856
vn -0.9991 0.0430 0.0001
vn -0.6128 0.0984 -0.7841
vn 0.2822 -0.3814 0.8803
vn 0.8088 -0.5879 0.0174
vn 0.3154 -0.3542 -0.8804
vn -0.0217 -0.2274 -0.9736
vn 0.1185 -0.0334 -0.9924
vn 0.3078 -0.1037 -0.9458
vn 0.6998 -0.7061 -0.1078
vn 0.2315 -0.5557 0.7985
vn -0.5350 0.0461 -0.8436
vn 0.0365 -0.4210 0.9063
vn -0.9998 0.0153 0.0162
vn -0.6605 -0.2098 0.7209
vn 0.2815 -0.0251 0.9592
vn 0.2815 -0.0250 -0.9592
vn 0.3124 -0.3110 -0.8976
vn -0.0838 -0.2034 -0.9755
vn -0.6390 -0.0830 0.7647
vn 0.3061 -0.3156 0.8982
vn 0.8986 -0.4387 0.0012
vn -0.0901 -0.2035 0.9749
vn -0.9987 0.0465 0.0208
vn -0.6338 -0.0986 -0.7672
vn 0.0407 0.1581 -0.9866
vn 0.1152 0.2283 -0.9667
vn 0.1030 0.1905 -0.9763
vn 0.1188 0.2293 -0.9661
vn 0.3055 0.2261 -0.9250
vn 0.3669 0.2326 -0.9007
vn 0.0080 0.1989 -0.9800
vn -0.8595 -0.0715 -0.5061
vn 0.9166 0.0451 -0.3973
vn 0.5449 -0.0307 -0.8380
vn 0.5870 -0.0146 -0.8094
vn 0.6766 -0.0590 -0.7340
vn -0.0936 0.1679 -0.9813
vn -0.1884 0.1946 -0.9626
vn -0.2562 0.2094 -0.9437
vn 0.0990 0.3013 -0.9484
vn 0.0560 0.2397 -0.9692
vn -0.1611 0.3161 -0.9349
vn -0.2269 0.3574 -0.9060
vn -0.5823 0.3018 -0.7549
vn -0.2470 0.2079 -0.9464
vn -0.9848 0.0873 -0.1503
vn 0.8780 0.0213 -0.4781
vn 0.1813 0.2265 -0.9570
vn 0.0876 0.1711 -0.9814
vn 0.1128 0.2130 -0.9705
vn 0.1112 0.2332 -0.9661
vn 0.3660 0.2288 -0.9020
vn -0.2423 0.1187 -0.9629
vn -0.8357 -0.1326 -0.5330
vn 0.2926 0.2285 -0.9285
vn 0.4559 -0.0404 -0.8891
vn 0.5855 -0.0159 -0.8105
vn 0.7530 -0.0244 -0.6575
vn 0.6150 -0.0323 -0.7879
vn -0.0318 0.1567 -0.9871
vn -0.1398 0.1825 -0.9732
vn 0.1755 0.2727 -0.9460
vn -0.2301 0.2044 -0.9515
vn -0.0605 0.3078 -0.9495
vn -0.1929 0.3362 -0.9218
vn -0.9932 0.1007 -0.0580
vn -0.2802 0.3649 -0.8879
vn -0.2671 0.2089 -0.9408
vn -0.1362 0.2192 -0.9661
vn -0.9202 0.1690 -0.3530
vn 0.9618 0.0047 -0.2737
vn -0.9906 -0.1044 -0.0888
vn -0.6895 -0.6482 -0.3232
vn 0.9943 0.1053 -0.0189
vn 0.9012 -0.3481 -0.2584
vn 0.9705 0.1492 0.1895
vn 0.0379 0.6484 0.7603
vn -0.8973 0.4003 0.1863
vn 0.1986 -0.8534 -0.4819
vn 0.9500 -0.0152 0.3120
vn -0.5939 -0.6260 -0.5054
vn 0.9619 -0.0612 -0.2665
vn 0.8633 -0.3725 -0.3404
vn 0.9742 -0.0987 -0.2030
vn 0.0483 0.0042 -0.9988
vn -0.8527 0.1731 -0.4928
vn 0.2798 -0.7091 -0.6472
vn 0.1858 -0.2692 -0.9450
vn 0.1115 0.5167 0.8489
vn -0.7841 0.4285 0.4489
vn -0.8058 0.3933 -0.4428
vn 0.9853 -0.0452 -0.1649
vn 0.0389 0.5388 -0.8415
vn 0.4656 -0.2428 -0.8510
vn -0.6725 0.1147 -0.7311
vn 0.5304 -0.3173 -0.7861
vn -0.5876 0.3139 -0.7458
vn 0.4746 -0.4738 -0.7418
vn -0.6685 0.3463 -0.6582
vn 0.0100 -0.9588 0.2838
vn 0.0051 -0.5884 0.8086
vn 0.0251 -0.1505 0.9883
vn 0.0316 0.2449 0.9690
vn 0.0506 -0.9987 -0.0000
vn 0.0686 -0.9976 -0.0000
vn -0.0009 1.0000 -0.0000
vn -0.0197 0.9998 -0.0000
vn 0.1284 0.4081 0.9039
vn 0.1313 0.4074 0.9037
vn 0.1391 -0.9903 -0.0000
vn 0.2734 -0.9619 -0.0000
vn 0.0958 -0.9954 -0.0058
vn 0.0963 -0.9954 0.0009
vn 0.1019 0.1978 0.9749
vn 0.0533 0.1211 0.9912
vn 0.0038 0.9225 0.3860
vn 0.0900 0.5941 0.7993
vn 0.0710 0.1332 0.9885
vn -0.1670 -0.0535 0.9845
vn -0.0103 -0.3238 0.9461
vn -0.1859 -0.2963 0.9368
vn 0.0935 0.4099 0.9073
vn 0.0385 0.4147 0.9092
vn -0.0703 0.0647 0.9954
vn -0.3566 -0.0494 0.9330
vn -0.1907 0.9805 0.0483
vn -0.1990 0.9800 0.0016
vn 0.0471 -0.9988 0.0155
vn 0.0541 -0.9985 0.0012
vn 0.0328 0.8873 0.4600
vn 0.1003 0.5666 0.8179
vn -0.1769 0.9842 -0.0000
vn -0.1046 0.9945 -0.0000
vn 0.0562 -0.9984 -0.0000
vn 0.0344 -0.9994 -0.0000
vn -0.2945 0.9557 -0.0000
vn 0.1380 0.9904 -0.0000
vn -0.2105 0.9776 -0.0000
vn -0.1912 0.9816 -0.0000
vn 0.3610 -0.9323 -0.0208
vn 0.3617 -0.9323 -0.0091
vn 0.1449 0.1844 0.9721
vn 0.3762 0.0384 0.9257
vn 0.0520 0.8619 0.5044
vn 0.0758 0.5482 0.8329
vn 0.4820 0.0367 0.8754
vn 0.1297 0.0889 0.9876
vn 0.1020 0.4048 0.9087
vn 0.0828 0.3998 0.9128
vn -0.0314 0.9995 -0.0000
vn -0.0477 0.9989 -0.0000
vn 0.6059 -0.7956 -0.0000
vn 0.5397 -0.8418 -0.0000
vn 0.5888 -0.8081 -0.0153
vn 0.5990 -0.8001 -0.0308
vn 0.3071 0.1721 0.9360
vn 0.3709 -0.0168 0.9285
vn 0.5131 0.7207 0.4662
vn 0.3995 0.5021 0.7670
vn 0.4966 -0.1634 0.8525
vn 0.4215 -0.1834 0.8881
vn 0.2677 0.3882 0.8818
vn 0.1215 0.3966 0.9099
vn 0.4492 0.8934 -0.0000
vn 0.1456 0.9893 -0.0000
vn 0.4513 -0.8924 -0.0000
vn 0.5733 -0.8193 -0.0000
vn 0.4665 -0.1794 0.8661
vn 0.4584 -0.2015 0.8656
vn 0.6585 0.7526 -0.0000
vn 0.7470 0.6648 -0.0000
vn 0.4111 0.3703 0.8330
vn 0.4632 0.3755 0.8028
vn -0.6202 -0.7844 -0.0000
vn -0.2137 -0.9769 -0.0000
vn 0.4738 -0.8805 -0.0165
vn 0.4561 -0.8888 -0.0445
vn 0.3487 0.1537 0.9245
vn 0.3722 -0.0723 0.9253
vn 0.6932 0.6023 0.3959
vn 0.5503 0.4813 0.6823
vn -0.3982 -0.9141 0.0766
vn -0.4513 -0.8919 -0.0304
vn -0.0044 0.0920 0.9958
vn 0.0731 -0.1752 0.9818
vn 0.4588 0.7968 0.3932
vn 0.2762 0.6320 0.7241
vn 0.4583 0.4022 0.7926
vn 0.3277 0.4474 0.8321
vn 0.6388 0.7694 -0.0000
vn 0.7650 0.6440 -0.0000
vn 0.3013 -0.9535 -0.0000
vn -0.1848 -0.9828 -0.0000
vn 0.2194 -0.2919 0.9309
vn 0.3848 -0.2443 0.8901
vn -0.5118 -0.7802 0.3597
vn -0.6953 -0.7150 0.0726
vn -0.7804 -0.1578 0.6050
vn -0.0523 -0.3041 0.9512
vn -0.3297 0.8150 0.4766
vn -0.4055 0.6475 0.6453
vn 0.0300 -0.3292 0.9438
vn -0.0188 -0.3357 0.9418
vn -0.4638 0.4261 0.7768
vn -0.0533 0.4760 0.8778
vn -0.6592 -0.7520 -0.0000
vn -0.7433 -0.6690 -0.0000
vn 0.4915 0.8709 -0.0000
vn 0.2651 0.9642 -0.0000
vn 0.1372 -0.7402 0.6582
vn 0.0152 -0.9588 0.2838
vn 0.8941 -0.0406 0.4460
vn 0.3786 -0.2741 0.8840
vn 0.0965 0.8711 0.4814
vn 0.3651 0.5798 0.7284
vn 0.0730 -0.3309 0.9409
vn 0.2220 -0.3152 0.9227
vn 0.3832 0.7972 0.4665
vn -0.3801 0.8304 0.4074
vn -0.0908 0.9959 -0.0000
vn -0.3140 0.9494 -0.0000
vn 0.9996 -0.0276 -0.0000
vn 1.0000 0.0041 -0.0000
vn 0.4523 -0.5629 0.6918
vn 0.5655 -0.7919 0.2306
vn 0.5253 -0.0812 0.8470
vn 0.5136 -0.2106 0.8318
vn 0.5647 0.6535 0.5039
vn 0.5563 0.3452 0.7559
vn 0.1865 -0.9825 -0.0000
vn 0.5049 -0.8632 -0.0000
vn 0.4636 -0.2639 0.8458
vn 0.3525 -0.2950 0.8881
vn 0.4928 0.2408 0.8362
vn 0.6030 0.2856 0.7449
vn -0.0114 -0.9612 0.2756
vn 0.0025 -0.6021 0.7984
vn 0.7769 -0.2515 0.5772
vn 0.9450 -0.3055 0.1167
vn 0.5788 -0.0719 0.8123
vn 0.5978 -0.1870 0.7795
vn 0.7455 0.4000 0.5331
vn 0.6525 0.2120 0.7275
vn 0.6238 0.1595 0.7651
vn 0.6264 0.1371 0.7674
vn 0.7389 0.6738 -0.0000
vn 0.6202 0.7845 -0.0000
vn 0.6953 -0.7187 -0.0000
vn 0.8920 -0.4520 -0.0000
vn 0.5922 -0.1922 0.7825
vn 0.5427 -0.2236 0.8096
vn 0.9256 0.0296 0.3773
vn 0.9951 0.0448 0.0880
vn 0.6770 -0.0945 0.7299
vn 0.6784 -0.1653 0.7159
vn 0.8049 0.1380 0.5771
vn 0.7109 0.0685 0.6999
vn 0.6318 0.1147 0.7666
vn 0.6567 0.0698 0.7509
vn 0.9454 0.3259 -0.0000
vn 0.8486 0.5291 -0.0000
vn 0.9895 -0.1448 -0.0000
vn 0.9984 0.0567 -0.0000
vn 0.6688 -0.1712 0.7235
vn 0.6409 -0.1724 0.7480
vn -0.0133 -0.1599 0.9870
vn -0.1220 0.2525 0.9599
vn -0.1712 0.9842 0.0442
vn -0.1684 0.9857 -0.0074
vn -0.0509 -0.3421 0.9383
vn -0.0068 -0.3453 0.9385
vn 0.0123 -0.3372 0.9414
vn 0.0041 -0.3441 0.9389
vn -0.0240 -0.9997 -0.0000
vn -0.0105 -0.9999 -0.0000
vn -0.0461 0.4189 0.9069
vn -0.1301 0.4189 0.8987
vn -0.1343 -0.9559 0.2613
vn -0.0962 -0.6074 0.7886
vn -0.2369 -0.3109 0.9204
vn -0.1348 -0.3311 0.9339
vn -0.0801 -0.9968 -0.0000
vn -0.0140 -0.9999 -0.0000
vn -0.2004 0.9729 0.1157
vn -0.2012 0.9795 -0.0116
vn -0.2943 0.9557 -0.0000
vn -0.2143 0.9768 -0.0000
vn -0.1059 -0.1391 0.9846
vn -0.2060 0.2626 0.9427
vn -0.2536 -0.1014 0.9620
vn -0.2576 0.2573 0.9314
vn -0.4760 -0.8512 0.2211
vn -0.3661 -0.5569 0.7455
vn 0.0847 0.3086 0.9474
vn 0.1059 0.3502 0.9307
vn -0.1176 0.9931 -0.0000
vn -0.1652 0.9863 -0.0000
vn -0.2900 0.9496 0.1192
vn -0.2989 0.9540 -0.0241
vn -0.4168 -0.9090 -0.0000
vn -0.2414 -0.9704 -0.0000
vn 0.3079 -0.9513 0.0180
vn 0.4905 -0.5376 0.6859
vn -0.2391 0.9710 -0.0000
vn -0.2892 0.9573 -0.0000
vn -0.1691 -0.2728 -0.9471
vn -0.0715 -0.5506 -0.8317
vn -0.1749 0.4145 0.8931
vn -0.2023 0.4030 0.8926
vn -0.2499 0.3604 0.8987
vn -0.2322 0.3834 0.8939
vn 0.0365 -0.2677 -0.9628
vn 0.0003 -0.2626 -0.9649
vn 0.1529 0.1687 0.9737
vn 0.0855 0.3234 0.9424
vn -0.1706 0.9810 0.0928
vn -0.1689 0.9853 -0.0249
vn -0.0137 0.3966 0.9179
vn -0.1688 0.4138 0.8946
vn -0.1376 0.9905 -0.0000
vn 0.2510 0.0472 0.9668
vn 0.0363 0.2582 0.9654
vn 0.3982 0.0104 0.9172
vn 0.2279 0.1028 0.9682
vn 0.0141 -0.9999 -0.0000
vn -0.2040 -0.9790 -0.0000
vn -0.0624 0.2558 0.9647
vn -0.1810 0.3453 0.9209
vn -0.3849 0.9192 0.0835
vn -0.3806 0.9243 -0.0271
vn -0.5971 0.1096 0.7946
vn -0.1241 0.1937 0.9732
vn 0.0372 0.1711 0.9845
vn 0.1274 0.1324 0.9830
vn -0.2077 0.9782 -0.0000
vn -0.3127 0.9499 -0.0000
vn -0.0409 -0.9992 -0.0000
vn 0.0528 -0.9986 -0.0000
vn -0.9514 -0.2961 -0.0846
vn -0.9504 -0.1508 0.2719
vn -0.4782 0.1294 0.8687
vn -0.2589 0.3741 0.8905
vn -0.7256 0.6827 0.0863
vn -0.7056 0.7081 -0.0268
vn -0.4605 0.8877 -0.0000
vn -0.6241 0.7813 -0.0000
vn -0.2816 0.4098 0.8676
vn -0.2360 0.4160 0.8782
vn -0.6002 -0.7999 -0.0000
vn -0.2909 -0.9567 -0.0000
vn -0.9257 -0.3638 0.1036
vn -0.8772 -0.2163 0.4286
vn -0.7580 -0.0147 0.6521
vn -0.5531 0.3363 0.7622
vn -0.9572 0.2751 0.0902
vn -0.9524 0.3048 0.0020
vn -0.9969 0.0783 -0.0000
vn -0.7766 0.6300 -0.0000
vn -0.9028 0.4300 -0.0000
vn -0.4372 0.4039 0.8036
vn -0.3467 0.4005 0.8482
vn -0.7611 -0.1069 0.6397
vn -0.7676 -0.1441 0.6245
vn -0.5894 -0.8079 -0.0000
vn -0.6923 -0.7216 -0.0000
vn -0.2818 -0.0657 0.9572
vn -0.2392 0.2400 0.9408
vn -0.2544 0.3359 0.9069
vn -0.2423 0.3116 0.9188
vn -0.3384 -0.2858 0.8966
vn -0.3862 -0.2640 0.8838
vn -0.6829 -0.7305 -0.0000
vn -0.5701 -0.8215 -0.0000
vn -0.6333 -0.7529 0.1790
vn -0.4669 -0.5089 0.7232
vn -0.1456 0.9894 -0.0000
vn -0.1168 0.9932 -0.0000
vn -0.1185 0.9900 0.0763
vn -0.1118 0.9937 -0.0117
vn -0.2294 -0.2484 0.9411
vn 0.1868 -0.2015 0.9615
vn -0.1914 0.2948 0.9362
vn -0.0623 0.2946 0.9536
vn -0.1661 0.9796 0.1129
vn -0.1674 0.9856 -0.0256
vn -0.5220 -0.8530 -0.0000
vn -0.6967 -0.7174 -0.0000
vn 0.0116 -0.9999 0.0001
vn 0.0117 -0.9993 0.0341
vn -0.1737 -0.9825 -0.0666
vn -0.7408 -0.5465 -0.3904
vn -0.0586 0.9982 0.0089
vn -0.0476 0.9951 0.0861
vn -0.0526 0.6229 0.7806
vn -0.1564 0.9361 0.3149
vn -0.5149 -0.5770 0.6339
vn -0.1126 -0.9817 0.1536
vn -0.0225 0.9996 0.0151
vn -0.0127 0.9923 0.1229
vn 0.8091 -0.3421 0.4778
vn 0.5991 -0.7976 0.0702
vn 0.0331 0.9993 0.0187
vn 0.0366 0.9887 0.1450
vn 0.5283 -0.4180 0.7390
vn 0.5971 -0.7636 0.2455
vn 0.5730 0.8194 0.0172
vn 0.5664 0.8124 0.1383
vn 0.5007 -0.4264 0.7534
vn 0.5336 -0.7827 0.3205
vn 0.7654 0.6434 0.0128
vn 0.7575 0.6429 0.1137
vn 0.0791 -0.4942 0.8658
vn -0.1831 -0.8247 0.5352
vn 0.4474 0.8939 0.0278
vn 0.4819 0.8658 0.1345
vn -0.0211 -0.4022 0.9153
vn -0.2250 -0.6256 0.7470
vn -0.3394 0.9386 0.0623
vn -0.3316 0.9149 0.2301
vn 0.3030 -0.3511 0.8859
vn 0.2721 -0.4847 0.8313
vn 0.0841 0.9950 0.0542
vn 0.0861 0.9716 0.2203
vn 0.4861 -0.2739 0.8298
vn 0.4280 -0.3542 0.8315
vn 0.5609 0.8251 0.0681
vn 0.5719 0.7845 0.2397
vn -0.0160 -0.9993 0.0329
vn 0.6184 -0.1566 0.7701
vn 0.5516 -0.1556 0.8195
vn 0.7913 0.5997 0.1192
vn 0.7895 0.5286 0.3118
vn 0.6828 -0.1562 0.7137
vn 0.7264 -0.0764 0.6830
vn 0.9674 0.1874 0.1705
vn 0.9087 0.1753 0.3788
vn -0.1861 0.6137 0.7673
vn -0.1988 0.9229 0.3298
vn -0.1531 -0.9882 -0.0008
vn -0.1483 -0.9885 0.0287
vn -0.2454 0.4877 0.8378
vn -0.2246 0.8165 0.5319
vn -0.4965 -0.8680 -0.0104
vn -0.4918 -0.8707 0.0069
vn -0.2156 0.4243 0.8795
vn -0.2533 0.7661 0.5907
vn -0.3517 -0.9314 -0.0937
vn -0.1381 -0.9506 -0.2780
vn -0.1242 -0.9777 -0.1692
vn -0.0532 -0.8448 -0.5324
vn 0.0529 -0.9926 -0.1097
vn 0.0690 -0.8775 -0.4746
vn 0.0073 0.5086 0.8610
vn -0.1200 0.8536 0.5070
vn -0.2600 0.5473 0.7955
vn -0.3598 0.8272 0.4316
vn -0.6735 -0.7177 -0.1767
vn -0.7821 -0.5618 -0.2696
vn -0.4156 0.4873 0.7680
vn -0.6614 0.6512 0.3721
vn -0.2288 -0.9520 0.2036
vn -0.8363 -0.5356 0.1172
vn -0.6847 0.3734 0.6259
vn -0.9153 0.2948 0.2744
vn -0.7036 -0.7104 -0.0170
vn -0.6768 -0.7359 -0.0194
vn -0.2148 0.5654 0.7964
vn -0.1703 0.8878 0.4276
vn -0.0039 0.4239 0.9057
vn -0.1045 0.8032 0.5865
vn -0.2209 -0.9719 -0.0816
vn -0.6031 -0.7974 0.0210
vn -0.1964 0.9127 0.3582
vn -0.2713 0.8926 0.3602
vn -0.1393 0.9687 0.2053
vn -0.1664 0.9722 0.1648
vn -0.5668 -0.8213 0.0653
vn -0.6660 -0.7442 0.0517
vn -0.2319 0.9144 0.3319
vn -0.2685 0.8964 0.3525
vn -0.1169 0.9320 0.3432
vn -0.1249 0.9413 0.3136
vn -0.8665 -0.4844 -0.1205
vn -0.8714 -0.4904 0.0139
vn -0.9894 -0.0180 0.1441
vn -0.9318 -0.3447 0.1136
vn -0.2555 -0.6727 -0.6944
vn -0.7895 -0.4372 -0.4307
vn -0.7975 0.5682 0.2030
vn -0.9053 0.3817 0.1865
vn 0.0738 -0.7278 -0.6818
vn 0.0332 -0.7146 -0.6987
vn -0.2043 0.9384 0.2786
vn -0.3180 0.9127 0.2568
vn -0.4524 0.8582 0.2427
vn -0.6193 0.7529 0.2227
vn 0.1523 -0.8684 -0.4719
vn 0.0952 -0.7615 -0.6411
vn -0.1474 0.9569 0.2502
vn -0.1866 0.9369 0.2956
vn -0.2255 -0.9698 0.0931
vn -0.4005 -0.9129 0.0790
vn -0.0126 -0.9944 0.1052
vn -0.0754 -0.9919 0.1019
vn -0.1967 0.9720 0.1285
vn -0.1951 0.9714 0.1350
vn 0.6817 -0.1147 0.7226
vn 0.7942 -0.0071 0.6077
vn 0.8764 -0.0045 0.4815
vn 0.8530 -0.0341 0.5208
vn 0.4418 -0.3928 0.8066
vn 0.5592 -0.2779 0.7810
vn 0.8061 0.4025 0.4338
vn 0.8477 0.2491 0.4684
vn 0.2849 0.9033 0.3209
vn 0.4890 0.8048 0.3365
vn 0.6466 0.6722 0.3607
vn 0.7437 0.5394 0.3949
vn -0.2370 -0.7487 0.6191
vn 0.0642 -0.6802 0.7302
vn -0.3216 0.8871 0.3311
vn -0.0993 0.9416 0.3219
vn 0.3294 -0.5070 0.7965
vn 0.4099 -0.4295 0.8047
vn -0.4765 -0.8174 0.3238
vn -0.4569 -0.7619 0.4591
vn 0.2283 0.9289 0.2915
vn -0.2500 0.9049 0.3446
vn 0.3871 -0.9096 0.1513
vn -0.0700 -0.9664 0.2475
vn 0.7396 0.6337 0.2268
vn 0.6425 0.7335 0.2217
vn 0.6306 0.7250 0.2770
vn 0.7170 0.6480 0.2569
vn 0.5550 -0.8262 0.0970
vn 0.5991 -0.7970 0.0771
vn 0.4804 -0.8765 0.0312
vn 0.5643 -0.8227 0.0697
vn 0.1452 0.9426 0.3006
vn 0.4326 0.8530 0.2921
vn -0.0095 -0.9939 0.1098
vn -0.0225 -0.9939 0.1075
vn 0.1361 -0.9900 -0.0371
vn 0.2756 -0.9598 -0.0538
vn 0.0096 0.9770 0.2129
vn 0.0265 0.9692 0.2447
vn -0.1529 0.9772 0.1470
vn -0.0759 0.9810 0.1785
vn 0.0392 -0.9958 0.0827
vn 0.0324 -0.9937 0.1075
vn 0.0198 -0.9995 -0.0259
vn 0.0663 -0.9964 -0.0519
vn -0.0226 0.9622 0.2714
vn -0.0145 0.9565 0.2915
vn -0.1572 -0.0567 0.9859
vn -0.6539 -0.2342 0.7194
vn 0.6993 0.2026 0.6856
vn 0.1629 0.0449 0.9856
vn 0.2129 -0.2775 -0.9368
vn 0.2809 -0.2362 -0.9302
vn -0.9141 -0.3546 0.1967
vn -0.8992 -0.3951 -0.1877
vn 0.9575 0.2533 0.1381
vn 0.9586 0.0851 -0.2718
vn 0.2935 -0.4199 -0.8588
vn 0.6931 -0.2487 -0.6766
vn -0.5801 -0.3787 -0.7211
vn 0.0205 -0.3577 -0.9336
vn -0.8350 -0.2937 0.4652
vn -0.7099 -0.2696 0.6507
vn 0.1036 -0.9714 -0.2137
vn 0.1415 -0.6003 -0.7871
vn 0.5120 -0.8490 -0.1309
vn 0.8453 -0.3422 -0.4104
vn -0.0007 -0.0024 1.0000
vn 0.0109 0.0372 0.9992
vn 0.9043 0.1144 0.4114
vn 0.8297 -0.0960 0.5498
vn -0.0876 -0.2041 0.9750
vn -0.5829 -0.4380 0.6844
vn 0.7146 0.1653 0.6797
vn 0.2132 -0.0763 0.9740
vn 0.6978 -0.0668 -0.7131
vn 0.6032 -0.0650 -0.7949
vn -0.8107 -0.5622 0.1635
vn -0.7724 -0.5902 -0.2346
vn 0.9608 0.2669 0.0751
vn 0.8739 0.1159 -0.4720
vn 0.3654 -0.2657 -0.8921
vn 0.5845 -0.1534 -0.7968
vn -0.3868 -0.5079 -0.7697
vn 0.2121 -0.2938 -0.9320
vn -0.7206 -0.5023 -0.4779
vn -0.7999 -0.3908 -0.4555
vn 0.8745 0.3022 0.3793
vn 0.8893 0.2731 0.3668
vn 0.7938 0.0220 -0.6078
vn 0.8571 0.0466 -0.5130
vn -0.8335 -0.3390 0.4364
vn -0.7917 -0.4428 0.4209
vn 0.0410 -0.0797 0.9960
vn 0.0053 -0.0152 0.9999
vn -0.3307 -0.8150 0.4759
vn -0.2723 -0.9082 0.3178
vn 0.6155 0.1886 0.7652
vn -0.2350 -0.3051 0.9229
vn -0.7268 -0.6763 0.1197
vn -0.4210 -0.6667 -0.6151
vn -0.3856 -0.9217 0.0419
vn -0.2862 -0.8828 -0.3725
vn 0.9473 0.3198 0.0190
vn 0.7503 0.1195 -0.6502
vn 0.2226 -0.2747 -0.9354
vn 0.4756 -0.0739 -0.8765
vn -0.0263 -0.7710 -0.6363
vn 0.1382 -0.5744 -0.8068
vn 0.2874 -0.3706 -0.8832
vn 0.3457 -0.3131 -0.8846
vn -0.5681 -0.6601 -0.4915
vn -0.3287 -0.7874 -0.5215
vn -0.5208 -0.7995 0.2991
vn -0.6932 -0.6121 0.3805
vn 0.0763 -0.2209 0.9723
vn -0.1362 -0.4932 0.8592
vn 0.8882 0.2995 0.3484
vn 0.9007 0.2478 0.3568
vn 0.6851 -0.5797 0.4410
vn -0.1424 -0.8547 0.4992
vn -0.6051 -0.7961 0.0049
vn -0.4763 -0.5006 -0.7229
vn 0.9606 -0.2656 -0.0815
vn 0.7194 -0.0812 -0.6898
vn -0.1507 -0.3509 -0.9242
vn 0.4617 -0.1217 -0.8786
vn 0.8860 0.2908 0.3612
vn 0.9396 0.0129 0.3420
vn 0.5515 0.0189 -0.8340
vn 0.5650 0.0500 -0.8236
vn -0.2690 -0.4525 -0.8502
vn -0.3359 -0.3358 -0.8800
vn -0.7411 -0.5122 0.4340
vn -0.7558 -0.4306 0.4933
vn 0.8057 -0.5542 -0.2092
vn 0.8110 -0.5508 0.1971
vn -0.1688 -0.1439 -0.9751
vn -0.2290 -0.1931 -0.9541
vn 0.0297 -0.0676 -0.9973
vn 0.0104 -0.1316 -0.9913
vn 0.5393 -0.4639 0.7029
vn 0.1113 -0.2969 0.9484
vn -0.8361 0.1040 0.5386
vn -0.3831 -0.1312 0.9144
vn -0.1256 -0.2255 0.9661
vn -0.0417 -0.2462 0.9683
vn -0.9544 0.2386 -0.1793
vn -0.9682 0.2301 0.0981
vn -0.4039 -0.1126 -0.9079
vn -0.8228 0.1307 -0.5531
vn -0.0631 -0.2481 -0.9667
vn -0.1444 -0.2217 -0.9644
vn 0.5275 -0.4745 -0.7047
vn 0.0896 -0.3053 -0.9480
vn -0.8802 0.3475 -0.3234
vn -0.8848 0.3094 -0.3484
vn -0.9465 0.1610 0.2796
vn -0.9193 -0.0026 0.3935
vn -0.0800 -0.0877 0.9929
vn -0.0122 0.0883 0.9960
vn 0.6509 -0.5791 -0.4910
vn 0.7035 -0.5391 -0.4630
vn 0.6988 -0.5513 0.4558
vn 0.7218 -0.5306 0.4444
vn 0.1014 -0.2249 0.9691
vn 0.0344 -0.2548 0.9664
vn -0.2290 -0.1717 -0.9582
vn -0.2155 -0.1653 -0.9624
vn 0.0860 -0.5803 -0.8098
vn 0.0693 -0.3478 -0.9350
vn -0.9396 -0.1945 -0.2816
vn -0.9453 0.1155 -0.3050
vn -0.9083 0.3016 0.2898
vn -0.8926 0.3627 0.2677
vn -0.2026 -0.1796 0.9627
vn -0.1662 -0.1458 0.9753
vn 0.4418 -0.8227 -0.3577
vn 0.5687 -0.6678 -0.4803
vn 0.6130 -0.3069 0.7281
vn 0.6779 -0.5084 0.5310
vn 0.1822 0.0468 0.9822
vn 0.1641 -0.1229 0.9788
vn -0.0082 -0.1671 0.9859
vn 0.1030 -0.1853 0.9773
vn 0.1969 -0.2112 0.9574
vn 0.5108 -0.4172 0.7517
vn 0.7561 -0.6152 0.2231
vn 0.7114 -0.6601 -0.2411
vn 0.4428 -0.5252 -0.7267
vn 0.1285 -0.3351 -0.9334
vn -0.8284 0.2143 0.5175
vn -0.3463 -0.0382 0.9373
vn 0.0196 -0.2821 -0.9592
vn -0.0766 -0.2517 -0.9648
vn -0.9419 0.2883 -0.1725
vn -0.9494 0.3018 0.0873
vn -0.4177 -0.0903 -0.9041
vn -0.8420 0.1873 -0.5060
vn 0.9077 -0.0168 -0.4192
vn 0.9077 -0.0168 0.4192
vn -0.3534 -0.6231 -0.6977
vn -0.3534 -0.6231 0.6977
vn -0.0588 -0.6645 -0.7449
vn -0.0588 -0.6645 0.7449
vn 0.5124 -0.1402 0.8472
vn 0.0558 -0.2914 0.9550
vn -0.7583 -0.1457 0.6355
vn -0.3263 -0.2848 0.9014
vn -0.1173 -0.3062 0.9447
vn -0.0495 -0.3046 0.9512
vn -0.9689 -0.0866 -0.2318
vn -0.9689 -0.0866 0.2318
vn -0.3263 -0.2848 -0.9014
vn -0.7583 -0.1457 -0.6355
vn -0.0495 -0.3046 -0.9512
vn -0.1173 -0.3062 -0.9447
vn 0.5124 -0.1402 -0.8472
vn 0.0558 -0.2914 -0.9550
vn -0.9309 0.0195 -0.3647
vn -0.9014 -0.0004 -0.4331
vn -0.9578 -0.0099 0.2873
vn -0.9577 0.0807 0.2761
vn -0.1653 -0.1450 0.9755
vn -0.2155 -0.2002 0.9558
vn 0.8510 0.0521 0.5227
vn 0.7701 0.1037 0.6294
vn 0.8434 -0.2786 -0.4594
vn 0.7389 -0.5080 -0.4426
vn 0.0013 -0.1685 0.9857
vn -0.0098 -0.2502 0.9681
vn -0.1126 -0.1349 -0.9844
vn -0.0962 -0.0645 -0.9933
vn -0.0234 -0.2536 -0.9670
vn -0.0021 -0.1700 -0.9854
vn -0.9423 0.1013 -0.3191
vn -0.9541 -0.0018 -0.2995
vn -0.9014 -0.0004 0.4330
vn -0.9313 0.0186 0.3638
vn -0.1126 -0.1349 0.9844
vn -0.0959 -0.0645 0.9933
vn 0.7426 -0.5041 0.4410
vn 0.8440 -0.2773 0.4592
vn 0.7701 0.1037 -0.6294
vn 0.8509 0.0519 -0.5227
vn 0.0104 -0.1316 0.9913
vn 0.0300 -0.0674 0.9973
vn 0.1280 -0.1144 0.9852
vn 0.6419 -0.1133 0.7584
vn -0.0632 -0.1014 0.9928
vn -0.0205 -0.1057 0.9942
vn -0.2832 -0.0863 -0.9552
vn -0.8133 -0.0266 -0.5812
vn 0.6412 -0.1144 -0.7588
vn 0.1268 -0.1153 -0.9852
vn 0.9737 -0.0733 0.2159
vn 0.9736 -0.0736 -0.2159
vn -0.0215 -0.1062 -0.9941
vn -0.0641 -0.1015 -0.9928
vn -0.9902 0.0172 -0.1387
vn -0.9911 0.0154 0.1322
vn -0.8136 -0.0299 0.5807
vn -0.2816 -0.0871 0.9556
vn 0.2158 0.1027 0.9710
vn 0.3135 -0.0069 0.9496
vn 0.2797 0.0900 0.9559
vn 0.1966 0.1750 0.9647
vn 0.0447 0.7305 0.6815
vn 0.0624 0.5560 0.8289
vn 0.0323 0.7163 0.6970
vn -0.0059 0.8729 0.4878
vn 0.0499 -0.9987 0.0025
vn 0.0542 -0.9985 0.0011
vn 0.0687 -0.9976 0.0010
vn 0.0521 -0.9986 -0.0066
vn 0.0248 0.0191 0.9995
vn 0.0731 0.1031 0.9920
vn 0.0469 -0.0156 0.9988
vn -0.0118 -0.1228 0.9924
vn 0.0211 -0.9651 0.2611
vn -0.1208 -0.8691 0.4796
vn -0.0804 -0.5979 0.7975
vn 0.0034 -0.8335 0.5525
vn -0.0845 0.9341 0.3468
vn -0.0709 0.8101 0.5820
vn 0.0260 0.6105 0.7916
vn 0.0095 0.7937 0.6082
vn 0.0814 0.7699 0.6330
vn 0.1233 0.5786 0.8062
vn 0.0907 0.7476 0.6579
vn 0.0596 0.9034 0.4247
vn -0.0144 0.0842 0.9963
vn -0.0940 0.0712 0.9930
vn 0.0519 0.1443 0.9882
vn 0.0796 0.1735 0.9816
vn 0.1369 -0.9906 -0.0016
vn 0.1966 -0.9805 -0.0022
vn 0.2686 -0.9632 -0.0128
vn 0.1894 -0.9818 -0.0147
vn -0.0022 -0.8302 0.5574
vn 0.0016 -0.5952 0.8036
vn -0.0098 -0.8351 0.5500
vn -0.0176 -0.9595 0.2812
vn 0.1121 0.1627 0.9803
vn 0.2197 0.1188 0.9683
vn 0.2035 0.1402 0.9690
vn 0.1236 0.2003 0.9719
vn 0.3565 0.1656 0.9195
vn 0.3587 0.0798 0.9300
vn 0.4045 -0.0355 0.9138
vn 0.3585 0.0556 0.9319
vn 0.1301 0.7049 0.6973
vn 0.2016 0.5391 0.8177
vn 0.3529 0.6596 0.6636
vn 0.2661 0.8254 0.4979
vn 0.4457 -0.8949 -0.0227
vn 0.5208 -0.8535 -0.0191
vn 0.5654 -0.8241 -0.0360
vn 0.5140 -0.8577 -0.0080
vn -0.0794 -0.0847 0.9932
vn -0.0455 -0.2345 0.9711
vn -0.2157 -0.1829 0.9592
vn -0.1918 0.0180 0.9813
vn 0.6009 -0.7525 0.2695
vn 0.5781 -0.6207 0.5296
vn 0.5475 -0.4035 0.7331
vn 0.5988 -0.6230 0.5034
vn 0.6401 0.6336 0.4346
vn 0.5309 0.5862 0.6120
vn 0.5129 0.4701 0.7183
vn 0.6120 0.5498 0.5685
vn -0.0095 -0.4768 0.8790
vn 0.1600 -0.3327 0.9294
vn 0.3709 -0.4202 0.8282
vn 0.8716 -0.3024 0.3859
vn 0.6327 0.5697 0.5245
vn 0.5269 0.5287 0.6655
vn 0.5465 0.6561 0.5205
vn 0.6779 0.6419 0.3583
vn 0.3146 -0.9476 -0.0562
vn 0.0783 -0.9961 -0.0394
vn -0.1712 -0.9846 -0.0355
vn 0.1197 -0.9925 0.0242
vn 0.3119 0.0253 0.9498
vn 0.2695 -0.1167 0.9559
vn 0.1411 -0.0190 0.9898
vn 0.2601 0.1359 0.9560
vn 0.1693 0.7891 0.5905
vn -0.1330 0.6610 0.7385
vn -0.2518 0.7503 0.6113
vn -0.0439 0.8793 0.4742
vn -0.6227 -0.7824 0.0074
vn -0.7270 -0.6866 0.0014
vn -0.6687 -0.7328 0.1262
vn -0.6001 -0.7808 0.1740
vn 0.2493 -0.8258 0.5058
vn 0.3730 -0.8851 0.2785
vn 0.4510 -0.7468 0.4888
vn 0.3876 -0.5997 0.7001
vn -0.3065 0.7385 0.6005
vn -0.1548 0.7490 0.6443
vn -0.0503 0.7643 0.6429
vn -0.2348 0.8508 0.4700
vn -0.5291 -0.7970 0.2913
vn -0.4065 -0.8960 0.1787
vn -0.1136 -0.8933 0.4348
vn -0.2225 -0.8190 0.5289
vn 0.6254 0.4282 0.6524
vn 0.6407 0.2495 0.7262
vn 0.6790 0.3412 0.6500
vn 0.6900 0.5106 0.5130
vn 0.4922 -0.1835 0.8510
vn 0.4063 -0.2349 0.8830
vn 0.4590 -0.1631 0.8733
vn 0.4397 -0.0945 0.8932
vn 0.3236 0.6689 0.6692
vn 0.4350 0.4469 0.7817
vn 0.4648 0.5743 0.6739
vn 0.4121 0.7691 0.4885
vn 0.7118 0.2655 0.6502
vn 0.6775 0.1629 0.7172
vn 0.7391 0.1721 0.6512
vn 0.7825 0.2781 0.5571
vn 0.5895 -0.6823 0.4325
vn 0.7755 -0.6079 0.1707
vn 0.8179 -0.4508 0.3576
vn 0.5928 -0.4789 0.6475
vn 0.5429 -0.1495 0.8264
vn 0.5624 -0.1964 0.8032
vn 0.5621 -0.1497 0.8134
vn 0.5655 -0.0715 0.8217
vn 0.7876 -0.0717 0.6120
vn 0.7444 -0.0643 0.6646
vn 0.7013 -0.1303 0.7009
vn 0.7088 -0.1339 0.6926
vn 0.9477 -0.1445 0.2846
vn 0.9965 -0.0074 0.0830
vn 0.9752 0.0545 0.2146
vn 0.8836 -0.0235 0.4677
vn 0.6009 -0.1452 0.7860
vn 0.6377 -0.1781 0.7494
vn 0.6501 -0.1408 0.7467
vn 0.6186 -0.0810 0.7815
vn 0.0200 -0.0314 0.9993
vn -0.0154 0.0814 0.9966
vn -0.0187 -0.0319 0.9993
vn 0.0084 -0.1607 0.9870
vn -0.2069 0.9783 0.0064
vn -0.2056 0.9786 -0.0034
vn -0.1887 0.9820 -0.0003
vn -0.2011 0.9788 0.0394
vn -0.1122 0.1051 0.9881
vn -0.1055 -0.0096 0.9944
vn -0.0463 -0.1521 0.9873
vn -0.0559 -0.0228 0.9982
vn -0.0037 -0.8401 0.5425
vn -0.0158 -0.6074 0.7942
vn -0.0590 -0.8432 0.5343
vn -0.0275 -0.9624 0.2701
vn -0.1896 -0.8325 0.5205
vn -0.2227 -0.5916 0.7748
vn -0.3543 -0.7934 0.4949
vn -0.2994 -0.9222 0.2448
vn -0.1198 0.9928 0.0034
vn -0.1363 0.9906 -0.0109
vn -0.1661 0.9861 0.0094
vn -0.1461 0.9845 0.0973
vn 0.2023 0.2032 0.9580
vn 0.2779 0.1349 0.9511
vn 0.2257 0.1632 0.9604
vn 0.2066 0.2391 0.9488
vn -0.1676 0.0063 0.9858
vn -0.2160 0.1322 0.9674
vn -0.2255 0.0228 0.9740
vn -0.1801 -0.1210 0.9762
vn 0.0560 0.2315 0.9712
vn -0.0467 0.2844 0.9576
vn -0.0759 0.2693 0.9601
vn 0.0342 0.2092 0.9773
vn -0.6537 0.1171 -0.7476
vn -0.4079 -0.0503 -0.9117
vn -0.6276 0.0721 -0.7752
vn -0.7960 0.2677 -0.5429
vn -0.4606 0.8875 -0.0134
vn -0.5433 0.8389 -0.0321
vn -0.6359 0.7717 -0.0056
vn -0.5521 0.8299 0.0809
vn -0.2086 0.9779 -0.0143
vn -0.2553 0.9665 -0.0249
vn -0.3141 0.9493 -0.0124
vn -0.2617 0.9614 0.0847
vn -0.9130 0.4048 -0.0506
vn -0.8940 0.4078 -0.1854
vn -0.9310 0.3616 -0.0499
vn -0.9060 0.4131 0.0921
vn -0.7925 0.6098 0.0094
vn -0.8489 0.5284 -0.0132
vn -0.9132 0.4068 0.0243
vn -0.8664 0.4914 0.0890
vn -0.1287 0.2995 0.9454
vn -0.1691 0.3226 0.9313
vn -0.2139 0.2876 0.9336
vn -0.2128 0.2553 0.9431
vn -0.0398 -0.2440 -0.9690
vn -0.0262 -0.2453 -0.9691
vn -0.0831 -0.2355 -0.9683
vn -0.1195 -0.2124 -0.9699
vn -0.9602 -0.2173 0.1755
vn -0.9943 0.0066 0.1061
vn -0.9936 0.0492 0.1021
vn -0.7676 -0.4262 0.4787
vn -0.9342 -0.3272 0.1424
vn -0.8737 -0.2816 0.3966
vn -0.9100 -0.3550 0.2141
vn -0.8992 -0.4365 0.0288
vn -0.2630 0.2572 0.9299
vn -0.2777 0.3287 0.9027
vn -0.4945 0.2039 0.8449
vn -0.5113 0.0738 0.8562
vn -0.1281 0.9862 0.1051
vn -0.1381 0.9903 -0.0124
vn -0.1295 0.9913 -0.0248
vn -0.1411 0.9899 -0.0136
vn -0.2322 0.9726 0.0067
vn -0.2660 0.9638 -0.0186
vn -0.2828 0.9592 -0.0025
vn -0.2562 0.9590 0.1212
vn -0.2724 0.0361 0.9615
vn -0.2745 0.1459 0.9505
vn -0.2886 0.0466 0.9563
vn -0.3094 -0.0840 0.9472
vn -0.5166 -0.7255 0.4548
vn -0.4867 -0.5137 0.7065
vn -0.6062 -0.6737 0.4226
vn -0.6193 -0.7609 0.1936
vn -0.1779 0.9100 0.3745
vn -0.1957 0.7619 0.6175
vn -0.2012 0.5948 0.7783
vn -0.2019 0.7876 0.5821
vn -0.1070 0.6144 0.7817
vn -0.1367 0.4153 0.8994
vn -0.2040 0.5985 0.7747
vn -0.2062 0.7753 0.5970
vn 0.0170 0.1106 0.9937
vn -0.0552 -0.0276 0.9981
vn -0.2033 0.0675 0.9768
vn -0.1268 0.1711 0.9771
vn -0.4522 -0.8786 -0.1532
vn -0.6262 -0.7782 -0.0486
vn -0.6694 -0.7406 -0.0578
vn -0.5347 -0.8393 -0.0986
vn 0.0234 -0.8761 0.4815
vn -0.4329 -0.8849 0.1719
vn -0.4918 -0.7400 0.4588
vn -0.1431 -0.5556 0.8190
vn -0.2148 0.9766 -0.0120
vn -0.2598 0.9586 0.1164
vn -0.2913 0.9566 -0.0095
vn -0.2631 0.9644 -0.0262
vn -0.1273 0.9918 -0.0090
vn -0.1153 0.9933 0.0006
vn -0.1325 0.9894 0.0591
vn -0.1458 0.9893 -0.0007
vn -0.5702 -0.8213 -0.0161
vn -0.6339 -0.7734 0.0009
vn -0.6792 -0.7337 -0.0195
vn -0.6348 -0.7726 -0.0108
vn -0.2418 0.6390 0.7302
vn -0.2479 0.7838 0.5694
vn -0.2389 0.6085 0.7568
vn -0.2415 0.4518 0.8588
vn 0.0676 0.4524 0.8892
vn -0.0092 0.6409 0.7676
vn -0.0631 0.8291 0.5555
vn -0.0145 0.6809 0.7322
vn -0.7339 -0.6518 -0.1911
vn -0.8038 -0.5887 -0.0859
vn -0.7209 -0.6931 0.0011
vn -0.6956 -0.7113 -0.1014
vn -0.8575 0.0085 0.5145
vn -0.9411 0.0762 0.3293
vn -0.9767 -0.1350 0.1670
vn -0.9414 -0.2034 0.2689
vn -0.2412 -0.8955 -0.3740
vn -0.5012 -0.7113 -0.4928
vn -0.6231 -0.7149 -0.3172
vn -0.4520 -0.8666 -0.2114
vn -0.6568 0.5141 0.5517
vn -0.8220 0.4642 0.3300
vn -0.7688 0.4182 0.4838
vn -0.5390 0.4324 0.7229
vn 0.0623 -0.9595 -0.2749
vn 0.0562 -0.8663 -0.4963
vn -0.0035 -0.9499 -0.3125
vn 0.0272 -0.9921 -0.1222
vn -0.1213 0.7204 0.6828
vn -0.2353 0.8563 0.4597
vn -0.2621 0.7221 0.6402
vn -0.1394 0.5480 0.8248
vn -0.3635 0.6986 0.6163
vn -0.4809 0.7766 0.4070
vn -0.4605 0.6551 0.5990
vn -0.3174 0.5317 0.7852
vn -0.1422 -0.9598 -0.2421
vn 0.0299 -0.9018 -0.4311
vn 0.0281 -0.9633 -0.2671
vn -0.0637 -0.9918 -0.1108
vn -0.2069 0.7245 0.6575
vn -0.1929 0.8545 0.4823
vn -0.2290 0.6803 0.6962
vn -0.2344 0.5270 0.8169
vn -0.2376 -0.9714 -0.0004
vn -0.3197 -0.9473 0.0184
vn -0.4120 -0.9111 -0.0103
vn -0.3295 -0.9441 -0.0048
vn -0.0140 -0.9999 0.0048
vn -0.0326 -0.9990 0.0321
vn -0.0794 -0.9968 0.0042
vn -0.1462 0.8144 0.5616
vn -0.1971 0.9314 0.3061
vn -0.1941 0.8052 0.5603
vn -0.1353 0.6242 0.7694
vn 0.6055 -0.1162 0.7873
vn 0.6351 -0.0712 0.7692
vn 0.6571 -0.1092 0.7458
vn 0.6568 -0.1405 0.7408
vn 0.9912 -0.0117 0.1317
vn 0.9653 -0.0052 0.2612
vn 0.9329 -0.0028 0.3601
vn 0.9734 0.0154 0.2288
vn 0.4773 -0.2777 0.8337
vn 0.4667 -0.2803 0.8388
vn 0.5394 -0.1911 0.8201
vn 0.5456 -0.2171 0.8094
vn 0.8388 0.4875 0.2424
vn 0.8622 0.3617 0.3546
vn 0.9120 0.2979 0.2819
vn 0.8950 0.4199 0.1502
vn 0.2689 0.9540 0.1327
vn 0.4080 0.8853 0.2234
vn 0.4987 0.8554 0.1404
vn 0.4039 0.9131 0.0555
vn 0.6286 0.7600 0.1650
vn 0.6969 0.6631 0.2731
vn 0.7450 0.6364 0.1998
vn 0.6852 0.7228 0.0893
vn 0.0041 -0.4627 0.8865
vn 0.0435 -0.5788 0.8143
vn 0.2183 -0.4252 0.8784
vn 0.1339 -0.3743 0.9176
vn -0.3157 0.9386 0.1393
vn -0.2334 0.9463 0.2237
vn -0.0938 0.9864 0.1350
vn -0.2285 0.9718 0.0586
vn 0.3627 -0.3780 0.8518
vn 0.3977 -0.3960 0.8277
vn 0.4303 -0.3374 0.8373
vn 0.4072 -0.3220 0.8547
vn -0.1684 -0.6362 0.7529
vn -0.3746 -0.6921 0.6170
vn -0.1868 -0.5285 0.8281
vn -0.0750 -0.4601 0.8847
vn 0.1743 0.9801 0.0951
vn -0.0806 0.9747 0.2086
vn -0.2806 0.9502 0.1356
vn -0.1338 0.9895 0.0542
vn 0.4668 -0.6585 0.5903
vn 0.2695 -0.8627 0.4280
vn 0.1525 -0.7000 0.6976
vn 0.3460 -0.4733 0.8101
vn 0.7641 0.6439 0.0395
vn 0.7311 0.6744 0.1031
vn 0.6478 0.7603 0.0477
vn 0.7320 0.6811 0.0134
vn 0.7123 0.7017 0.0152
vn 0.6562 0.7528 0.0523
vn 0.7035 0.6990 0.1283
vn 0.7448 0.6658 0.0456
vn 0.5833 -0.8112 -0.0407
vn 0.5358 -0.8419 -0.0646
vn 0.5775 -0.8160 -0.0249
vn 0.5987 -0.7992 -0.0530
vn 0.6406 -0.6674 0.3798
vn 0.5575 -0.8039 0.2071
vn 0.5733 -0.6594 0.4863
vn 0.5485 -0.4396 0.7112
vn 0.1456 0.9875 0.0598
vn 0.2931 0.9450 0.1453
vn 0.4479 0.8923 0.0571
vn 0.2959 0.9550 0.0185
vn -0.0104 -0.9999 0.0050
vn -0.0226 -0.9992 0.0337
vn -0.0240 -0.9997 0.0049
vn -0.0249 -0.9734 -0.2277
vn 0.0024 -0.8066 -0.5911
vn -0.2589 -0.5108 -0.8198
vn -0.3424 -0.8319 -0.4368
vn -0.0160 0.9992 0.0359
vn 0.0126 0.9943 0.1058
vn 0.0027 0.9990 0.0449
vn 0.0018 0.9999 0.0122
vn -0.1441 0.9896 0.0054
vn -0.1735 0.9847 0.0158
vn -0.1340 0.9888 0.0657
vn -0.1010 0.9946 0.0259
vn 0.0500 -0.9987 0.0005
vn 0.0564 -0.9984 0.0055
vn 0.0499 -0.9982 0.0320
vn 0.0347 -0.9994 0.0053
vn -0.5879 -0.7775 0.2231
vn -0.6465 -0.7590 -0.0770
vn -0.8907 -0.4540 0.0253
vn -0.8572 -0.4329 0.2789
vn -0.0447 0.9976 0.0524
vn -0.0462 0.9896 0.1364
vn -0.0295 0.9979 0.0578
vn -0.0540 0.9984 0.0174
vn 0.9599 0.2618 -0.1001
vn 0.9465 0.3047 0.1066
vn 0.9548 0.2449 -0.1683
vn 0.9171 0.1740 -0.3587
vn -0.2091 -0.3079 -0.9282
vn 0.1135 -0.2463 -0.9625
vn -0.0988 -0.3280 -0.9395
vn -0.5119 -0.3879 -0.7665
vn 0.2240 -0.9600 -0.1678
vn 0.4772 -0.7977 -0.3688
vn 0.4070 -0.6337 -0.6579
vn 0.2012 -0.8652 -0.4593
vn -0.2946 -0.0240 0.9553
vn -0.6082 -0.1599 0.7775
vn -0.3828 -0.1052 0.9178
vn -0.1403 -0.0175 0.9900
vn 0.3486 0.0344 0.9367
vn 0.1538 0.0185 0.9879
vn 0.4097 0.0635 0.9100
vn 0.6791 0.0040 0.7340
vn 0.8875 -0.4447 0.1211
vn 0.9746 -0.0949 0.2030
vn 0.9988 0.0273 -0.0396
vn 0.8873 -0.4373 -0.1467
vn -0.7469 -0.6629 -0.0524
vn -0.5966 -0.7506 -0.2841
vn -0.5364 -0.8352 -0.1212
vn -0.6749 -0.7281 0.1201
vn 0.4216 -0.2750 -0.8641
vn 0.5030 -0.2103 -0.8383
vn 0.3890 -0.2347 -0.8908
vn 0.3677 -0.3137 -0.8754
vn -0.3856 -0.1627 0.9082
vn -0.6377 -0.3020 0.7086
vn -0.3563 -0.2354 0.9042
vn -0.1406 -0.0958 0.9854
vn 0.4733 -0.2192 -0.8532
vn 0.6652 -0.0743 -0.7429
vn 0.4521 -0.1979 -0.8697
vn 0.3319 -0.2284 -0.9152
vn -0.9226 -0.3858 -0.0032
vn -0.8728 -0.4417 -0.2073
vn -0.8662 -0.4993 -0.0204
vn -0.8899 -0.4171 0.1847
vn 0.4197 0.1375 0.8972
vn 0.1815 0.0166 0.9832
vn 0.4380 0.0739 0.8959
vn 0.7025 0.2272 0.6744
vn 0.9027 0.2497 -0.3503
vn 0.9683 0.2482 -0.0275
vn 0.9097 0.0925 -0.4048
vn 0.7138 0.1206 -0.6899
vn -0.2044 -0.9577 -0.2024
vn -0.0522 -0.8393 -0.5412
vn -0.4295 -0.8709 -0.2389
vn -0.2706 -0.9584 0.0913
vn 0.4255 -0.0057 0.9050
vn 0.1484 -0.2063 0.9672
vn 0.2791 -0.0487 0.9590
vn 0.6895 0.1603 0.7063
vn 0.0488 -0.4378 -0.8978
vn 0.3013 -0.3763 -0.8762
vn 0.1794 -0.5425 -0.8207
vn -0.1847 -0.6369 -0.7485
vn 0.9474 0.2111 -0.2405
vn 0.9588 0.2802 0.0463
vn 0.9254 0.2349 -0.2973
vn 0.8093 0.0713 -0.5830
vn -0.2803 -0.4133 0.8664
vn -0.4628 -0.6404 0.6129
vn -0.2122 -0.7177 0.6632
vn -0.0624 -0.4335 0.8990
vn -0.1116 -0.9338 -0.3399
vn 0.3215 -0.6048 -0.7286
vn 0.7335 -0.5781 -0.3575
vn 0.3824 -0.9219 0.0621
vn -0.8150 -0.5232 -0.2490
vn -0.5921 -0.4428 -0.6733
vn -0.8033 -0.4833 -0.3481
vn -0.9043 -0.4215 0.0670
vn 0.3274 -0.0968 -0.9399
vn 0.4583 -0.0011 -0.8888
vn 0.1561 -0.1808 -0.9710
vn -0.0684 -0.2841 -0.9564
vn 0.0763 -0.0562 0.9955
vn -0.4375 -0.3053 0.8458
vn 0.1588 -0.4191 0.8940
vn 0.5911 0.0440 0.8054
vn -0.4943 -0.0386 0.8684
vn -0.7260 -0.0091 0.6876
vn -0.4311 -0.1000 0.8968
vn -0.2103 -0.0644 0.9755
vn -0.9992 0.0388 -0.0008
vn -0.9841 0.0390 -0.1733
vn -0.9999 0.0134 -0.0000
vn -0.9841 0.0389 0.1731
vn -0.0224 -0.0677 -0.9975
vn -0.0059 -0.0724 -0.9974
vn -0.0354 -0.1357 -0.9901
vn -0.0404 -0.0726 -0.9965
vn -0.6198 0.1179 0.7759
vn -0.8030 0.2618 0.5354
vn -0.6140 0.0463 0.7879
vn -0.3721 -0.0616 0.9261
vn 0.2743 -0.3897 -0.8791
vn 0.4987 -0.4792 -0.7223
vn 0.2850 -0.3825 -0.8789
vn 0.1127 -0.3022 -0.9466
vn 0.7850 -0.6193 -0.0180
vn 0.7935 -0.5764 0.1952
vn 0.8236 -0.5671 -0.0114
vn 0.7779 -0.5831 -0.2342
vn 0.3179 -0.3312 0.8884
vn 0.1560 -0.2796 0.9473
vn 0.3094 -0.3657 0.8778
vn 0.5295 -0.4583 0.7138
vn 0.0178 -0.2130 0.9769
vn -0.0831 -0.2083 0.9745
vn -0.0539 -0.2350 0.9705
vn 0.0209 -0.2351 0.9718
vn 0.1155 0.0654 0.9912
vn 0.0626 -0.0260 0.9977
vn 0.0976 -0.1223 0.9877
vn 0.1542 -0.0369 0.9874
vn 0.3082 -0.0008 0.9513
vn 0.2200 -0.0527 0.9741
vn 0.3120 -0.2072 0.9272
vn 0.4910 -0.2389 0.8378
vn 0.6341 -0.7437 0.2118
vn 0.7154 -0.5934 0.3689
vn 0.7278 -0.6846 0.0389
vn 0.6388 -0.7491 -0.1755
vn 0.1922 -0.6750 -0.7124
vn 0.3727 -0.6529 -0.6594
vn 0.2512 -0.4688 -0.8468
vn 0.1346 -0.4818 -0.8659
vn -0.4414 0.0881 0.8930
vn -0.8104 0.0632 0.5825
vn -0.5954 0.0566 0.8014
vn -0.2317 0.0141 0.9727
vn 0.0551 -0.5567 -0.8289
vn 0.0587 -0.4274 -0.9022
vn 0.0115 -0.3285 -0.9444
vn -0.0108 -0.4145 -0.9100
vn -0.9939 -0.1074 0.0250
vn -0.9885 -0.0100 -0.1508
vn -0.9872 0.1544 -0.0389
vn -0.9906 0.0424 0.1297
vn -0.6236 -0.3856 -0.6800
vn -0.3580 -0.3324 -0.8726
vn -0.6773 -0.0510 -0.7340
vn -0.8647 -0.0975 -0.4927
vn 0.8513 -0.5247 -0.0000
vn 0.3315 -0.6029 0.7256
vn 0.0738 -0.9973 -0.0000
vn 0.3315 -0.6030 -0.7256
vn -0.1636 -0.9865 -0.0000
vn -0.1599 -0.6598 0.7343
vn -0.3277 -0.9448 -0.0000
vn -0.1599 -0.6598 -0.7343
vn -0.6547 -0.7559 -0.0000
vn -0.7262 -0.4238 0.5414
vn -0.9545 -0.2983 -0.0000
vn -0.7262 -0.4238 -0.5414
vn 0.9950 0.1000 -0.0000
vn 0.9475 0.1644 0.2744
vn 0.9861 0.1660 -0.0000
vn 0.9475 0.1644 -0.2744
vn 0.3301 -0.0417 -0.9430
vn 0.5493 0.0392 -0.8347
vn 0.2287 -0.0811 -0.9701
vn 0.1067 -0.0585 -0.9926
vn -0.4947 -0.0381 -0.8682
vn -0.2103 -0.0644 -0.9755
vn -0.4311 -0.1000 -0.8968
vn -0.7260 -0.0090 -0.6877
vn -0.0222 -0.0676 0.9975
vn -0.0404 -0.0726 0.9965
vn -0.0354 -0.1357 0.9901
vn -0.0059 -0.0724 0.9974
vn 0.3303 -0.0413 0.9430
vn 0.1067 -0.0585 0.9926
vn 0.2287 -0.0811 0.9701
vn 0.5493 0.0392 0.8347
vn 0.2988 -0.3599 0.8839
vn 0.0982 -0.2497 0.9633
vn 0.3366 -0.2248 0.9144
vn 0.5825 -0.3818 0.7176
vn -0.0888 -0.2310 0.9689
vn -0.1207 -0.1965 0.9731
vn -0.0641 -0.1575 0.9854
vn -0.0568 -0.2088 0.9763
vn -0.6455 -0.0502 -0.7621
vn -0.3810 -0.1447 -0.9132
vn -0.6088 -0.0856 -0.7887
vn -0.8510 -0.0141 -0.5250
vn 0.2881 -0.3675 -0.8843
vn 0.5793 -0.3862 -0.7178
vn 0.3335 -0.2273 -0.9149
vn 0.0906 -0.2533 -0.9631
vn 0.8487 -0.5289 -0.0029
vn 0.8777 -0.4366 0.1974
vn 0.9617 -0.2740 -0.0003
vn 0.8771 -0.4372 -0.1990
vn -0.1009 -0.2305 -0.9678
vn -0.0635 -0.2100 -0.9756
vn -0.0668 -0.1579 -0.9852
vn -0.1271 -0.1951 -0.9725
vn -0.9918 0.1234 -0.0340
vn -0.9889 0.0461 -0.1413
vn -0.9998 0.0150 -0.0099
vn -0.9940 0.0372 0.1028
vn -0.6387 -0.0747 0.7658
vn -0.8556 -0.0331 0.5165
vn -0.6053 -0.0924 0.7907
vn -0.3715 -0.1533 0.9157
vn 0.0411 0.0852 0.9955
vn 0.1223 0.2837 0.9511
vn 0.1171 0.2619 0.9580
vn 0.1061 0.2834 0.9531
vn 0.3179 0.2783 0.9064
vn 0.4009 0.2960 0.8670
vn 0.0450 0.3009 0.9526
vn -0.8841 0.0552 0.4641
vn 0.9174 0.1127 0.3816
vn 0.9987 0.0517 -0.0000
vn 0.5662 0.0496 0.8228
vn 0.6019 0.0434 0.7974
vn 0.6766 -0.0196 0.7361
vn -0.0663 0.0909 0.9936
vn -0.1657 0.1189 0.9790
vn -0.2536 0.1416 0.9569
vn 0.1123 0.2687 0.9567
vn 0.0843 0.2018 0.9758
vn -0.1415 0.3041 0.9421
vn -0.2094 0.3295 0.9207
vn -0.6305 0.2316 0.7408
vn -0.9800 0.1992 -0.0000
vn -0.2563 0.1506 0.9548
vn -0.9737 0.1627 0.1596
vn 0.8749 0.0733 0.4788
vn 0.1775 0.2818 0.9429
vn 0.0900 0.2511 0.9638
vn 0.1299 0.2750 0.9526
vn 0.1045 0.2859 0.9525
vn 0.3929 0.2812 0.8755
vn -0.2660 0.2369 0.9344
vn 0.9884 0.0948 0.1184
vn 0.3410 0.3061 0.8888
vn 0.4735 0.0715 0.8779
vn 0.6106 0.0465 0.7905
vn 0.7572 0.0269 0.6526
vn 0.6188 0.0208 0.7853
vn -0.0535 0.2453 0.9680
vn -0.1645 0.2599 0.9515
vn 0.1475 0.2885 0.9461
vn -0.2401 0.2618 0.9348
vn -0.0719 0.3383 0.9383
vn -0.2233 0.3587 0.9064
vn -0.9824 0.1819 0.0414
vn -0.3094 0.3838 0.8700
vn -0.2614 0.2486 0.9327
vn -0.1401 0.2436 0.9597
vn -0.8918 0.2411 0.3829
vn 0.9565 0.0648 0.2846
vn 0.9296 0.0196 0.3680
vn 0.9873 -0.0116 0.1585
vn -0.9694 0.1195 0.2143
vn -0.7890 0.2294 0.5700
vn -0.2058 0.2114 0.9555
vn -0.0464 0.2291 0.9723
vn -0.2631 0.2079 0.9421
vn -0.2641 0.2097 0.9414
vn -0.3897 0.3531 0.8505
vn -0.2402 0.3627 0.9004
vn -0.9933 0.1148 0.0138
vn -0.9906 0.0852 0.1068
vn -0.2154 0.3478 0.9125
vn -0.1727 0.3251 0.9298
vn -0.1295 0.3107 0.9416
vn 0.0213 0.3055 0.9519
vn -0.2447 0.2077 0.9471
vn -0.2116 0.1998 0.9567
vn 0.1400 0.2538 0.9571
vn 0.1587 0.2905 0.9436
vn -0.1634 0.1889 0.9683
vn -0.1171 0.1754 0.9775
vn -0.0661 0.1612 0.9847
vn 0.0054 0.1557 0.9878
vn 0.6416 -0.0490 0.7654
vn 0.5978 -0.0204 0.8014
vn 0.7127 -0.0497 0.6997
vn 0.8103 0.0039 0.5859
vn 0.5837 -0.0134 0.8118
vn 0.5788 -0.0218 0.8152
vn 0.4770 -0.0391 0.8781
vn 0.6629 -0.0150 0.7486
vn 0.1759 0.2213 0.9592
vn 0.3477 0.2310 0.9087
vn -0.8768 0.4754 0.0717
vn -0.9766 -0.1125 0.1832
vn -0.5149 0.0311 0.8567
vn -0.1341 0.1649 0.9772
vn 0.3485 0.2269 0.9094
vn 0.3697 0.2314 0.8999
vn 0.1132 0.2318 0.9662
vn 0.1120 0.2321 0.9662
vn 0.1165 0.2220 0.9681
vn 0.1072 0.2020 0.9735
vn 0.0694 0.1635 0.9841
vn 0.0976 0.1801 0.9788
vn 0.2431 0.2261 0.9433
vn 0.1381 0.2274 0.9640
vn -0.9575 -0.2537 0.1372
vn 0.9974 0.0133 0.0710
vn 0.5935 0.5026 -0.6286
vn -0.3926 0.6723 -0.6277
vn -0.1076 -0.8773 0.4677
vn 0.5002 -0.7371 0.4544
vn 0.2363 -0.8619 0.4487
vn -0.9967 0.0614 0.0537
vn 0.9945 0.1034 -0.0183
vn 0.8902 -0.3796 0.2519
vn -0.9720 0.2186 0.0866
vn -0.9837 -0.0914 0.1547
vn -0.0003 0.9790 -0.2041
vn 0.1895 -0.7137 0.6743
vn 0.9443 0.3265 0.0405
vn -0.6737 -0.5402 0.5043
vn -0.7509 -0.3377 0.5676
vn 0.9319 -0.1560 0.3275
vn 0.6409 -0.0767 0.7638
vn -0.4230 0.0922 0.9014
vn -0.0498 -0.7308 0.6807
vn 0.5484 -0.6132 0.5686
vn 0.2538 -0.4221 0.8703
vn -0.8543 0.0079 0.5197
vn 0.9676 -0.0858 0.2374
vn 0.1101 -0.1645 0.9802
vn 0.6516 -0.2325 0.7221
vn -0.3065 -0.2166 0.9269
vn 0.9793 -0.0879 0.1825
vn 0.9973 0.0647 0.0350
vn 0.9983 -0.0518 -0.0262
vn -0.6507 -0.6802 0.3375
vn 0.6636 0.2879 -0.6905
vn -0.3933 0.5451 -0.7404
vn -0.8619 0.5071 -0.0064
vn 0.7194 0.2850 0.6334
vn -0.4966 0.5164 0.6977
vn 0.1424 0.9897 -0.0178
vn 0.9963 -0.0047 -0.0853
vn 0.0088 0.1737 0.9848
vn -0.8283 0.3877 -0.4045
vn 0.0666 0.3534 -0.9331
vn -0.8345 0.2873 0.4703
vn 0.9536 -0.0085 -0.3009
vn -0.5926 -0.8055 -0.0000
vn 0.8198 -0.3895 0.4199
vn -0.9513 0.2078 0.2279
vn -0.0845 -0.0499 0.9952
vn -0.9900 0.1409 -0.0000
vn -0.8236 -0.0471 0.5652
vn 0.0939 -0.5494 0.8303
vn 0.6392 -0.7691 -0.0000
vn 0.7959 -0.4959 0.3474
vn -0.8618 0.4425 0.2480
vn -0.0035 0.0070 1.0000
vn -0.6030 0.2293 0.7641
vn 0.5350 -0.2284 0.8134
vn 0.9049 -0.4256 -0.0000
vn -0.9399 0.3416 -0.0000
vn 0.5759 -0.7027 0.4178
vn -0.8822 0.3750 0.2848
vn -0.2698 -0.1855 0.9449
vn -0.8662 0.4996 -0.0000
vn -0.6178 0.3574 0.7004
vn 0.5063 -0.4015 0.7632
vn 0.7827 -0.6224 -0.0000
vn 0.0100 -0.9588 -0.2838
vn 0.0051 -0.5884 -0.8086
vn 0.0251 -0.1505 -0.9883
vn 0.0316 0.2449 -0.9690
vn 0.1284 0.4081 -0.9039
vn 0.1313 0.4074 -0.9037
vn 0.0958 -0.9954 0.0058
vn 0.0963 -0.9954 -0.0009
vn 0.1019 0.1978 -0.9749
vn 0.0533 0.1211 -0.9912
vn 0.0038 0.9225 -0.3860
vn 0.0900 0.5941 -0.7993
vn 0.0710 0.1332 -0.9885
vn -0.1670 -0.0535 -0.9845
vn -0.0103 -0.3238 -0.9461
vn -0.1859 -0.2963 -0.9368
vn 0.0935 0.4099 -0.9073
vn 0.0385 0.4147 -0.9092
vn -0.0703 0.0647 -0.9954
vn -0.3566 -0.0494 -0.9330
vn -0.1907 0.9805 -0.0483
vn -0.1990 0.9800 -0.0016
vn 0.0471 -0.9988 -0.0155
vn 0.0541 -0.9985 -0.0012
vn 0.0328 0.8873 -0.4600
vn 0.1003 0.5666 -0.8179
vn 0.3610 -0.9323 0.0208
vn 0.3617 -0.9323 0.0091
vn 0.1449 0.1844 -0.9721
vn 0.3762 0.0384 -0.9257
vn 0.0520 0.8619 -0.5044
vn 0.0758 0.5482 -0.8329
vn 0.4820 0.0367 -0.8754
vn 0.1297 0.0889 -0.9876
vn 0.1020 0.4048 -0.9087
vn 0.0828 0.3998 -0.9128
vn 0.5888 -0.8081 0.0153
vn 0.5990 -0.8001 0.0308
vn 0.3071 0.1721 -0.9360
vn 0.3709 -0.0168 -0.9285
vn 0.5131 0.7207 -0.4662
vn 0.3995 0.5021 -0.7670
vn 0.4966 -0.1634 -0.8525
vn 0.4215 -0.1834 -0.8881
vn 0.2677 0.3882 -0.8818
vn 0.1215 0.3966 -0.9099
vn 0.4665 -0.1794 -0.8661
vn 0.4584 -0.2015 -0.8656
vn 0.4111 0.3703 -0.8330
vn 0.4632 0.3755 -0.8028
vn 0.4738 -0.8805 0.0165
vn 0.4561 -0.8888 0.0445
vn 0.3487 0.1537 -0.9245
vn 0.3722 -0.0723 -0.9253
vn 0.6932 0.6023 -0.3959
vn 0.5503 0.4813 -0.6823
vn -0.3982 -0.9141 -0.0766
vn -0.4513 -0.8919 0.0304
vn -0.0044 0.0920 -0.9958
vn 0.0731 -0.1752 -0.9818
vn 0.4588 0.7968 -0.3932
vn 0.2762 0.6320 -0.7241
vn 0.4583 0.4022 -0.7926
vn 0.3277 0.4474 -0.8321
vn 0.2194 -0.2919 -0.9309
vn 0.3848 -0.2443 -0.8901
vn -0.5118 -0.7802 -0.3597
vn -0.6953 -0.7150 -0.0726
vn -0.7804 -0.1578 -0.6050
vn -0.0523 -0.3041 -0.9512
vn -0.3297 0.8150 -0.4766
vn -0.4055 0.6475 -0.6453
vn 0.0300 -0.3292 -0.9438
vn -0.0188 -0.3357 -0.9418
vn -0.4638 0.4261 -0.7768
vn -0.0533 0.4760 -0.8778
vn 0.1372 -0.7402 -0.6582
vn 0.0152 -0.9588 -0.2838
vn 0.8941 -0.0406 -0.4460
vn 0.3786 -0.2741 -0.8840
vn 0.0965 0.8711 -0.4815
vn 0.3651 0.5798 -0.7284
vn 0.0730 -0.3309 -0.9409
vn 0.2220 -0.3152 -0.9227
vn 0.3832 0.7972 -0.4665
vn -0.3801 0.8304 -0.4074
vn 0.4523 -0.5629 -0.6918
vn 0.5655 -0.7919 -0.2306
vn 0.5253 -0.0812 -0.8470
vn 0.5136 -0.2106 -0.8318
vn 0.5647 0.6535 -0.5039
vn 0.5563 0.3452 -0.7559
vn 0.4636 -0.2639 -0.8458
vn 0.3525 -0.2950 -0.8881
vn 0.4928 0.2408 -0.8362
vn 0.6030 0.2856 -0.7449
vn -0.0114 -0.9612 -0.2756
vn 0.0025 -0.6021 -0.7984
vn 0.7769 -0.2515 -0.5772
vn 0.9450 -0.3055 -0.1167
vn 0.5788 -0.0719 -0.8123
vn 0.5978 -0.1870 -0.7795
vn 0.7455 0.4000 -0.5331
vn 0.6525 0.2120 -0.7275
vn 0.6238 0.1595 -0.7651
vn 0.6264 0.1371 -0.7674
vn 0.5922 -0.1922 -0.7825
vn 0.5427 -0.2236 -0.8096
vn 0.9256 0.0296 -0.3773
vn 0.9951 0.0448 -0.0880
vn 0.6770 -0.0945 -0.7299
vn 0.6784 -0.1653 -0.7159
vn 0.8049 0.1380 -0.5771
vn 0.7109 0.0685 -0.6999
vn 0.6318 0.1147 -0.7666
vn 0.6567 0.0698 -0.7509
vn 0.6688 -0.1712 -0.7235
vn 0.6409 -0.1724 -0.7480
vn -0.0133 -0.1599 -0.9870
vn -0.1220 0.2525 -0.9599
vn -0.1712 0.9842 -0.0442
vn -0.1684 0.9857 0.0074
vn -0.0509 -0.3421 -0.9383
vn -0.0068 -0.3453 -0.9385
vn 0.0123 -0.3372 -0.9414
vn 0.0041 -0.3441 -0.9389
vn -0.0461 0.4189 -0.9069
vn -0.1301 0.4189 -0.8987
vn -0.1343 -0.9559 -0.2613
vn -0.0962 -0.6074 -0.7886
vn -0.2369 -0.3109 -0.9204
vn -0.1348 -0.3311 -0.9339
vn -0.2004 0.9729 -0.1157
vn -0.2012 0.9795 0.0116
vn -0.1059 -0.1391 -0.9846
vn -0.2060 0.2626 -0.9427
vn -0.2536 -0.1014 -0.9620
vn -0.2576 0.2573 -0.9314
vn -0.4760 -0.8512 -0.2211
vn -0.3661 -0.5569 -0.7455
vn 0.0847 0.3086 -0.9474
vn 0.1059 0.3502 -0.9307
vn -0.2900 0.9496 -0.1192
vn -0.2989 0.9540 0.0241
vn 0.3079 -0.9513 -0.0180
vn 0.4905 -0.5376 -0.6859
vn -0.1691 -0.2728 0.9471
vn -0.0715 -0.5506 0.8317
vn -0.1749 0.4145 -0.8931
vn -0.2023 0.4030 -0.8926
vn -0.2499 0.3604 -0.8987
vn -0.2322 0.3834 -0.8939
vn 0.0365 -0.2677 0.9628
vn 0.0003 -0.2626 0.9649
vn 0.1529 0.1687 -0.9737
vn 0.0855 0.3234 -0.9424
vn -0.1706 0.9810 -0.0928
vn -0.1689 0.9853 0.0249
vn -0.0137 0.3966 -0.9179
vn -0.1688 0.4138 -0.8946
vn 0.2510 0.0472 -0.9668
vn 0.0363 0.2582 -0.9654
vn 0.3982 0.0104 -0.9172
vn 0.2279 0.1028 -0.9682
vn -0.0624 0.2558 -0.9647
vn -0.1810 0.3453 -0.9209
vn -0.3849 0.9192 -0.0835
vn -0.3806 0.9243 0.0271
vn -0.5971 0.1096 -0.7946
vn -0.1241 0.1937 -0.9732
vn 0.0372 0.1711 -0.9845
vn 0.1274 0.1324 -0.9830
vn -0.9514 -0.2961 0.0846
vn -0.9504 -0.1508 -0.2719
vn -0.4782 0.1294 -0.8687
vn -0.2589 0.3741 -0.8905
vn -0.7256 0.6827 -0.0863
vn -0.7056 0.7081 0.0268
vn -0.2816 0.4098 -0.8676
vn -0.2360 0.4160 -0.8782
vn -0.9257 -0.3638 -0.1036
vn -0.8772 -0.2163 -0.4286
vn -0.7580 -0.0147 -0.6521
vn -0.5531 0.3363 -0.7622
vn -0.9572 0.2751 -0.0902
vn -0.9524 0.3048 -0.0020
vn -0.4372 0.4039 -0.8036
vn -0.3467 0.4005 -0.8482
vn -0.7611 -0.1069 -0.6397
vn -0.7676 -0.1441 -0.6245
vn -0.2818 -0.0657 -0.9572
vn -0.2392 0.2400 -0.9408
vn -0.2544 0.3359 -0.9069
vn -0.2423 0.3116 -0.9188
vn -0.3384 -0.2858 -0.8966
vn -0.3862 -0.2640 -0.8838
vn -0.6333 -0.7529 -0.1790
vn -0.4669 -0.5089 -0.7232
vn -0.1185 0.9900 -0.0763
vn -0.1118 0.9937 0.0117
vn -0.2294 -0.2484 -0.9411
vn 0.1868 -0.2015 -0.9615
vn -0.1914 0.2948 -0.9362
vn -0.0623 0.2946 -0.9536
vn -0.1661 0.9796 -0.1129
vn -0.1674 0.9856 0.0256
vn 0.0116 -0.9999 -0.0001
vn 0.0117 -0.9993 -0.0341
vn -0.1737 -0.9825 0.0666
vn -0.7408 -0.5465 0.3904
vn -0.0586 0.9982 -0.0089
vn -0.0476 0.9951 -0.0861
vn -0.0526 0.6229 -0.7806
vn -0.1564 0.9361 -0.3149
vn -0.5149 -0.5770 -0.6339
vn -0.1126 -0.9817 -0.1536
vn -0.0225 0.9996 -0.0151
vn -0.0127 0.9923 -0.1229
vn 0.8091 -0.3421 -0.4778
vn 0.5991 -0.7976 -0.0702
vn 0.0331 0.9993 -0.0187
vn 0.0366 0.9887 -0.1450
vn 0.5283 -0.4180 -0.7390
vn 0.5971 -0.7636 -0.2455
vn 0.5730 0.8194 -0.0172
vn 0.5664 0.8124 -0.1383
vn 0.5007 -0.4264 -0.7534
vn 0.5336 -0.7827 -0.3205
vn 0.7654 0.6434 -0.0128
vn 0.7575 0.6429 -0.1137
vn 0.0791 -0.4942 -0.8658
vn -0.1831 -0.8247 -0.5352
vn 0.4474 0.8939 -0.0278
vn 0.4819 0.8658 -0.1345
vn -0.0211 -0.4022 -0.9153
vn -0.2250 -0.6256 -0.7470
vn -0.3394 0.9386 -0.0623
vn -0.3316 0.9149 -0.2301
vn 0.3030 -0.3511 -0.8859
vn 0.2721 -0.4847 -0.8313
vn 0.0841 0.9950 -0.0542
vn 0.0861 0.9716 -0.2203
vn 0.4861 -0.2739 -0.8298
vn 0.4280 -0.3542 -0.8315
vn 0.5609 0.8251 -0.0681
vn 0.5719 0.7845 -0.2397
vn -0.0160 -0.9993 -0.0329
vn 0.6184 -0.1566 -0.7701
vn 0.5516 -0.1556 -0.8195
vn 0.7913 0.5997 -0.1192
vn 0.7895 0.5286 -0.3118
vn 0.6828 -0.1562 -0.7137
vn 0.7264 -0.0764 -0.6830
vn 0.9674 0.1874 -0.1705
vn 0.9087 0.1753 -0.3788
vn -0.1861 0.6137 -0.7673
vn -0.1988 0.9229 -0.3298
vn -0.1531 -0.9882 0.0008
vn -0.1483 -0.9885 -0.0287
vn -0.2454 0.4877 -0.8379
vn -0.2246 0.8165 -0.5319
vn -0.4965 -0.8680 0.0104
vn -0.4918 -0.8707 -0.0069
vn -0.2156 0.4243 -0.8795
vn -0.2533 0.7661 -0.5907
vn -0.3517 -0.9314 0.0937
vn -0.1381 -0.9506 0.2780
vn -0.1242 -0.9777 0.1692
vn -0.0532 -0.8448 0.5324
vn 0.0529 -0.9926 0.1097
vn 0.0690 -0.8775 0.4746
vn 0.0073 0.5086 -0.8610
vn -0.1200 0.8536 -0.5070
vn -0.2600 0.5473 -0.7955
vn -0.3598 0.8272 -0.4316
vn -0.6735 -0.7177 0.1767
vn -0.7821 -0.5618 0.2696
vn -0.4156 0.4873 -0.7680
vn -0.6614 0.6512 -0.3721
vn -0.2288 -0.9520 -0.2036
vn -0.8363 -0.5356 -0.1172
vn -0.6847 0.3734 -0.6259
vn -0.9153 0.2948 -0.2744
vn -0.7036 -0.7104 0.0170
vn -0.6768 -0.7359 0.0194
vn -0.2148 0.5654 -0.7964
vn -0.1703 0.8878 -0.4276
vn -0.0039 0.4239 -0.9057
vn -0.1045 0.8032 -0.5865
vn -0.2209 -0.9719 0.0816
vn -0.6031 -0.7974 -0.0210
vn -0.1964 0.9127 -0.3582
vn -0.2712 0.8926 -0.3602
vn -0.1393 0.9687 -0.2053
vn -0.1664 0.9722 -0.1648
vn -0.5668 -0.8213 -0.0653
vn -0.6660 -0.7442 -0.0517
vn -0.2319 0.9144 -0.3319
vn -0.2685 0.8964 -0.3525
vn -0.1169 0.9320 -0.3432
vn -0.1249 0.9413 -0.3136
vn -0.8665 -0.4844 0.1205
vn -0.8714 -0.4904 -0.0139
vn -0.9894 -0.0180 -0.1441
vn -0.9318 -0.3447 -0.1136
vn -0.2555 -0.6727 0.6944
vn -0.7895 -0.4372 0.4307
vn -0.7975 0.5682 -0.2030
vn -0.9053 0.3817 -0.1865
vn 0.0738 -0.7278 0.6818
vn 0.0332 -0.7146 0.6987
vn -0.2043 0.9384 -0.2786
vn -0.3180 0.9127 -0.2568
vn -0.4524 0.8582 -0.2427
vn -0.6193 0.7529 -0.2227
vn 0.1523 -0.8684 0.4719
vn 0.0952 -0.7615 0.6411
vn -0.1474 0.9569 -0.2502
vn -0.1866 0.9369 -0.2957
vn -0.2255 -0.9698 -0.0931
vn -0.4005 -0.9129 -0.0790
vn -0.0126 -0.9944 -0.1052
vn -0.0754 -0.9919 -0.1019
vn -0.1967 0.9720 -0.1285
vn -0.1951 0.9714 -0.1350
vn 0.6817 -0.1147 -0.7226
vn 0.7942 -0.0071 -0.6077
vn 0.8764 -0.0045 -0.4815
vn 0.8530 -0.0341 -0.5208
vn 0.4418 -0.3928 -0.8065
vn 0.5592 -0.2779 -0.7810
vn 0.8061 0.4025 -0.4338
vn 0.8477 0.2491 -0.4684
vn 0.2849 0.9033 -0.3209
vn 0.4890 0.8048 -0.3365
vn 0.6466 0.6722 -0.3607
vn 0.7437 0.5394 -0.3949
vn -0.2370 -0.7487 -0.6191
vn 0.0642 -0.6802 -0.7302
vn -0.3216 0.8871 -0.3311
vn -0.0993 0.9416 -0.3219
vn 0.3294 -0.5070 -0.7965
vn 0.4099 -0.4295 -0.8047
vn -0.4765 -0.8174 -0.3238
vn -0.4569 -0.7619 -0.4591
vn 0.2283 0.9289 -0.2915
vn -0.2500 0.9049 -0.3446
vn 0.3871 -0.9096 -0.1513
vn -0.0700 -0.9664 -0.2475
vn 0.7396 0.6337 -0.2268
vn 0.6425 0.7335 -0.2217
vn 0.6306 0.7250 -0.2770
vn 0.7170 0.6480 -0.2569
vn 0.5550 -0.8262 -0.0970
vn 0.5991 -0.7970 -0.0771
vn 0.4804 -0.8765 -0.0312
vn 0.5643 -0.8227 -0.0697
vn 0.1452 0.9426 -0.3007
vn 0.4326 0.8530 -0.2921
vn -0.0095 -0.9939 -0.1098
vn -0.0225 -0.9939 -0.1075
vn 0.1361 -0.9900 0.0371
vn 0.2756 -0.9598 0.0538
vn 0.0096 0.9770 -0.2129
vn 0.0265 0.9692 -0.2447
vn -0.1529 0.9772 -0.1470
vn -0.0759 0.9810 -0.1785
vn 0.0392 -0.9958 -0.0827
vn 0.0324 -0.9937 -0.1075
vn 0.0198 -0.9995 0.0259
vn 0.0663 -0.9964 0.0519
vn -0.0226 0.9622 -0.2714
vn -0.0145 0.9565 -0.2915
vn -0.1572 -0.0567 -0.9859
vn -0.6539 -0.2342 -0.7194
vn 0.6993 0.2026 -0.6856
vn 0.1629 0.0449 -0.9856
vn 0.2129 -0.2775 0.9368
vn 0.2809 -0.2362 0.9302
vn -0.9141 -0.3546 -0.1967
vn -0.8992 -0.3951 0.1877
vn 0.9575 0.2533 -0.1381
vn 0.9586 0.0851 0.2718
vn 0.2935 -0.4199 0.8588
vn 0.6931 -0.2487 0.6766
vn -0.5801 -0.3787 0.7211
vn 0.0205 -0.3577 0.9336
vn -0.8350 -0.2937 -0.4652
vn -0.7099 -0.2696 -0.6507
vn 0.1036 -0.9714 0.2137
vn 0.1415 -0.6003 0.7871
vn 0.5120 -0.8490 0.1309
vn 0.8453 -0.3422 0.4104
vn -0.0007 -0.0024 -1.0000
vn 0.0109 0.0372 -0.9992
vn 0.9043 0.1144 -0.4114
vn 0.8297 -0.0960 -0.5498
vn -0.0876 -0.2041 -0.9750
vn -0.5829 -0.4380 -0.6844
vn 0.7146 0.1653 -0.6797
vn 0.2132 -0.0763 -0.9740
vn 0.6978 -0.0668 0.7131
vn 0.6032 -0.0650 0.7949
vn -0.8107 -0.5622 -0.1635
vn -0.7724 -0.5902 0.2346
vn 0.9608 0.2669 -0.0751
vn 0.8739 0.1159 0.4720
vn 0.3654 -0.2657 0.8921
vn 0.5845 -0.1534 0.7968
vn -0.3868 -0.5079 0.7697
vn 0.2121 -0.2938 0.9320
vn -0.7206 -0.5023 0.4779
vn -0.7999 -0.3908 0.4555
vn 0.8745 0.3022 -0.3793
vn 0.8893 0.2731 -0.3668
vn 0.7938 0.0220 0.6078
vn 0.8571 0.0466 0.5130
vn -0.8335 -0.3390 -0.4364
vn -0.7917 -0.4428 -0.4209
vn 0.0410 -0.0797 -0.9960
vn 0.0053 -0.0152 -0.9999
vn -0.3307 -0.8150 -0.4759
vn -0.2723 -0.9082 -0.3178
vn 0.6155 0.1886 -0.7652
vn -0.2350 -0.3051 -0.9229
vn -0.7268 -0.6763 -0.1197
vn -0.4210 -0.6667 0.6151
vn -0.3856 -0.9217 -0.0419
vn -0.2862 -0.8828 0.3725
vn 0.9473 0.3198 -0.0190
vn 0.7503 0.1195 0.6502
vn 0.2226 -0.2747 0.9354
vn 0.4756 -0.0739 0.8765
vn -0.0263 -0.7710 0.6363
vn 0.1382 -0.5744 0.8068
vn 0.2874 -0.3706 0.8832
vn 0.3457 -0.3131 0.8846
vn -0.5681 -0.6601 0.4915
vn -0.3287 -0.7874 0.5215
vn -0.5208 -0.7995 -0.2991
vn -0.6932 -0.6121 -0.3805
vn 0.0763 -0.2209 -0.9723
vn -0.1362 -0.4932 -0.8592
vn 0.8882 0.2995 -0.3484
vn 0.9007 0.2478 -0.3568
vn 0.6851 -0.5797 -0.4410
vn -0.1424 -0.8547 -0.4992
vn -0.6051 -0.7961 -0.0049
vn -0.4763 -0.5006 0.7229
vn 0.9606 -0.2656 0.0815
vn 0.7194 -0.0812 0.6898
vn -0.1507 -0.3509 0.9242
vn 0.4617 -0.1217 0.8786
vn 0.8860 0.2908 -0.3612
vn 0.9396 0.0129 -0.3420
vn 0.5515 0.0189 0.8340
vn 0.5650 0.0500 0.8236
vn -0.2690 -0.4525 0.8502
vn -0.3359 -0.3358 0.8800
vn -0.7411 -0.5122 -0.4340
vn -0.7558 -0.4306 -0.4933
vn 0.8057 -0.5542 0.2092
vn 0.8110 -0.5508 -0.1971
vn -0.1688 -0.1439 0.9751
vn -0.2290 -0.1931 0.9541
vn 0.0297 -0.0676 0.9973
vn 0.5393 -0.4639 -0.7029
vn 0.1113 -0.2969 -0.9484
vn -0.8361 0.1040 -0.5386
vn -0.3831 -0.1312 -0.9144
vn -0.1256 -0.2255 -0.9661
vn -0.0417 -0.2462 -0.9683
vn -0.9544 0.2386 0.1793
vn -0.9682 0.2301 -0.0981
vn -0.4039 -0.1126 0.9079
vn -0.8228 0.1307 0.5531
vn -0.0631 -0.2481 0.9667
vn -0.1444 -0.2217 0.9644
vn 0.5275 -0.4745 0.7047
vn 0.0896 -0.3053 0.9480
vn -0.8802 0.3475 0.3234
vn -0.8848 0.3094 0.3484
vn -0.9465 0.1610 -0.2796
vn -0.9193 -0.0026 -0.3935
vn -0.0800 -0.0877 -0.9929
vn -0.0122 0.0883 -0.9960
vn 0.6509 -0.5791 0.4910
vn 0.7035 -0.5391 0.4630
vn 0.6988 -0.5513 -0.4558
vn 0.7218 -0.5306 -0.4444
vn 0.1014 -0.2249 -0.9691
vn 0.0344 -0.2548 -0.9664
vn -0.2290 -0.1717 0.9582
vn -0.2155 -0.1653 0.9624
vn 0.0860 -0.5803 0.8098
vn 0.0693 -0.3478 0.9350
vn -0.9396 -0.1945 0.2816
vn -0.9453 0.1155 0.3050
vn -0.9083 0.3016 -0.2898
vn -0.8926 0.3627 -0.2677
vn -0.2026 -0.1796 -0.9627
vn -0.1662 -0.1458 -0.9753
vn 0.4418 -0.8227 0.3577
vn 0.5687 -0.6678 0.4803
vn 0.6130 -0.3069 -0.7281
vn 0.6779 -0.5084 -0.5310
vn 0.1822 0.0468 -0.9822
vn 0.1641 -0.1229 -0.9788
vn -0.0082 -0.1671 -0.9859
vn 0.1030 -0.1853 -0.9773
vn 0.1969 -0.2112 -0.9574
vn 0.5108 -0.4172 -0.7517
vn 0.7561 -0.6152 -0.2231
vn 0.7114 -0.6601 0.2411
vn 0.4428 -0.5252 0.7267
vn 0.1285 -0.3351 0.9334
vn -0.8284 0.2143 -0.5175
vn -0.3463 -0.0382 -0.9373
vn 0.0196 -0.2821 0.9592
vn -0.0766 -0.2517 0.9648
vn -0.9419 0.2883 0.1725
vn -0.9494 0.3018 -0.0873
vn -0.4177 -0.0903 0.9041
vn -0.8420 0.1873 0.5060
vn -0.9309 0.0195 0.3647
vn -0.9014 -0.0004 0.4331
vn -0.9578 -0.0099 -0.2873
vn -0.9577 0.0807 -0.2761
vn -0.1653 -0.1450 -0.9755
vn -0.2155 -0.2002 -0.9558
vn 0.8510 0.0521 -0.5226
vn 0.8434 -0.2786 0.4594
vn 0.7389 -0.5080 0.4426
vn 0.0013 -0.1685 -0.9857
vn -0.0098 -0.2502 -0.9681
vn -0.0962 -0.0645 0.9933
vn -0.0234 -0.2536 0.9670
vn -0.0021 -0.1700 0.9854
vn -0.9423 0.1013 0.3191
vn -0.9541 -0.0018 0.2995
vn -0.9313 0.0186 -0.3638
vn -0.0959 -0.0645 -0.9933
vn 0.7426 -0.5041 -0.4410
vn 0.8440 -0.2773 -0.4592
vn 0.8509 0.0519 0.5227
vn 0.0300 -0.0674 -0.9973
vn 0.1280 -0.1144 -0.9852
vn 0.6419 -0.1133 -0.7584
vn -0.0632 -0.1014 -0.9928
vn -0.0205 -0.1057 -0.9942
vn -0.2832 -0.0863 0.9552
vn -0.8133 -0.0266 0.5812
vn 0.6412 -0.1144 0.7588
vn 0.1268 -0.1153 0.9852
vn 0.9737 -0.0733 -0.2159
vn 0.9736 -0.0736 0.2159
vn -0.0215 -0.1062 0.9941
vn -0.0641 -0.1015 0.9928
vn -0.9902 0.0172 0.1386
vn -0.9911 0.0154 -0.1322
vn -0.8136 -0.0299 -0.5807
vn -0.2816 -0.0871 -0.9556
vn 0.2158 0.1027 -0.9710
vn 0.3135 -0.0069 -0.9496
vn 0.2797 0.0900 -0.9559
vn 0.1966 0.1750 -0.9647
vn 0.0447 0.7305 -0.6815
vn 0.0624 0.5560 -0.8289
vn 0.0323 0.7163 -0.6970
vn -0.0059 0.8729 -0.4878
vn 0.0499 -0.9987 -0.0025
vn 0.0542 -0.9985 -0.0011
vn 0.0687 -0.9976 -0.0010
vn 0.0521 -0.9986 0.0066
vn 0.0248 0.0191 -0.9995
vn 0.0731 0.1031 -0.9920
vn 0.0469 -0.0156 -0.9988
vn -0.0118 -0.1228 -0.9924
vn 0.0211 -0.9651 -0.2611
vn -0.1208 -0.8691 -0.4796
vn -0.0804 -0.5979 -0.7975
vn 0.0034 -0.8335 -0.5525
vn -0.0845 0.9341 -0.3468
vn -0.0709 0.8101 -0.5820
vn 0.0260 0.6105 -0.7916
vn 0.0095 0.7937 -0.6082
vn 0.0814 0.7699 -0.6330
vn 0.1233 0.5786 -0.8062
vn 0.0907 0.7476 -0.6579
vn 0.0596 0.9034 -0.4247
vn -0.0144 0.0842 -0.9963
vn -0.0940 0.0712 -0.9930
vn 0.0519 0.1443 -0.9882
vn 0.0796 0.1735 -0.9816
vn 0.1369 -0.9906 0.0016
vn 0.1966 -0.9805 0.0022
vn 0.2686 -0.9632 0.0128
vn 0.1894 -0.9818 0.0147
vn -0.0022 -0.8302 -0.5574
vn 0.0016 -0.5952 -0.8036
vn -0.0098 -0.8351 -0.5500
vn -0.0176 -0.9595 -0.2812
vn 0.1121 0.1627 -0.9803
vn 0.2197 0.1188 -0.9683
vn 0.2035 0.1402 -0.9690
vn 0.1236 0.2003 -0.9719
vn 0.3565 0.1656 -0.9195
vn 0.3587 0.0798 -0.9300
vn 0.4045 -0.0355 -0.9138
vn 0.3585 0.0556 -0.9319
vn 0.1301 0.7049 -0.6973
vn 0.2016 0.5391 -0.8177
vn 0.3529 0.6596 -0.6636
vn 0.2661 0.8254 -0.4979
vn 0.4457 -0.8949 0.0227
vn 0.5208 -0.8535 0.0191
vn 0.5654 -0.8241 0.0360
vn 0.5140 -0.8577 0.0080
vn -0.0794 -0.0847 -0.9932
vn -0.0455 -0.2345 -0.9711
vn -0.2157 -0.1829 -0.9592
vn -0.1918 0.0180 -0.9813
vn 0.6009 -0.7525 -0.2695
vn 0.5781 -0.6207 -0.5296
vn 0.5475 -0.4035 -0.7331
vn 0.5988 -0.6230 -0.5034
vn 0.6401 0.6336 -0.4346
vn 0.5309 0.5862 -0.6120
vn 0.5129 0.4701 -0.7183
vn 0.6120 0.5498 -0.5685
vn -0.0095 -0.4768 -0.8790
vn 0.1600 -0.3327 -0.9294
vn 0.3709 -0.4202 -0.8282
vn 0.8716 -0.3024 -0.3860
vn 0.6327 0.5697 -0.5245
vn 0.5269 0.5287 -0.6655
vn 0.5465 0.6560 -0.5205
vn 0.6779 0.6419 -0.3583
vn 0.3146 -0.9476 0.0562
vn 0.0783 -0.9961 0.0394
vn -0.1712 -0.9846 0.0355
vn 0.1197 -0.9925 -0.0242
vn 0.3119 0.0253 -0.9498
vn 0.2695 -0.1167 -0.9559
vn 0.1411 -0.0190 -0.9898
vn 0.2601 0.1359 -0.9560
vn 0.1693 0.7891 -0.5905
vn -0.1330 0.6610 -0.7385
vn -0.2518 0.7503 -0.6113
vn -0.0439 0.8793 -0.4742
vn -0.6227 -0.7824 -0.0074
vn -0.7270 -0.6866 -0.0014
vn -0.6686 -0.7328 -0.1262
vn -0.6001 -0.7808 -0.1740
vn 0.2493 -0.8258 -0.5058
vn 0.3730 -0.8851 -0.2785
vn 0.4510 -0.7468 -0.4888
vn 0.3876 -0.5997 -0.7001
vn -0.3065 0.7385 -0.6005
vn -0.1548 0.7490 -0.6443
vn -0.0503 0.7643 -0.6429
vn -0.2348 0.8508 -0.4700
vn -0.5291 -0.7970 -0.2913
vn -0.4065 -0.8960 -0.1787
vn -0.1136 -0.8933 -0.4348
vn -0.2225 -0.8190 -0.5289
vn 0.6254 0.4282 -0.6524
vn 0.6407 0.2495 -0.7262
vn 0.6790 0.3412 -0.6500
vn 0.6900 0.5106 -0.5130
vn 0.4922 -0.1835 -0.8510
vn 0.4063 -0.2349 -0.8830
vn 0.4590 -0.1631 -0.8733
vn 0.4397 -0.0945 -0.8932
vn 0.3236 0.6689 -0.6692
vn 0.4350 0.4469 -0.7817
vn 0.4648 0.5743 -0.6739
vn 0.4121 0.7691 -0.4885
vn 0.7119 0.2655 -0.6502
vn 0.6775 0.1629 -0.7172
vn 0.7391 0.1721 -0.6512
vn 0.7825 0.2781 -0.5571
vn 0.5895 -0.6823 -0.4325
vn 0.7755 -0.6079 -0.1707
vn 0.8179 -0.4508 -0.3576
vn 0.5928 -0.4789 -0.6475
vn 0.5429 -0.1495 -0.8264
vn 0.5624 -0.1964 -0.8032
vn 0.5621 -0.1497 -0.8134
vn 0.5655 -0.0715 -0.8217
vn 0.7876 -0.0717 -0.6120
vn 0.7444 -0.0643 -0.6646
vn 0.7013 -0.1303 -0.7009
vn 0.7088 -0.1339 -0.6926
vn 0.9477 -0.1445 -0.2846
vn 0.9965 -0.0074 -0.0830
vn 0.9752 0.0545 -0.2146
vn 0.8836 -0.0235 -0.4677
vn 0.6009 -0.1452 -0.7860
vn 0.6377 -0.1781 -0.7494
vn 0.6501 -0.1408 -0.7467
vn 0.6186 -0.0810 -0.7815
vn 0.0200 -0.0314 -0.9993
vn -0.0154 0.0814 -0.9966
vn -0.0187 -0.0319 -0.9993
vn 0.0084 -0.1607 -0.9870
vn -0.2069 0.9783 -0.0064
vn -0.2056 0.9786 0.0034
vn -0.1887 0.9820 0.0003
vn -0.2011 0.9788 -0.0394
vn -0.1122 0.1051 -0.9881
vn -0.1055 -0.0096 -0.9944
vn -0.0463 -0.1521 -0.9873
vn -0.0559 -0.0228 -0.9982
vn -0.0037 -0.8401 -0.5425
vn -0.0158 -0.6074 -0.7942
vn -0.0590 -0.8432 -0.5343
vn -0.0275 -0.9624 -0.2701
vn -0.1896 -0.8325 -0.5205
vn -0.2227 -0.5916 -0.7748
vn -0.3543 -0.7934 -0.4949
vn -0.2994 -0.9222 -0.2448
vn -0.1198 0.9928 -0.0034
vn -0.1363 0.9906 0.0109
vn -0.1661 0.9861 -0.0094
vn -0.1461 0.9845 -0.0973
vn 0.2023 0.2032 -0.9580
vn 0.2779 0.1349 -0.9511
vn 0.2257 0.1632 -0.9604
vn 0.2066 0.2391 -0.9488
vn -0.1676 0.0063 -0.9858
vn -0.2160 0.1322 -0.9674
vn -0.2255 0.0228 -0.9740
vn -0.1801 -0.1210 -0.9762
vn 0.0560 0.2315 -0.9712
vn -0.0467 0.2844 -0.9576
vn -0.0759 0.2693 -0.9601
vn 0.0342 0.2092 -0.9773
vn -0.6537 0.1171 0.7476
vn -0.4079 -0.0503 0.9117
vn -0.6276 0.0721 0.7752
vn -0.7960 0.2677 0.5429
vn -0.4606 0.8875 0.0134
vn -0.5433 0.8389 0.0321
vn -0.6359 0.7717 0.0056
vn -0.5521 0.8299 -0.0809
vn -0.2086 0.9779 0.0143
vn -0.2553 0.9665 0.0249
vn -0.3141 0.9493 0.0124
vn -0.2617 0.9614 -0.0847
vn -0.9130 0.4048 0.0506
vn -0.8940 0.4078 0.1854
vn -0.9310 0.3616 0.0499
vn -0.9060 0.4131 -0.0921
vn -0.7925 0.6098 -0.0094
vn -0.8489 0.5284 0.0132
vn -0.9132 0.4068 -0.0243
vn -0.8664 0.4914 -0.0890
vn -0.1287 0.2995 -0.9454
vn -0.1691 0.3226 -0.9313
vn -0.2139 0.2876 -0.9336
vn -0.2128 0.2553 -0.9431
vn -0.0398 -0.2440 0.9690
vn -0.0262 -0.2453 0.9691
vn -0.0831 -0.2355 0.9683
vn -0.1195 -0.2124 0.9699
vn -0.9602 -0.2173 -0.1755
vn -0.9943 0.0066 -0.1061
vn -0.9936 0.0492 -0.1021
vn -0.7676 -0.4262 -0.4787
vn -0.9342 -0.3272 -0.1424
vn -0.8737 -0.2816 -0.3966
vn -0.9100 -0.3550 -0.2141
vn -0.8992 -0.4365 -0.0288
vn -0.2630 0.2572 -0.9299
vn -0.2777 0.3287 -0.9027
vn -0.4945 0.2039 -0.8449
vn -0.5113 0.0738 -0.8562
vn -0.1281 0.9862 -0.1051
vn -0.1381 0.9903 0.0124
vn -0.1295 0.9913 0.0248
vn -0.1411 0.9899 0.0136
vn -0.2322 0.9726 -0.0067
vn -0.2660 0.9638 0.0186
vn -0.2828 0.9592 0.0025
vn -0.2562 0.9590 -0.1212
vn -0.2724 0.0361 -0.9615
vn -0.2745 0.1459 -0.9505
vn -0.2886 0.0466 -0.9563
vn -0.3094 -0.0840 -0.9472
vn -0.5166 -0.7255 -0.4548
vn -0.4867 -0.5137 -0.7065
vn -0.6062 -0.6737 -0.4226
vn -0.6193 -0.7609 -0.1936
vn -0.1779 0.9100 -0.3745
vn -0.1957 0.7619 -0.6175
vn -0.2012 0.5948 -0.7783
vn -0.2019 0.7876 -0.5821
vn -0.1070 0.6144 -0.7817
vn -0.1367 0.4153 -0.8994
vn -0.2040 0.5985 -0.7747
vn -0.2062 0.7753 -0.5970
vn 0.0170 0.1106 -0.9937
vn -0.0552 -0.0276 -0.9981
vn -0.2033 0.0675 -0.9768
vn -0.1268 0.1711 -0.9771
vn -0.4522 -0.8786 0.1532
vn -0.6262 -0.7782 0.0486
vn -0.6694 -0.7406 0.0578
vn -0.5347 -0.8393 0.0986
vn 0.0234 -0.8761 -0.4815
vn -0.4329 -0.8849 -0.1719
vn -0.4918 -0.7400 -0.4588
vn -0.1431 -0.5556 -0.8190
vn -0.2148 0.9766 0.0120
vn -0.2598 0.9586 -0.1164
vn -0.2913 0.9566 0.0095
vn -0.2631 0.9644 0.0262
vn -0.1273 0.9918 0.0090
vn -0.1153 0.9933 -0.0006
vn -0.1325 0.9894 -0.0591
vn -0.1458 0.9893 0.0007
vn -0.5702 -0.8213 0.0161
vn -0.6339 -0.7734 -0.0009
vn -0.6792 -0.7337 0.0195
vn -0.6348 -0.7726 0.0108
vn -0.2418 0.6390 -0.7302
vn -0.2479 0.7838 -0.5694
vn -0.2389 0.6085 -0.7568
vn -0.2415 0.4518 -0.8588
vn 0.0676 0.4524 -0.8892
vn -0.0092 0.6409 -0.7676
vn -0.0631 0.8291 -0.5555
vn -0.0145 0.6809 -0.7322
vn -0.7339 -0.6518 0.1911
vn -0.8038 -0.5887 0.0859
vn -0.7209 -0.6931 -0.0011
vn -0.6956 -0.7113 0.1014
vn -0.8575 0.0085 -0.5145
vn -0.9411 0.0762 -0.3293
vn -0.9767 -0.1350 -0.1670
vn -0.9414 -0.2034 -0.2689
vn -0.2412 -0.8955 0.3740
vn -0.5012 -0.7113 0.4928
vn -0.6231 -0.7149 0.3172
vn -0.4520 -0.8666 0.2114
vn -0.6568 0.5141 -0.5517
vn -0.8220 0.4642 -0.3300
vn -0.7688 0.4182 -0.4838
vn -0.5390 0.4324 -0.7229
vn 0.0623 -0.9595 0.2749
vn 0.0562 -0.8663 0.4963
vn -0.0035 -0.9499 0.3125
vn 0.0272 -0.9921 0.1222
vn -0.1213 0.7204 -0.6828
vn -0.2353 0.8563 -0.4597
vn -0.2621 0.7221 -0.6402
vn -0.1394 0.5480 -0.8248
vn -0.3635 0.6986 -0.6163
vn -0.4809 0.7766 -0.4070
vn -0.4605 0.6551 -0.5990
vn -0.3174 0.5317 -0.7852
vn -0.1422 -0.9598 0.2421
vn 0.0299 -0.9018 0.4311
vn 0.0281 -0.9633 0.2671
vn -0.0637 -0.9918 0.1108
vn -0.2069 0.7245 -0.6575
vn -0.1929 0.8545 -0.4823
vn -0.2290 0.6803 -0.6962
vn -0.2344 0.5270 -0.8169
vn -0.2376 -0.9714 0.0004
vn -0.3197 -0.9473 -0.0184
vn -0.4120 -0.9111 0.0103
vn -0.3295 -0.9441 0.0048
vn -0.0140 -0.9999 -0.0048
vn -0.0326 -0.9990 -0.0321
vn -0.0794 -0.9968 -0.0042
vn -0.1462 0.8144 -0.5616
vn -0.1971 0.9314 -0.3061
vn -0.1941 0.8052 -0.5603
vn -0.1353 0.6242 -0.7694
vn 0.6055 -0.1162 -0.7873
vn 0.6351 -0.0712 -0.7692
vn 0.6571 -0.1092 -0.7458
vn 0.6568 -0.1405 -0.7408
vn 0.9912 -0.0117 -0.1317
vn 0.9653 -0.0052 -0.2612
vn 0.9329 -0.0028 -0.3601
vn 0.9734 0.0154 -0.2288
vn 0.4773 -0.2777 -0.8337
vn 0.4667 -0.2803 -0.8388
vn 0.5394 -0.1911 -0.8201
vn 0.5456 -0.2171 -0.8094
vn 0.8388 0.4875 -0.2424
vn 0.8622 0.3617 -0.3546
vn 0.9120 0.2979 -0.2819
vn 0.8950 0.4199 -0.1502
vn 0.2689 0.9540 -0.1327
vn 0.4080 0.8853 -0.2234
vn 0.4987 0.8554 -0.1403
vn 0.4039 0.9131 -0.0555
vn 0.6286 0.7600 -0.1650
vn 0.6969 0.6631 -0.2731
vn 0.7450 0.6364 -0.1998
vn 0.6852 0.7228 -0.0893
vn 0.0041 -0.4627 -0.8865
vn 0.0435 -0.5788 -0.8143
vn 0.2183 -0.4252 -0.8784
vn 0.1339 -0.3743 -0.9176
vn -0.3157 0.9386 -0.1393
vn -0.2334 0.9463 -0.2237
vn -0.0938 0.9864 -0.1350
vn -0.2285 0.9718 -0.0586
vn 0.3627 -0.3780 -0.8518
vn 0.3977 -0.3960 -0.8277
vn 0.4303 -0.3374 -0.8373
vn 0.4072 -0.3220 -0.8547
vn -0.1684 -0.6362 -0.7529
vn -0.3746 -0.6921 -0.6170
vn -0.1868 -0.5285 -0.8281
vn -0.0750 -0.4601 -0.8847
vn 0.1743 0.9801 -0.0951
vn -0.0806 0.9747 -0.2086
vn -0.2806 0.9502 -0.1356
vn -0.1338 0.9895 -0.0542
vn 0.4668 -0.6585 -0.5903
vn 0.2695 -0.8627 -0.4280
vn 0.1525 -0.7000 -0.6976
vn 0.3460 -0.4733 -0.8101
vn 0.7641 0.6439 -0.0395
vn 0.7311 0.6744 -0.1031
vn 0.6478 0.7603 -0.0477
vn 0.7320 0.6811 -0.0134
vn 0.7123 0.7017 -0.0152
vn 0.6562 0.7528 -0.0523
vn 0.7035 0.6990 -0.1283
vn 0.7448 0.6658 -0.0456
vn 0.5833 -0.8112 0.0407
vn 0.5358 -0.8419 0.0646
vn 0.5775 -0.8160 0.0249
vn 0.5987 -0.7992 0.0530
vn 0.6406 -0.6674 -0.3798
vn 0.5575 -0.8039 -0.2071
vn 0.5733 -0.6594 -0.4863
vn 0.5485 -0.4396 -0.7112
vn 0.1456 0.9875 -0.0598
vn 0.2931 0.9450 -0.1453
vn 0.4479 0.8923 -0.0571
vn 0.2959 0.9550 -0.0185
vn -0.0104 -0.9999 -0.0050
vn -0.0226 -0.9992 -0.0337
vn -0.0240 -0.9997 -0.0049
vn -0.0249 -0.9734 0.2277
vn 0.0024 -0.8066 0.5911
vn -0.2589 -0.5108 0.8198
vn -0.3424 -0.8319 0.4368
vn -0.0160 0.9992 -0.0359
vn 0.0126 0.9943 -0.1058
vn 0.0027 0.9990 -0.0449
vn 0.0018 0.9999 -0.0122
vn -0.1441 0.9896 -0.0054
vn -0.1735 0.9847 -0.0158
vn -0.1340 0.9888 -0.0657
vn -0.1010 0.9945 -0.0259
vn 0.0500 -0.9987 -0.0005
vn 0.0564 -0.9984 -0.0055
vn 0.0499 -0.9982 -0.0320
vn 0.0347 -0.9994 -0.0053
vn -0.5879 -0.7775 -0.2231
vn -0.6465 -0.7590 0.0770
vn -0.8907 -0.4540 -0.0253
vn -0.8572 -0.4329 -0.2789
vn -0.0447 0.9976 -0.0524
vn -0.0462 0.9896 -0.1364
vn -0.0295 0.9979 -0.0578
vn -0.0540 0.9984 -0.0174
vn 0.9599 0.2618 0.1001
vn 0.9465 0.3047 -0.1066
vn 0.9548 0.2449 0.1683
vn 0.9171 0.1740 0.3587
vn -0.2091 -0.3079 0.9282
vn 0.1135 -0.2463 0.9625
vn -0.0988 -0.3280 0.9395
vn -0.5119 -0.3879 0.7665
vn 0.2240 -0.9600 0.1678
vn 0.4772 -0.7977 0.3688
vn 0.4070 -0.6337 0.6579
vn 0.2012 -0.8652 0.4593
vn -0.2946 -0.0240 -0.9553
vn -0.6082 -0.1599 -0.7775
vn -0.3828 -0.1052 -0.9178
vn -0.1403 -0.0175 -0.9900
vn 0.3486 0.0344 -0.9367
vn 0.1538 0.0185 -0.9879
vn 0.4097 0.0635 -0.9100
vn 0.6791 0.0040 -0.7340
vn 0.8875 -0.4447 -0.1211
vn 0.9746 -0.0949 -0.2030
vn 0.9988 0.0273 0.0396
vn 0.8873 -0.4373 0.1467
vn -0.7469 -0.6629 0.0524
vn -0.5966 -0.7506 0.2841
vn -0.5364 -0.8352 0.1212
vn -0.6749 -0.7281 -0.1201
vn 0.4216 -0.2750 0.8641
vn 0.5030 -0.2103 0.8383
vn 0.3890 -0.2347 0.8908
vn 0.3677 -0.3137 0.8754
vn -0.3856 -0.1627 -0.9082
vn -0.6377 -0.3020 -0.7086
vn -0.3563 -0.2354 -0.9042
vn -0.1406 -0.0958 -0.9854
vn 0.4733 -0.2192 0.8532
vn 0.6652 -0.0743 0.7429
vn 0.4521 -0.1979 0.8697
vn 0.3319 -0.2284 0.9152
vn -0.9226 -0.3858 0.0032
vn -0.8728 -0.4417 0.2073
vn -0.8662 -0.4993 0.0204
vn -0.8899 -0.4171 -0.1847
vn 0.4197 0.1375 -0.8972
vn 0.1815 0.0166 -0.9832
vn 0.4380 0.0739 -0.8959
vn 0.7025 0.2272 -0.6744
vn 0.9027 0.2497 0.3503
vn 0.9683 0.2482 0.0275
vn 0.9097 0.0925 0.4048
vn 0.7138 0.1206 0.6899
vn -0.2044 -0.9577 0.2024
vn -0.0522 -0.8393 0.5412
vn -0.4295 -0.8709 0.2389
vn -0.2706 -0.9584 -0.0913
vn 0.4255 -0.0057 -0.9050
vn 0.1484 -0.2063 -0.9672
vn 0.2791 -0.0487 -0.9590
vn 0.6895 0.1603 -0.7063
vn 0.0488 -0.4378 0.8978
vn 0.3013 -0.3763 0.8762
vn 0.1794 -0.5425 0.8207
vn -0.1847 -0.6369 0.7485
vn 0.9474 0.2111 0.2405
vn 0.9588 0.2802 -0.0463
vn 0.9254 0.2349 0.2973
vn 0.8093 0.0713 0.5830
vn -0.2803 -0.4133 -0.8664
vn -0.4628 -0.6404 -0.6129
vn -0.2122 -0.7177 -0.6632
vn -0.0624 -0.4335 -0.8990
vn -0.1116 -0.9338 0.3399
vn 0.3215 -0.6048 0.7286
vn 0.7335 -0.5781 0.3575
vn 0.3824 -0.9219 -0.0621
vn -0.8150 -0.5232 0.2490
vn -0.5921 -0.4428 0.6733
vn -0.8033 -0.4833 0.3481
vn -0.9043 -0.4215 -0.0670
vn 0.3274 -0.0968 0.9399
vn 0.4583 -0.0011 0.8888
vn 0.1562 -0.1808 0.9710
vn -0.0684 -0.2841 0.9564
vn 0.0763 -0.0562 -0.9955
vn -0.4375 -0.3053 -0.8458
vn 0.1588 -0.4191 -0.8940
vn 0.5911 0.0440 -0.8054
vn -0.4943 -0.0386 -0.8684
vn -0.7260 -0.0091 -0.6876
vn -0.9992 0.0388 0.0008
vn -0.9841 0.0390 0.1733
vn -0.9841 0.0389 -0.1732
vn -0.0224 -0.0677 0.9975
vn -0.6197 0.1179 -0.7759
vn -0.8030 0.2618 -0.5354
vn -0.6140 0.0463 -0.7879
vn -0.3721 -0.0616 -0.9261
vn 0.2743 -0.3897 0.8791
vn 0.4987 -0.4792 0.7223
vn 0.2850 -0.3825 0.8789
vn 0.1127 -0.3022 0.9466
vn 0.7850 -0.6193 0.0180
vn 0.7935 -0.5765 -0.1952
vn 0.8236 -0.5671 0.0114
vn 0.7779 -0.5831 0.2342
vn 0.3179 -0.3312 -0.8884
vn 0.1560 -0.2796 -0.9473
vn 0.3094 -0.3657 -0.8778
vn 0.5295 -0.4583 -0.7138
vn 0.0178 -0.2130 -0.9769
vn -0.0831 -0.2083 -0.9745
vn -0.0539 -0.2350 -0.9705
vn 0.0209 -0.2351 -0.9718
vn 0.1155 0.0654 -0.9912
vn 0.0626 -0.0260 -0.9977
vn 0.0976 -0.1223 -0.9877
vn 0.1542 -0.0369 -0.9874
vn 0.3082 -0.0008 -0.9513
vn 0.2200 -0.0527 -0.9741
vn 0.3120 -0.2072 -0.9272
vn 0.4910 -0.2389 -0.8378
vn 0.6341 -0.7437 -0.2118
vn 0.7154 -0.5934 -0.3689
vn 0.7278 -0.6846 -0.0389
vn 0.6388 -0.7491 0.1755
vn 0.1922 -0.6750 0.7124
vn 0.3727 -0.6529 0.6594
vn 0.2512 -0.4688 0.8468
vn 0.1346 -0.4818 0.8659
vn -0.4414 0.0881 -0.8930
vn -0.8104 0.0632 -0.5825
vn -0.5954 0.0566 -0.8014
vn -0.2317 0.0141 -0.9727
vn 0.0551 -0.5567 0.8289
vn 0.0587 -0.4274 0.9022
vn 0.0115 -0.3285 0.9444
vn -0.0108 -0.4145 0.9100
vn -0.9939 -0.1074 -0.0250
vn -0.9885 -0.0100 0.1508
vn -0.9872 0.1544 0.0389
vn -0.9906 0.0424 -0.1297
vn -0.6236 -0.3856 0.6800
vn -0.3579 -0.3324 0.8726
vn -0.6773 -0.0510 0.7340
vn -0.8647 -0.0975 0.4927
vn 0.3315 -0.6030 0.7256
vn 0.3301 -0.0417 0.9430
vn -0.4947 -0.0381 0.8682
vn -0.7260 -0.0090 0.6877
vn -0.0222 -0.0676 -0.9975
vn 0.3303 -0.0413 -0.9430
vn 0.2988 -0.3599 -0.8839
vn 0.0982 -0.2497 -0.9633
vn 0.3366 -0.2248 -0.9144
vn 0.5825 -0.3818 -0.7176
vn -0.0888 -0.2310 -0.9689
vn -0.1207 -0.1965 -0.9731
vn -0.0641 -0.1575 -0.9854
vn -0.0568 -0.2088 -0.9763
vn -0.6456 -0.0502 0.7621
vn -0.3810 -0.1447 0.9132
vn -0.6088 -0.0856 0.7887
vn -0.8510 -0.0141 0.5250
vn 0.2881 -0.3675 0.8843
vn 0.5793 -0.3862 0.7178
vn 0.3335 -0.2273 0.9149
vn 0.0906 -0.2533 0.9631
vn 0.8487 -0.5289 0.0029
vn 0.8777 -0.4366 -0.1974
vn 0.9617 -0.2740 0.0003
vn 0.8771 -0.4372 0.1990
vn -0.1009 -0.2305 0.9678
vn -0.0635 -0.2100 0.9756
vn -0.0668 -0.1579 0.9852
vn -0.1271 -0.1951 0.9725
vn -0.9918 0.1234 0.0340
vn -0.9889 0.0461 0.1413
vn -0.9998 0.0150 0.0099
vn -0.9940 0.0372 -0.1028
vn -0.6388 -0.0747 -0.7658
vn -0.8556 -0.0331 -0.5165
vn -0.6053 -0.0924 -0.7907
vn -0.3715 -0.1533 -0.9157
vn 0.0411 0.0852 -0.9955
vn 0.1223 0.2837 -0.9511
vn 0.1171 0.2619 -0.9580
vn 0.1061 0.2834 -0.9531
vn 0.3179 0.2783 -0.9064
vn 0.4009 0.2960 -0.8670
vn 0.0450 0.3009 -0.9526
vn -0.8841 0.0552 -0.4641
vn 0.9174 0.1127 -0.3816
vn 0.5662 0.0496 -0.8228
vn 0.6019 0.0434 -0.7974
vn 0.6766 -0.0196 -0.7361
vn -0.0663 0.0909 -0.9936
vn -0.1657 0.1189 -0.9790
vn -0.2536 0.1416 -0.9569
vn 0.1123 0.2687 -0.9567
vn 0.0843 0.2018 -0.9758
vn -0.1415 0.3041 -0.9421
vn -0.2094 0.3295 -0.9207
vn -0.6305 0.2316 -0.7408
vn -0.2563 0.1506 -0.9548
vn -0.9737 0.1627 -0.1596
vn 0.8749 0.0733 -0.4788
vn 0.1775 0.2818 -0.9429
vn 0.0901 0.2511 -0.9638
vn 0.1299 0.2750 -0.9526
vn 0.1045 0.2859 -0.9525
vn 0.3929 0.2812 -0.8755
vn -0.2660 0.2369 -0.9344
vn 0.9884 0.0948 -0.1184
vn 0.3410 0.3061 -0.8888
vn 0.4735 0.0715 -0.8779
vn 0.6106 0.0465 -0.7905
vn 0.7572 0.0269 -0.6526
vn 0.6188 0.0208 -0.7853
vn -0.0535 0.2453 -0.9680
vn -0.1645 0.2599 -0.9515
vn 0.1475 0.2885 -0.9461
vn -0.2401 0.2618 -0.9348
vn -0.0719 0.3383 -0.9383
vn -0.2233 0.3587 -0.9064
vn -0.9824 0.1819 -0.0414
vn -0.3094 0.3838 -0.8700
vn -0.2614 0.2486 -0.9327
vn -0.1401 0.2436 -0.9597
vn -0.8918 0.2411 -0.3829
vn 0.9565 0.0648 -0.2846
vn 0.9296 0.0196 -0.3680
vn 0.9873 -0.0116 -0.1585
vn -0.9694 0.1195 -0.2143
vn -0.7890 0.2294 -0.5700
vn -0.2058 0.2114 -0.9555
vn -0.0464 0.2291 -0.9723
vn -0.2631 0.2079 -0.9421
vn -0.2641 0.2097 -0.9414
vn -0.3897 0.3531 -0.8505
vn -0.2402 0.3627 -0.9004
vn -0.9933 0.1148 -0.0138
vn -0.9906 0.0852 -0.1068
vn -0.2154 0.3478 -0.9125
vn -0.1727 0.3251 -0.9298
vn -0.1295 0.3107 -0.9416
vn 0.0213 0.3055 -0.9519
vn -0.2447 0.2077 -0.9471
vn -0.2116 0.1998 -0.9567
vn 0.1400 0.2538 -0.9571
vn 0.1587 0.2905 -0.9436
vn -0.1634 0.1889 -0.9683
vn -0.1171 0.1754 -0.9775
vn -0.0661 0.1612 -0.9847
vn 0.0054 0.1557 -0.9878
vn 0.6416 -0.0490 -0.7654
vn 0.5978 -0.0204 -0.8014
vn 0.7127 -0.0497 -0.6997
vn 0.8103 0.0039 -0.5859
vn 0.5837 -0.0134 -0.8118
vn 0.5788 -0.0218 -0.8152
vn 0.4770 -0.0391 -0.8781
vn 0.6629 -0.0150 -0.7486
vn 0.1759 0.2213 -0.9592
vn 0.3477 0.2310 -0.9087
vn -0.8768 0.4754 -0.0717
vn -0.9766 -0.1125 -0.1832
vn -0.5149 0.0311 -0.8567
vn -0.1341 0.1649 -0.9772
vn 0.3485 0.2269 -0.9094
vn 0.3697 0.2314 -0.8999
vn 0.1132 0.2318 -0.9662
vn 0.1120 0.2321 -0.9662
vn 0.1165 0.2220 -0.9681
vn 0.1072 0.2020 -0.9735
vn 0.0694 0.1635 -0.9841
vn 0.0976 0.1801 -0.9788
vn 0.2431 0.2261 -0.9433
vn 0.1381 0.2274 -0.9640
vn -0.9575 -0.2537 -0.1372
vn 0.9974 0.0133 -0.0710
vn 0.5935 0.5026 0.6286
vn -0.3926 0.6723 0.6277
vn -0.1076 -0.8773 -0.4677
vn 0.5002 -0.7371 -0.4544
vn 0.2363 -0.8619 -0.4487
vn -0.9967 0.0614 -0.0537
vn 0.9945 0.1034 0.0183
vn 0.8902 -0.3796 -0.2519
vn -0.9720 0.2186 -0.0866
vn -0.9837 -0.0914 -0.1547
vn -0.0003 0.9790 0.2041
vn 0.1895 -0.7137 -0.6743
vn 0.9443 0.3265 -0.0405
vn -0.6737 -0.5402 -0.5043
vn -0.7509 -0.3377 -0.5676
vn 0.9319 -0.1560 -0.3275
vn 0.6409 -0.0767 -0.7638
vn -0.4230 0.0922 -0.9014
vn -0.0498 -0.7308 -0.6807
vn 0.5484 -0.6132 -0.5686
vn 0.2538 -0.4221 -0.8703
vn -0.8543 0.0079 -0.5197
vn 0.9676 -0.0858 -0.2374
vn 0.1101 -0.1645 -0.9802
vn 0.6516 -0.2325 -0.7221
vn -0.3065 -0.2166 -0.9269
vn 0.9793 -0.0879 -0.1825
vn 0.9973 0.0647 -0.0350
vn 0.9983 -0.0518 0.0262
vn -0.6507 -0.6802 -0.3375
vn 0.6636 0.2879 0.6905
vn -0.3933 0.5451 0.7404
vn -0.8619 0.5071 0.0064
vn 0.7194 0.2850 -0.6334
vn -0.4966 0.5164 -0.6977
vn 0.1424 0.9897 0.0178
vn 0.9963 -0.0047 0.0853
vn 0.0088 0.1737 -0.9848
vn -0.8283 0.3877 0.4045
vn 0.0666 0.3534 0.9331
vn -0.8344 0.2873 -0.4703
vn 0.9536 -0.0085 0.3009
vn 0.8198 -0.3895 -0.4199
vn -0.9513 0.2078 -0.2279
vn -0.0845 -0.0499 -0.9952
vn -0.8236 -0.0471 -0.5652
vn 0.0939 -0.5494 -0.8303
vn 0.7959 -0.4959 -0.3474
vn -0.8618 0.4425 -0.2480
vn -0.0035 0.0070 -1.0000
vn -0.6030 0.2293 -0.7641
vn 0.5350 -0.2284 -0.8134
vn 0.5759 -0.7027 -0.4178
vn -0.8822 0.3750 -0.2848
vn -0.2697 -0.1855 -0.9449
vn -0.6178 0.3574 -0.7004
vn 0.5063 -0.4015 -0.7632
vn 0.1597 0.1781 0.9710
vn 0.3267 0.0067 0.9451
vn 0.3344 -0.0130 0.9423
vn 0.2513 0.1734 0.9522
vn 0.0067 0.8800 0.4750
vn 0.0786 0.5613 0.8239
vn 0.0587 0.5515 0.8321
vn 0.0056 0.8672 0.4980
vn 0.0448 -0.9990 0.0016
vn 0.0506 -0.9987 0.0012
vn 0.0686 -0.9976 0.0011
vn 0.0688 -0.9976 -0.0072
vn -0.0720 -0.0975 0.9926
vn 0.1058 0.2559 0.9609
vn 0.0662 0.2473 0.9667
vn 0.0180 -0.1394 0.9901
vn 0.0235 -0.9602 0.2785
vn -0.0104 -0.9748 0.2228
vn -0.2243 -0.6105 0.7596
vn -0.0158 -0.5891 0.8079
vn -0.0415 0.9296 0.3662
vn -0.1231 0.9363 0.3290
vn -0.0109 0.6176 0.7864
vn 0.0593 0.6024 0.7960
vn 0.0414 0.9131 0.4056
vn 0.1134 0.5859 0.8024
vn 0.1182 0.5723 0.8115
vn 0.0556 0.8948 0.4430
vn 0.0697 0.1535 0.9857
vn -0.1748 0.0150 0.9845
vn -0.0091 0.1041 0.9945
vn 0.0935 0.1885 0.9776
vn 0.1348 -0.9908 -0.0074
vn 0.1385 -0.9904 -0.0001
vn 0.2721 -0.9623 -0.0052
vn 0.2653 -0.9639 -0.0221
vn -0.0072 -0.9589 0.2835
vn 0.0050 -0.5912 0.8065
vn 0.0005 -0.5990 0.8008
vn -0.0185 -0.9603 0.2783
vn 0.1096 0.2019 0.9733
vn 0.1193 0.1269 0.9847
vn 0.3369 0.0879 0.9374
vn 0.1374 0.1932 0.9715
vn 0.3552 0.1601 0.9210
vn 0.3445 0.1697 0.9233
vn 0.3994 -0.0231 0.9165
vn 0.3936 -0.0528 0.9178
vn 0.1403 0.8516 0.5051
vn 0.1215 0.5455 0.8293
vn 0.3040 0.5239 0.7957
vn 0.4017 0.7778 0.4834
vn 0.4498 -0.8930 -0.0127
vn 0.4494 -0.8932 -0.0137
vn 0.5710 -0.8205 -0.0250
vn 0.5608 -0.8279 -0.0099
vn -0.1201 0.0588 0.9910
vn -0.0091 -0.2063 0.9785
vn -0.0711 -0.2650 0.9616
vn -0.4041 -0.0580 0.9129
vn 0.6083 -0.7517 0.2550
vn 0.5771 -0.7630 0.2912
vn 0.5328 -0.4107 0.7399
vn 0.5456 -0.4058 0.7332
vn 0.6738 0.6101 0.4169
vn 0.5894 0.6708 0.4502
vn 0.4687 0.4820 0.7403
vn 0.5390 0.4700 0.6990
vn 0.4743 -0.6100 0.6348
vn 0.0567 -0.3320 0.9416
vn 0.2675 -0.3121 0.9116
vn -0.4119 0.9039 -0.1153
vn 0.6976 0.6114 0.3735
vn 0.5488 0.5006 0.6695
vn 0.4473 0.5748 0.6852
vn 0.6098 0.7045 0.3630
vn 0.3405 -0.9402 0.0005
vn 0.3040 -0.9517 -0.0421
vn -0.1823 -0.9826 -0.0365
vn -0.1406 -0.9888 0.0497
vn 0.3237 0.1459 0.9348
vn 0.3337 -0.0931 0.9381
vn 0.1784 -0.1445 0.9733
vn 0.1451 0.1195 0.9822
vn 0.2216 0.8715 0.4374
vn 0.0655 0.6664 0.7427
vn -0.3193 0.6346 0.7038
vn -0.2434 0.8403 0.4844
vn -0.5676 -0.8156 0.1127
vn -0.6513 -0.7586 -0.0188
vn -0.7278 -0.6850 0.0330
vn -0.5668 -0.7814 0.2612
vn 0.2964 -0.6569 0.6933
vn 0.2056 -0.9340 0.2923
vn 0.4853 -0.8355 0.2578
vn 0.4235 -0.5755 0.6996
vn -0.3213 0.8225 0.4692
vn -0.3190 0.7128 0.6246
vn 0.1098 0.7089 0.6967
vn -0.0940 0.8746 0.4756
vn -0.4008 -0.7964 0.4528
vn -0.6003 -0.7908 0.1197
vn -0.1796 -0.9538 0.2407
vn -0.0372 -0.8026 0.5953
vn 0.6433 0.5746 0.5059
vn 0.6202 0.2828 0.7317
vn 0.6447 0.2314 0.7286
vn 0.7211 0.4549 0.5226
vn 0.6143 -0.0862 0.7843
vn 0.3922 -0.2471 0.8861
vn 0.4632 -0.2233 0.8576
vn 0.4665 -0.0898 0.8800
vn 0.2962 0.8239 0.4832
vn 0.4386 0.4847 0.7568
vn 0.4730 0.4100 0.7799
vn 0.4774 0.7234 0.4988
vn 0.7657 0.3416 0.5450
vn 0.6643 0.1892 0.7231
vn 0.6928 0.1287 0.7096
vn 0.7942 0.2140 0.5687
vn 0.5035 -0.5401 0.6744
vn 0.6611 -0.7229 0.2010
vn 0.8756 -0.4620 0.1411
vn 0.6958 -0.3725 0.6141
vn 0.5563 -0.0745 0.8276
vn 0.5460 -0.2009 0.8133
vn 0.5767 -0.1928 0.7939
vn 0.5687 -0.0710 0.8195
vn 0.7609 -0.0894 0.6427
vn 0.8118 0.0564 0.5812
vn 0.7173 -0.0051 0.6967
vn 0.6929 -0.1565 0.7038
vn 0.8376 -0.1322 0.5301
vn 0.9844 -0.1464 0.0980
vn 0.9953 0.0577 0.0772
vn 0.9120 0.0348 0.4086
vn 0.5964 -0.0747 0.7992
vn 0.6193 -0.1820 0.7638
vn 0.6574 -0.1721 0.7337
vn 0.6460 -0.0898 0.7580
vn 0.0187 -0.1572 0.9874
vn -0.0100 0.2442 0.9697
vn -0.0927 0.2483 0.9642
vn -0.0025 -0.1614 0.9869
vn -0.2027 0.9783 0.0423
vn -0.2096 0.9778 -0.0008
vn -0.1904 0.9817 -0.0057
vn -0.1891 0.9811 0.0400
vn -0.0887 0.0979 0.9912
vn -0.1380 0.1120 0.9841
vn -0.0729 -0.1463 0.9866
vn -0.0269 -0.1567 0.9873
vn -0.0095 -0.9620 0.2729
vn 0.0001 -0.6050 0.7962
vn -0.0481 -0.6087 0.7919
vn -0.0697 -0.9613 0.2665
vn -0.2136 -0.9433 0.2541
vn -0.1558 -0.6019 0.7832
vn -0.2938 -0.5765 0.7625
vn -0.3880 -0.8915 0.2338
vn -0.1273 0.9881 0.0864
vn -0.1179 0.9930 -0.0118
vn -0.1652 0.9862 -0.0104
vn -0.1715 0.9793 0.1077
vn 0.1800 0.2568 0.9496
vn 0.2198 0.1538 0.9633
vn 0.3084 0.0973 0.9463
vn 0.1746 0.2193 0.9599
vn -0.1425 -0.1305 0.9812
vn -0.2256 0.2625 0.9382
vn -0.2503 0.2602 0.9325
vn -0.2174 -0.1111 0.9697
vn 0.0912 0.1865 0.9782
vn 0.0111 0.3329 0.9429
vn -0.1437 0.3413 0.9289
vn -0.0187 0.2343 0.9720
vn -0.8127 0.2618 -0.5206
vn -0.4171 -0.0489 -0.9075
vn -0.4021 -0.0769 -0.9124
vn -0.8009 0.2175 -0.5579
vn -0.4631 0.8825 0.0817
vn -0.4595 0.8876 -0.0303
vn -0.6266 0.7787 -0.0306
vn -0.6416 0.7625 0.0833
vn -0.2117 0.9734 0.0877
vn -0.2076 0.9779 -0.0249
vn -0.3125 0.9496 -0.0252
vn -0.3193 0.9439 0.0840
vn -0.9126 0.3994 0.0870
vn -0.9038 0.3888 -0.1786
vn -0.9174 0.3508 -0.1879
vn -0.9322 0.3486 0.0971
vn -0.8029 0.5896 0.0877
vn -0.7809 0.6244 -0.0212
vn -0.9062 0.4228 -0.0043
vn -0.9162 0.3905 0.0898
vn -0.1143 0.2660 0.9572
vn -0.1996 0.3516 0.9146
vn -0.2462 0.3662 0.8974
vn -0.3887 0.2029 0.8988
vn -0.1003 -0.2210 -0.9701
vn -0.0033 -0.2541 -0.9672
vn -0.0470 -0.2465 -0.9680
vn -0.1345 -0.2159 -0.9671
vn -0.8902 -0.4162 0.1852
vn -0.9816 0.1655 0.0955
vn -0.9808 0.1947 0.0067
vn -0.9793 0.1093 0.1701
vn -0.9150 -0.4029 -0.0230
vn -0.9040 -0.2432 0.3516
vn -0.8671 -0.2748 0.4154
vn -0.9052 -0.4195 0.0682
vn -0.4756 0.0911 0.8749
vn -0.2752 0.3799 0.8831
vn -0.3875 0.3763 0.8416
vn -0.6079 0.0544 0.7921
vn -0.1407 0.9851 0.0991
vn -0.1360 0.9846 0.1098
vn -0.1377 0.9902 -0.0251
vn -0.1410 0.9897 -0.0248
vn -0.2297 0.9658 0.1200
vn -0.2369 0.9714 -0.0148
vn -0.2874 0.9576 -0.0218
vn -0.2775 0.9531 0.1206
vn -0.2858 -0.0923 0.9538
vn -0.2616 0.2534 0.9313
vn -0.2553 0.2438 0.9356
vn -0.3137 -0.0758 0.9465
vn -0.5558 -0.8051 0.2072
vn -0.4332 -0.5347 0.7255
vn -0.5067 -0.5023 0.7007
vn -0.6509 -0.7367 0.1833
vn -0.1893 0.9172 0.3505
vn -0.1701 0.9004 0.4005
vn -0.2064 0.5816 0.7868
vn -0.1959 0.6054 0.7715
vn -0.1562 0.7889 0.5943
vn -0.0726 0.4180 0.9055
vn -0.1850 0.4170 0.8899
vn -0.2394 0.7668 0.5956
vn -0.0273 0.1860 0.9822
vn 0.1030 0.0054 0.9947
vn -0.1939 -0.0503 0.9797
vn -0.2077 0.1585 0.9653
vn -0.3408 -0.9227 -0.1801
vn -0.5069 -0.8590 -0.0722
vn -0.6904 -0.7228 -0.0292
vn -0.6366 -0.7696 -0.0498
vn 0.1729 -0.5550 0.8137
vn -0.1215 -0.9840 0.1305
vn -0.5669 -0.8044 0.1779
vn -0.3526 -0.5299 0.7713
vn -0.2144 0.9764 -0.0261
vn -0.2133 0.9702 0.1150
vn -0.2869 0.9507 0.1177
vn -0.2936 0.9556 -0.0256
vn -0.1453 0.9893 -0.0082
vn -0.1160 0.9932 -0.0105
vn -0.1205 0.9904 0.0674
vn -0.1509 0.9872 0.0510
vn -0.5702 -0.8214 -0.0111
vn -0.5694 -0.8220 0.0035
vn -0.6737 -0.7390 -0.0044
vn -0.6821 -0.7312 -0.0117
vn -0.2455 0.4691 0.8484
vn -0.2376 0.7989 0.5526
vn -0.2541 0.7724 0.5821
vn -0.2324 0.4365 0.8692
vn 0.0542 0.4789 0.8762
vn 0.0470 0.4343 0.8996
vn -0.0709 0.8161 0.5735
vn -0.0805 0.8425 0.5327
vn -0.6994 -0.7000 -0.1443
vn -0.7992 -0.5751 -0.1747
vn -0.8112 -0.5847 0.0117
vn -0.6272 -0.7785 -0.0248
vn -0.8760 -0.1160 0.4682
vn -0.7574 0.2859 0.5870
vn -0.9516 0.1909 0.2409
vn -0.9518 -0.2740 0.1377
vn -0.2722 -0.9415 -0.1987
vn -0.2329 -0.8078 -0.5415
vn -0.7017 -0.6011 -0.3825
vn -0.5976 -0.7763 -0.2009
vn -0.4882 0.4499 0.7478
vn -0.7593 0.5487 0.3499
vn -0.8674 0.3918 0.3068
vn -0.5936 0.4257 0.6830
vn 0.0553 -0.9921 -0.1126
vn 0.0700 -0.8723 -0.4840
vn 0.0225 -0.8585 -0.5124
vn -0.0297 -0.9896 -0.1410
vn -0.0608 0.5338 0.8434
vn -0.1732 0.8592 0.4814
vn -0.2995 0.8447 0.4436
vn -0.2112 0.5505 0.8077
vn -0.2923 0.5413 0.7884
vn -0.4194 0.8047 0.4201
vn -0.5582 0.7315 0.3916
vn -0.3507 0.5165 0.7812
vn -0.1923 -0.9755 -0.1067
vn -0.0242 -0.9301 -0.3666
vn 0.0570 -0.8858 -0.4606
vn 0.0164 -0.9938 -0.1103
vn -0.2250 0.5468 0.8065
vn -0.1786 0.8723 0.4552
vn -0.2094 0.8354 0.5082
vn -0.2416 0.5071 0.8274
vn -0.2405 -0.9706 -0.0023
vn -0.2325 -0.9723 0.0243
vn -0.4068 -0.9134 0.0121
vn -0.4156 -0.9095 -0.0080
vn -0.0137 -0.9994 0.0326
vn -0.0781 -0.9965 0.0311
vn -0.0800 -0.9968 -0.0002
vn -0.0956 0.6253 0.7745
vn -0.1820 0.9343 0.3065
vn -0.2023 0.9275 0.3142
vn -0.1669 0.6200 0.7666
vn 0.6412 -0.1428 0.7539
vn 0.5900 -0.1057 0.8004
vn 0.6843 -0.0606 0.7267
vn 0.6707 -0.1461 0.7272
vn 0.9939 0.0092 0.1101
vn 0.9844 0.0555 0.1670
vn 0.9239 0.0737 0.3755
vn 0.9309 0.0047 0.3653
vn 0.5171 -0.2458 0.8199
vn 0.4423 -0.3231 0.8367
vn 0.5075 -0.2201 0.8331
vn 0.5824 -0.1844 0.7917
vn 0.8453 0.5170 0.1346
vn 0.8286 0.4494 0.3339
vn 0.8867 0.2757 0.3713
vn 0.9340 0.3172 0.1641
vn 0.2660 0.9625 0.0535
vn 0.2749 0.9358 0.2205
vn 0.4964 0.8373 0.2291
vn 0.4946 0.8670 0.0607
vn 0.6226 0.7787 0.0774
vn 0.6375 0.7268 0.2556
vn 0.7479 0.5964 0.2913
vn 0.7409 0.6636 0.1037
vn 0.0503 -0.3857 0.9213
vn -0.0876 -0.6051 0.7913
vn 0.1642 -0.5395 0.8258
vn 0.2254 -0.3631 0.9041
vn -0.3147 0.9472 0.0610
vn -0.3172 0.9208 0.2269
vn -0.0960 0.9704 0.2218
vn -0.0918 0.9942 0.0562
vn 0.3590 -0.3386 0.8698
vn 0.3542 -0.4294 0.8307
vn 0.4157 -0.3769 0.8277
vn 0.4496 -0.3002 0.8413
vn -0.0278 -0.4843 0.8744
vn -0.3354 -0.7516 0.5680
vn -0.3311 -0.6517 0.6824
vn -0.0681 -0.4282 0.9011
vn 0.1477 0.9881 0.0419
vn 0.2073 0.9628 0.1732
vn -0.2641 0.9375 0.2265
vn -0.2914 0.9547 0.0607
vn 0.4417 -0.4489 0.7767
vn 0.4410 -0.8201 0.3647
vn 0.0425 -0.8700 0.4913
vn 0.2166 -0.4905 0.8441
vn 0.7649 0.6440 0.0123
vn 0.7589 0.6424 0.1062
vn 0.6520 0.7501 0.1105
vn 0.6414 0.7670 0.0179
vn 0.7466 0.6651 0.0139
vn 0.6581 0.7528 0.0163
vn 0.6499 0.7482 0.1338
vn 0.7380 0.6637 0.1216
vn 0.6038 -0.7963 -0.0360
vn 0.5382 -0.8416 -0.0441
vn 0.5394 -0.8417 -0.0244
vn 0.5953 -0.8032 -0.0211
vn 0.6422 -0.4248 0.6381
vn 0.5547 -0.8175 0.1547
vn 0.5762 -0.7833 0.2332
vn 0.5193 -0.4322 0.7372
vn 0.1456 0.9892 0.0188
vn 0.1458 0.9784 0.1465
vn 0.4443 0.8845 0.1421
vn 0.4490 0.8934 0.0179
vn -0.0104 -0.9999 -0.0000
vn -0.0102 -0.9994 0.0340
vn -0.0237 -0.9992 0.0333
vn -0.0904 -0.9831 -0.1590
vn 0.0454 -0.9693 -0.2415
vn -0.0112 -0.5365 -0.8439
vn -0.5403 -0.5324 -0.6516
vn -0.0190 0.9998 0.0106
vn -0.0080 0.9953 0.0962
vn 0.0101 0.9933 0.1148
vn -0.0002 0.9999 0.0137
vn -0.1039 0.9946 0.0072
vn -0.1762 0.9843 0.0036
vn -0.1669 0.9844 0.0563
vn -0.0932 0.9928 0.0758
vn 0.0345 -0.9994 0.0002
vn 0.0563 -0.9984 0.0009
vn 0.0531 -0.9982 0.0265
vn 0.0346 -0.9988 0.0337
vn -0.7494 -0.5088 0.4237
vn -0.3406 -0.9389 0.0491
vn -0.8413 -0.5165 -0.1594
vn -0.9006 -0.3766 0.2168
vn -0.0472 0.9988 0.0164
vn -0.0381 0.9908 0.1301
vn -0.0251 0.9896 0.1414
vn -0.0311 0.9994 0.0182
vn 0.9347 0.1699 -0.3122
vn 0.9441 0.3060 0.1225
vn 0.9539 0.2861 0.0906
vn 0.8984 0.1484 -0.4134
vn -0.5561 -0.3604 -0.7489
vn 0.0670 -0.2753 -0.9590
vn 0.1604 -0.2534 -0.9540
vn -0.4568 -0.4382 -0.7741
vn 0.1555 -0.9713 -0.1801
vn 0.3369 -0.9267 -0.1665
vn 0.6286 -0.5299 -0.5693
vn 0.2541 -0.6487 -0.7174
vn -0.1138 0.0185 0.9933
vn -0.5119 -0.1136 0.8515
vn -0.6466 -0.1983 0.7366
vn -0.1549 -0.0396 0.9871
vn 0.6050 -0.0090 0.7962
vn 0.1426 0.0437 0.9888
vn 0.1589 0.0269 0.9869
vn 0.7028 0.0983 0.7045
vn 0.7269 -0.6858 -0.0356
vn 0.9220 -0.2373 0.3061
vn 0.9822 0.1007 0.1584
vn 0.9654 -0.1318 -0.2249
vn -0.7492 -0.6460 0.1462
vn -0.6954 -0.6719 -0.2549
vn -0.4685 -0.8241 -0.3183
vn -0.5675 -0.8197 0.0771
vn 0.3746 -0.3032 -0.8762
vn 0.5416 -0.1972 -0.8172
vn 0.4791 -0.1670 -0.8617
vn 0.3202 -0.3031 -0.8976
vn -0.1527 -0.0731 0.9856
vn -0.6490 -0.2658 0.7129
vn -0.6179 -0.3564 0.7009
vn -0.1183 -0.1356 0.9837
vn 0.3159 -0.2751 -0.9081
vn 0.6906 -0.0966 -0.7167
vn 0.6277 -0.1062 -0.7711
vn 0.3487 -0.2330 -0.9078
vn -0.9087 -0.3718 0.1901
vn -0.8977 -0.3937 -0.1979
vn -0.8315 -0.5104 -0.2194
vn -0.8584 -0.4817 0.1763
vn 0.6960 0.2417 0.6761
vn 0.1692 0.0437 0.9846
vn 0.1989 -0.0247 0.9797
vn 0.7108 0.1953 0.6758
vn 0.7274 0.1394 -0.6719
vn 0.9516 0.3074 -0.0006
vn 0.9925 0.1004 -0.0695
vn 0.7154 0.0636 -0.6958
vn -0.2368 -0.9698 0.0586
vn -0.1120 -0.8835 -0.4549
vn -0.1492 -0.7724 -0.6174
vn -0.4646 -0.8775 0.1189
vn 0.7092 0.1509 0.6886
vn 0.2066 -0.1366 0.9689
vn -0.0116 -0.2924 0.9562
vn 0.6558 0.1793 0.7334
vn -0.2953 -0.5801 -0.7592
vn 0.2655 -0.3423 -0.9013
vn 0.2776 -0.4378 -0.8551
vn -0.0714 -0.6871 -0.7231
vn 0.8437 0.0862 -0.5298
vn 0.9632 0.2619 0.0600
vn 0.9515 0.3058 0.0338
vn 0.7772 0.0847 -0.6236
vn -0.0598 -0.3006 0.9519
vn -0.5312 -0.5343 0.6576
vn -0.3674 -0.7720 0.5187
vn -0.1500 -0.6293 0.7626
vn -0.0590 -0.9972 0.0450
vn -0.1279 -0.6762 -0.7255
vn 0.6265 -0.3482 -0.6973
vn 0.7201 -0.6939 -0.0039
vn -0.8706 -0.4832 0.0928
vn -0.5790 -0.5330 -0.6170
vn -0.5710 -0.4030 -0.7153
vn -0.8676 -0.4964 0.0279
vn 0.1003 -0.2572 -0.9611
vn 0.4730 -0.0028 -0.8811
vn 0.4415 -0.0369 -0.8965
vn -0.1680 -0.2934 -0.9411
vn 0.5862 0.1575 0.7947
vn -0.3983 -0.2658 0.8779
vn -0.3373 -0.5126 0.7896
vn 0.6295 -0.2168 0.7462
vn -0.2351 -0.0574 0.9703
vn -0.7709 -0.0086 0.6369
vn -0.6922 -0.0481 0.7201
vn -0.2251 -0.1267 0.9661
vn -0.9874 0.0340 0.1542
vn -0.9872 0.0346 -0.1558
vn -0.9835 0.0140 -0.1803
vn -0.9835 0.0140 0.1803
vn -0.0427 -0.0668 -0.9969
vn -0.0065 -0.0683 -0.9976
vn -0.0183 -0.1348 -0.9907
vn -0.0599 -0.1361 -0.9889
vn -0.3675 -0.0413 0.9291
vn -0.8102 0.2702 0.5201
vn -0.8140 0.1985 0.5459
vn -0.3750 -0.0950 0.9222
vn 0.1215 -0.3090 -0.9433
vn 0.4734 -0.4940 -0.7293
vn 0.5164 -0.4751 -0.7125
vn 0.1013 -0.3042 -0.9472
vn 0.7491 -0.6164 -0.2428
vn 0.7752 -0.5995 0.1992
vn 0.8060 -0.5582 0.1971
vn 0.7959 -0.5634 -0.2217
vn 0.5202 -0.4485 0.7268
vn 0.1776 -0.2559 0.9503
vn 0.1331 -0.2915 0.9473
vn 0.5365 -0.4608 0.7070
vn 0.0616 -0.2190 0.9738
vn -0.0497 -0.1939 0.9798
vn -0.1081 -0.2184 0.9699
vn -0.0144 -0.2429 0.9700
vn 0.1509 0.0554 0.9870
vn 0.0664 0.0767 0.9948
vn 0.0337 -0.1126 0.9931
vn 0.1367 -0.1238 0.9828
vn 0.4629 -0.1083 0.8798
vn 0.2260 0.0340 0.9735
vn 0.2115 -0.1413 0.9671
vn 0.5015 -0.3491 0.7916
vn 0.5635 -0.8206 -0.0954
vn 0.6616 -0.5530 0.5065
vn 0.7375 -0.6155 0.2778
vn 0.6737 -0.7050 -0.2216
vn 0.1234 -0.6157 -0.7783
vn 0.3003 -0.7578 -0.5793
vn 0.4110 -0.5760 -0.7066
vn 0.1340 -0.3886 -0.9116
vn -0.1674 0.0959 0.9812
vn -0.7397 0.0524 0.6709
vn -0.8339 0.1282 0.5369
vn -0.2982 -0.0294 0.9540
vn 0.0208 -0.5545 -0.8319
vn 0.0703 -0.5646 -0.8224
vn 0.0410 -0.3358 -0.9410
vn -0.0466 -0.3127 -0.9487
vn -0.9805 -0.0545 0.1888
vn -0.9805 -0.1499 -0.1271
vn -0.9763 0.1402 -0.1648
vn -0.9815 0.1639 0.0987
vn -0.8405 -0.2634 -0.4735
vn -0.3021 -0.5080 -0.8066
vn -0.3994 -0.1835 -0.8982
vn -0.8639 0.0592 -0.5002
vn 0.7128 -0.3470 -0.6096
vn 0.7128 -0.3470 0.6096
vn 0.0548 -0.6614 0.7481
vn 0.0548 -0.6614 -0.7481
vn -0.1114 -0.6632 -0.7402
vn -0.1114 -0.6632 0.7402
vn -0.2343 -0.6507 0.7223
vn -0.2343 -0.6507 -0.7223
vn -0.5253 -0.5553 -0.6447
vn -0.5253 -0.5553 0.6447
vn -0.8883 -0.2486 0.3861
vn -0.8883 -0.2486 -0.3861
vn 0.9665 0.0880 -0.2411
vn 0.9665 0.0881 0.2411
vn 0.9405 0.1581 0.3008
vn 0.9405 0.1581 -0.3008
vn 0.1270 -0.0619 -0.9900
vn 0.6118 0.0004 -0.7910
vn 0.4816 0.0017 -0.8764
vn 0.0786 -0.1192 -0.9898
vn -0.7708 -0.0077 -0.6370
vn -0.2355 -0.0573 -0.9702
vn -0.2251 -0.1267 -0.9661
vn -0.6922 -0.0481 -0.7201
vn -0.0063 -0.0681 0.9977
vn -0.0425 -0.0667 0.9969
vn -0.0599 -0.1361 0.9889
vn -0.0183 -0.1348 0.9907
vn 0.6119 0.0007 0.7909
vn 0.1273 -0.0616 0.9899
vn 0.0786 -0.1192 0.9898
vn 0.4816 0.0017 0.8764
vn 0.5500 -0.4471 0.7054
vn 0.0973 -0.2866 0.9531
vn 0.1126 -0.1879 0.9757
vn 0.6244 -0.2622 0.7357
vn -0.0572 -0.2377 0.9697
vn -0.1317 -0.2212 0.9663
vn -0.0944 -0.1531 0.9837
vn -0.0418 -0.1613 0.9860
vn -0.8436 0.0434 -0.5352
vn -0.4015 -0.1399 -0.9051
vn -0.3385 -0.1244 -0.9327
vn -0.8415 -0.0366 -0.5391
vn 0.0837 -0.2922 -0.9527
vn 0.5440 -0.4542 -0.7056
vn 0.6228 -0.2645 -0.7363
vn 0.1089 -0.1900 -0.9757
vn 0.8267 -0.5256 -0.2009
vn 0.8287 -0.5241 0.1963
vn 0.9396 -0.2758 0.2027
vn 0.9394 -0.2762 -0.2031
vn -0.1437 -0.2182 -0.9653
vn -0.0700 -0.2391 -0.9685
vn -0.0448 -0.1622 -0.9857
vn -0.0971 -0.1529 -0.9834
vn -0.9889 0.1114 0.0979
vn -0.9794 0.1225 -0.1604
vn -0.9911 0.0130 -0.1324
vn -0.9934 0.0084 0.1142
vn -0.3866 -0.1549 0.9091
vn -0.8531 0.0166 0.5215
vn -0.8429 -0.0458 0.5361
vn -0.3336 -0.1276 0.9340
vn 0.9322 0.0044 0.3619
vn 0.9888 -0.0203 0.1477
vn -0.9813 0.0225 0.1911
vn -0.8239 0.1442 0.5481
vn -0.2023 0.2397 0.9495
vn -0.0573 0.2502 0.9665
vn -0.2733 0.1474 0.9506
vn -0.2670 0.1443 0.9528
vn -0.4211 0.3028 0.8550
vn -0.2276 0.3303 0.9160
vn -0.9975 0.0564 0.0437
vn -0.9910 -0.0254 0.1313
vn -0.1930 0.3275 0.9249
vn -0.1504 0.3145 0.9373
vn -0.1125 0.2936 0.9493
vn 0.0324 0.2765 0.9605
vn -0.2363 0.1376 0.9619
vn -0.1925 0.1258 0.9732
vn 0.1122 0.2705 0.9562
vn 0.1374 0.3080 0.9414
vn -0.1845 0.2618 0.9473
vn -0.1445 0.2566 0.9556
vn -0.0427 0.0849 0.9955
vn 0.0135 0.0814 0.9966
vn 0.6398 -0.0028 0.7686
vn 0.6074 0.0353 0.7936
vn 0.7075 -0.0868 0.7014
vn 0.8032 -0.0324 0.5948
vn 0.6040 0.0467 0.7956
vn 0.6059 0.0456 0.7943
vn 0.4894 0.0607 0.8699
vn 0.6777 0.0879 0.7300
vn 0.2287 0.3104 0.9227
vn 0.3855 0.3010 0.8722
vn 0.9861 0.0036 0.1660
vn -0.9876 0.0319 0.1537
vn -0.5539 0.1531 0.8184
vn -0.1241 0.2768 0.9529
vn 0.3680 0.2778 0.8873
vn 0.4018 0.2884 0.8691
vn 0.1012 0.2849 0.9532
vn 0.1125 0.2857 0.9517
vn 0.1293 0.2802 0.9512
vn 0.1251 0.2685 0.9551
vn 0.0623 0.0926 0.9937
vn 0.0750 0.1163 0.9904
vn 0.2475 0.2803 0.9275
vn 0.1285 0.2825 0.9506
vn 0.9963 -0.0116 0.0850
vn -0.3249 0.4133 -0.8506
vn 0.5006 -0.7604 0.4138
vn -0.9896 0.0578 0.1318
vn 0.9871 0.1256 0.0989
vn -0.0994 -0.7289 0.6774
vn -0.9401 -0.2271 0.2542
vn 0.5746 0.8067 -0.1380
vn -0.1960 -0.4039 0.8936
vn 0.6241 -0.3473 0.6999
vn 0.6397 -0.1817 0.7468
vn -0.3774 -0.0829 0.9223
vn 0.9996 0.0270 0.0033
vn -0.0531 -0.8969 0.4391
vn 0.6414 0.0414 0.7661
vn -0.9510 -0.2499 0.1821
vn -0.4688 0.8804 -0.0711
vn 0.7762 0.6285 -0.0496
vn -0.9495 0.3098 0.0502
vn 0.9943 -0.0916 -0.0541
vn -0.4347 0.2406 0.8678
vn 0.5708 0.2272 -0.7890
vn -0.0009 0.0128 0.9999
vn 0.5260 -0.7306 0.4354
vn -0.4053 -0.2665 0.8745
vn -0.8459 0.4930 0.2034
vn 0.8389 -0.3875 0.3823
vn -0.9101 0.3279 0.2536
vn -0.5259 -0.6296 0.5719
vn -0.0471 -0.0169 0.9987
vn 0.7479 -0.5900 0.3040
vn 0.1597 0.1781 -0.9710
vn 0.3267 0.0067 -0.9451
vn 0.3344 -0.0130 -0.9423
vn 0.2513 0.1734 -0.9522
vn 0.0067 0.8800 -0.4750
vn 0.0786 0.5612 -0.8239
vn 0.0587 0.5515 -0.8321
vn 0.0056 0.8672 -0.4980
vn 0.0448 -0.9990 -0.0016
vn 0.0506 -0.9987 -0.0012
vn 0.0686 -0.9976 -0.0011
vn 0.0688 -0.9976 0.0072
vn -0.0720 -0.0975 -0.9926
vn 0.1058 0.2559 -0.9609
vn 0.0662 0.2473 -0.9667
vn 0.0180 -0.1394 -0.9901
vn 0.0235 -0.9602 -0.2785
vn -0.0104 -0.9748 -0.2228
vn -0.2243 -0.6105 -0.7596
vn -0.0158 -0.5891 -0.8079
vn -0.0415 0.9296 -0.3662
vn -0.1231 0.9363 -0.3290
vn -0.0109 0.6176 -0.7864
vn 0.0593 0.6024 -0.7960
vn 0.0414 0.9131 -0.4056
vn 0.1134 0.5859 -0.8024
vn 0.1182 0.5723 -0.8115
vn 0.0556 0.8948 -0.4430
vn 0.0697 0.1535 -0.9857
vn -0.1748 0.0150 -0.9845
vn -0.0091 0.1041 -0.9945
vn 0.0935 0.1885 -0.9776
vn 0.1348 -0.9908 0.0074
vn 0.1385 -0.9904 0.0001
vn 0.2721 -0.9623 0.0052
vn 0.2653 -0.9639 0.0221
vn -0.0072 -0.9589 -0.2835
vn 0.0050 -0.5912 -0.8065
vn 0.0005 -0.5990 -0.8008
vn -0.0185 -0.9603 -0.2783
vn 0.1096 0.2019 -0.9733
vn 0.1193 0.1269 -0.9847
vn 0.3369 0.0879 -0.9374
vn 0.1374 0.1932 -0.9715
vn 0.3552 0.1601 -0.9210
vn 0.3445 0.1697 -0.9233
vn 0.3994 -0.0231 -0.9165
vn 0.3936 -0.0528 -0.9178
vn 0.1403 0.8516 -0.5051
vn 0.1215 0.5455 -0.8293
vn 0.3040 0.5239 -0.7957
vn 0.4017 0.7778 -0.4834
vn 0.4498 -0.8930 0.0127
vn 0.4494 -0.8932 0.0137
vn 0.5710 -0.8205 0.0250
vn 0.5608 -0.8279 0.0099
vn -0.1201 0.0588 -0.9910
vn -0.0091 -0.2063 -0.9785
vn -0.0711 -0.2650 -0.9616
vn -0.4041 -0.0580 -0.9129
vn 0.6083 -0.7517 -0.2550
vn 0.5771 -0.7630 -0.2912
vn 0.5328 -0.4107 -0.7399
vn 0.5456 -0.4058 -0.7332
vn 0.6738 0.6101 -0.4169
vn 0.5894 0.6708 -0.4502
vn 0.4687 0.4820 -0.7403
vn 0.5390 0.4700 -0.6990
vn 0.4743 -0.6100 -0.6348
vn 0.0567 -0.3320 -0.9416
vn 0.2675 -0.3121 -0.9116
vn -0.4119 0.9039 0.1153
vn 0.6976 0.6114 -0.3735
vn 0.5488 0.5006 -0.6695
vn 0.4473 0.5748 -0.6852
vn 0.6098 0.7045 -0.3630
vn 0.3405 -0.9402 -0.0005
vn 0.3040 -0.9517 0.0421
vn -0.1823 -0.9826 0.0365
vn -0.1406 -0.9888 -0.0497
vn 0.3237 0.1459 -0.9348
vn 0.3337 -0.0931 -0.9381
vn 0.1784 -0.1445 -0.9733
vn 0.1451 0.1195 -0.9822
vn 0.2216 0.8715 -0.4374
vn 0.0655 0.6664 -0.7427
vn -0.3193 0.6346 -0.7038
vn -0.2434 0.8403 -0.4844
vn -0.5676 -0.8156 -0.1127
vn -0.6513 -0.7586 0.0188
vn -0.7278 -0.6850 -0.0330
vn -0.5668 -0.7814 -0.2612
vn 0.2964 -0.6569 -0.6933
vn 0.2056 -0.9340 -0.2923
vn 0.4853 -0.8355 -0.2578
vn 0.4235 -0.5755 -0.6996
vn -0.3213 0.8225 -0.4692
vn -0.3190 0.7128 -0.6246
vn 0.1098 0.7089 -0.6967
vn -0.0940 0.8746 -0.4756
vn -0.4008 -0.7964 -0.4528
vn -0.6003 -0.7908 -0.1197
vn -0.1796 -0.9538 -0.2407
vn -0.0372 -0.8026 -0.5953
vn 0.6433 0.5746 -0.5059
vn 0.6202 0.2828 -0.7317
vn 0.6447 0.2314 -0.7286
vn 0.7211 0.4549 -0.5226
vn 0.6143 -0.0862 -0.7843
vn 0.3922 -0.2471 -0.8861
vn 0.4632 -0.2233 -0.8576
vn 0.4665 -0.0898 -0.8800
vn 0.2962 0.8239 -0.4832
vn 0.4386 0.4847 -0.7568
vn 0.4730 0.4100 -0.7799
vn 0.4774 0.7234 -0.4988
vn 0.7657 0.3416 -0.5450
vn 0.6643 0.1892 -0.7231
vn 0.6928 0.1287 -0.7096
vn 0.7942 0.2140 -0.5687
vn 0.5035 -0.5401 -0.6744
vn 0.6611 -0.7229 -0.2010
vn 0.8756 -0.4620 -0.1411
vn 0.6958 -0.3725 -0.6141
vn 0.5563 -0.0745 -0.8276
vn 0.5460 -0.2009 -0.8133
vn 0.5767 -0.1928 -0.7939
vn 0.5687 -0.0710 -0.8195
vn 0.7609 -0.0894 -0.6427
vn 0.8118 0.0564 -0.5812
vn 0.7173 -0.0051 -0.6967
vn 0.6929 -0.1565 -0.7038
vn 0.8376 -0.1322 -0.5301
vn 0.9844 -0.1464 -0.0980
vn 0.9953 0.0577 -0.0772
vn 0.9120 0.0348 -0.4086
vn 0.5964 -0.0747 -0.7992
vn 0.6193 -0.1820 -0.7638
vn 0.6574 -0.1721 -0.7337
vn 0.6460 -0.0898 -0.7580
vn 0.0187 -0.1572 -0.9874
vn -0.0100 0.2442 -0.9697
vn -0.0927 0.2483 -0.9642
vn -0.0025 -0.1614 -0.9869
vn -0.2027 0.9783 -0.0423
vn -0.2096 0.9778 0.0008
vn -0.1904 0.9817 0.0057
vn -0.1891 0.9811 -0.0400
vn -0.0887 0.0979 -0.9912
vn -0.1380 0.1120 -0.9841
vn -0.0729 -0.1463 -0.9866
vn -0.0269 -0.1567 -0.9873
vn -0.0095 -0.9620 -0.2729
vn 0.0001 -0.6050 -0.7962
vn -0.0481 -0.6087 -0.7919
vn -0.0697 -0.9613 -0.2665
vn -0.2136 -0.9433 -0.2541
vn -0.1558 -0.6019 -0.7832
vn -0.2938 -0.5765 -0.7625
vn -0.3880 -0.8915 -0.2338
vn -0.1273 0.9881 -0.0864
vn -0.1179 0.9930 0.0118
vn -0.1652 0.9862 0.0104
vn -0.1715 0.9793 -0.1077
vn 0.1800 0.2568 -0.9496
vn 0.2198 0.1538 -0.9633
vn 0.3084 0.0973 -0.9463
vn 0.1746 0.2193 -0.9599
vn -0.1425 -0.1305 -0.9812
vn -0.2256 0.2625 -0.9382
vn -0.2503 0.2602 -0.9325
vn -0.2174 -0.1111 -0.9697
vn 0.0912 0.1865 -0.9782
vn 0.0111 0.3329 -0.9429
vn -0.1437 0.3413 -0.9289
vn -0.0187 0.2343 -0.9720
vn -0.8127 0.2618 0.5206
vn -0.4171 -0.0489 0.9075
vn -0.4021 -0.0769 0.9124
vn -0.8009 0.2175 0.5579
vn -0.4631 0.8825 -0.0817
vn -0.4595 0.8876 0.0303
vn -0.6266 0.7787 0.0306
vn -0.6416 0.7625 -0.0833
vn -0.2117 0.9734 -0.0877
vn -0.2076 0.9779 0.0249
vn -0.3125 0.9496 0.0252
vn -0.3193 0.9439 -0.0840
vn -0.9126 0.3994 -0.0870
vn -0.9038 0.3888 0.1786
vn -0.9174 0.3508 0.1879
vn -0.9322 0.3486 -0.0971
vn -0.8029 0.5896 -0.0877
vn -0.7809 0.6244 0.0212
vn -0.9062 0.4228 0.0043
vn -0.9162 0.3905 -0.0898
vn -0.1143 0.2660 -0.9572
vn -0.1996 0.3516 -0.9146
vn -0.2462 0.3662 -0.8974
vn -0.3887 0.2029 -0.8988
vn -0.1003 -0.2210 0.9701
vn -0.0033 -0.2541 0.9672
vn -0.0470 -0.2465 0.9680
vn -0.1345 -0.2159 0.9671
vn -0.8902 -0.4162 -0.1852
vn -0.9816 0.1655 -0.0955
vn -0.9808 0.1947 -0.0067
vn -0.9793 0.1093 -0.1701
vn -0.9150 -0.4029 0.0230
vn -0.9040 -0.2432 -0.3516
vn -0.8671 -0.2748 -0.4154
vn -0.9052 -0.4195 -0.0682
vn -0.4756 0.0911 -0.8749
vn -0.2752 0.3799 -0.8831
vn -0.3875 0.3763 -0.8416
vn -0.6079 0.0544 -0.7921
vn -0.1407 0.9851 -0.0991
vn -0.1360 0.9846 -0.1098
vn -0.1377 0.9902 0.0251
vn -0.1410 0.9897 0.0248
vn -0.2296 0.9658 -0.1200
vn -0.2369 0.9714 0.0148
vn -0.2874 0.9576 0.0218
vn -0.2775 0.9531 -0.1206
vn -0.2858 -0.0923 -0.9538
vn -0.2616 0.2534 -0.9313
vn -0.2553 0.2438 -0.9356
vn -0.3137 -0.0758 -0.9465
vn -0.5558 -0.8051 -0.2072
vn -0.4332 -0.5347 -0.7255
vn -0.5067 -0.5023 -0.7007
vn -0.6509 -0.7367 -0.1833
vn -0.1893 0.9172 -0.3505
vn -0.1701 0.9004 -0.4005
vn -0.2064 0.5816 -0.7868
vn -0.1959 0.6054 -0.7715
vn -0.1562 0.7889 -0.5943
vn -0.0726 0.4180 -0.9055
vn -0.1850 0.4170 -0.8899
vn -0.2394 0.7668 -0.5956
vn -0.0273 0.1860 -0.9822
vn 0.1030 0.0054 -0.9947
vn -0.1939 -0.0503 -0.9797
vn -0.2077 0.1585 -0.9653
vn -0.3408 -0.9227 0.1801
vn -0.5069 -0.8590 0.0722
vn -0.6904 -0.7228 0.0292
vn -0.6366 -0.7696 0.0498
vn 0.1729 -0.5550 -0.8137
vn -0.1215 -0.9840 -0.1305
vn -0.5669 -0.8044 -0.1779
vn -0.3526 -0.5299 -0.7713
vn -0.2144 0.9764 0.0261
vn -0.2133 0.9702 -0.1150
vn -0.2869 0.9507 -0.1177
vn -0.2936 0.9556 0.0256
vn -0.1453 0.9893 0.0082
vn -0.1160 0.9932 0.0105
vn -0.1205 0.9904 -0.0674
vn -0.1509 0.9872 -0.0510
vn -0.5702 -0.8214 0.0111
vn -0.5694 -0.8220 -0.0035
vn -0.6737 -0.7390 0.0044
vn -0.6821 -0.7312 0.0117
vn -0.2455 0.4691 -0.8484
vn -0.2376 0.7989 -0.5526
vn -0.2541 0.7724 -0.5821
vn -0.2324 0.4365 -0.8692
vn 0.0542 0.4789 -0.8762
vn 0.0470 0.4343 -0.8996
vn -0.0709 0.8161 -0.5735
vn -0.0805 0.8425 -0.5327
vn -0.6994 -0.7000 0.1443
vn -0.7992 -0.5751 0.1747
vn -0.8112 -0.5847 -0.0117
vn -0.6272 -0.7785 0.0248
vn -0.8760 -0.1160 -0.4682
vn -0.7574 0.2859 -0.5870
vn -0.9516 0.1909 -0.2409
vn -0.9518 -0.2740 -0.1377
vn -0.2722 -0.9415 0.1987
vn -0.2329 -0.8078 0.5415
vn -0.7017 -0.6011 0.3825
vn -0.5976 -0.7763 0.2009
vn -0.4882 0.4499 -0.7478
vn -0.7593 0.5487 -0.3499
vn -0.8674 0.3918 -0.3068
vn -0.5936 0.4257 -0.6830
vn 0.0553 -0.9921 0.1126
vn 0.0700 -0.8723 0.4840
vn 0.0225 -0.8585 0.5124
vn -0.0297 -0.9896 0.1410
vn -0.0608 0.5338 -0.8434
vn -0.1732 0.8592 -0.4814
vn -0.2995 0.8447 -0.4436
vn -0.2112 0.5505 -0.8077
vn -0.2923 0.5413 -0.7884
vn -0.4194 0.8047 -0.4201
vn -0.5582 0.7315 -0.3916
vn -0.3507 0.5165 -0.7812
vn -0.1923 -0.9755 0.1067
vn -0.0242 -0.9301 0.3666
vn 0.0570 -0.8858 0.4606
vn 0.0164 -0.9938 0.1103
vn -0.2250 0.5468 -0.8065
vn -0.1786 0.8723 -0.4552
vn -0.2094 0.8354 -0.5082
vn -0.2416 0.5071 -0.8274
vn -0.2405 -0.9706 0.0023
vn -0.2325 -0.9723 -0.0243
vn -0.4068 -0.9134 -0.0121
vn -0.4156 -0.9095 0.0080
vn -0.0137 -0.9994 -0.0326
vn -0.0781 -0.9965 -0.0311
vn -0.0800 -0.9968 0.0002
vn -0.0956 0.6253 -0.7745
vn -0.1820 0.9343 -0.3065
vn -0.2023 0.9275 -0.3142
vn -0.1669 0.6200 -0.7666
vn 0.6412 -0.1428 -0.7539
vn 0.5900 -0.1057 -0.8004
vn 0.6843 -0.0606 -0.7267
vn 0.6707 -0.1461 -0.7272
vn 0.9939 0.0092 -0.1101
vn 0.9844 0.0555 -0.1670
vn 0.9239 0.0737 -0.3755
vn 0.9309 0.0047 -0.3653
vn 0.5171 -0.2458 -0.8199
vn 0.4423 -0.3231 -0.8367
vn 0.5075 -0.2201 -0.8331
vn 0.5824 -0.1844 -0.7917
vn 0.8453 0.5170 -0.1346
vn 0.8286 0.4494 -0.3339
vn 0.8867 0.2757 -0.3713
vn 0.9340 0.3172 -0.1641
vn 0.2660 0.9625 -0.0535
vn 0.2749 0.9358 -0.2205
vn 0.4964 0.8373 -0.2291
vn 0.4946 0.8670 -0.0607
vn 0.6226 0.7787 -0.0774
vn 0.6375 0.7268 -0.2556
vn 0.7479 0.5964 -0.2913
vn 0.7409 0.6636 -0.1037
vn 0.0503 -0.3857 -0.9213
vn -0.0876 -0.6051 -0.7913
vn 0.1642 -0.5395 -0.8258
vn 0.2254 -0.3631 -0.9041
vn -0.3147 0.9472 -0.0610
vn -0.3172 0.9208 -0.2269
vn -0.0960 0.9704 -0.2218
vn -0.0918 0.9942 -0.0562
vn 0.3590 -0.3386 -0.8698
vn 0.3542 -0.4294 -0.8307
vn 0.4157 -0.3769 -0.8277
vn 0.4496 -0.3002 -0.8413
vn -0.0278 -0.4843 -0.8744
vn -0.3354 -0.7516 -0.5680
vn -0.3311 -0.6517 -0.6824
vn -0.0681 -0.4282 -0.9011
vn 0.1477 0.9881 -0.0419
vn 0.2073 0.9628 -0.1732
vn -0.2641 0.9375 -0.2265
vn -0.2914 0.9547 -0.0607
vn 0.4417 -0.4489 -0.7767
vn 0.4410 -0.8201 -0.3647
vn 0.0425 -0.8700 -0.4913
vn 0.2166 -0.4905 -0.8441
vn 0.7649 0.6440 -0.0123
vn 0.7589 0.6424 -0.1062
vn 0.6520 0.7501 -0.1105
vn 0.6414 0.7670 -0.0179
vn 0.7466 0.6651 -0.0139
vn 0.6581 0.7528 -0.0163
vn 0.6499 0.7482 -0.1338
vn 0.7380 0.6637 -0.1216
vn 0.6038 -0.7963 0.0360
vn 0.5382 -0.8416 0.0441
vn 0.5394 -0.8417 0.0244
vn 0.5953 -0.8032 0.0211
vn 0.6422 -0.4248 -0.6381
vn 0.5547 -0.8175 -0.1547
vn 0.5762 -0.7833 -0.2332
vn 0.5193 -0.4322 -0.7372
vn 0.1456 0.9892 -0.0188
vn 0.1458 0.9784 -0.1465
vn 0.4443 0.8845 -0.1421
vn 0.4490 0.8934 -0.0179
vn -0.0102 -0.9994 -0.0340
vn -0.0237 -0.9992 -0.0333
vn -0.0904 -0.9831 0.1590
vn 0.0454 -0.9693 0.2415
vn -0.0112 -0.5365 0.8438
vn -0.5403 -0.5324 0.6516
vn -0.0190 0.9998 -0.0106
vn -0.0080 0.9953 -0.0962
vn 0.0101 0.9933 -0.1148
vn -0.0002 0.9999 -0.0137
vn -0.1039 0.9946 -0.0072
vn -0.1762 0.9843 -0.0036
vn -0.1669 0.9844 -0.0563
vn -0.0932 0.9928 -0.0758
vn 0.0345 -0.9994 -0.0002
vn 0.0563 -0.9984 -0.0009
vn 0.0531 -0.9982 -0.0265
vn 0.0346 -0.9988 -0.0337
vn -0.7494 -0.5088 -0.4237
vn -0.3406 -0.9389 -0.0491
vn -0.8413 -0.5165 0.1594
vn -0.9006 -0.3766 -0.2168
vn -0.0472 0.9988 -0.0164
vn -0.0381 0.9908 -0.1301
vn -0.0251 0.9896 -0.1414
vn -0.0311 0.9994 -0.0182
vn 0.9347 0.1699 0.3122
vn 0.9441 0.3060 -0.1225
vn 0.9539 0.2861 -0.0906
vn 0.8984 0.1484 0.4134
vn -0.5561 -0.3604 0.7489
vn 0.0670 -0.2753 0.9590
vn 0.1604 -0.2534 0.9540
vn -0.4568 -0.4382 0.7741
vn 0.1555 -0.9713 0.1801
vn 0.3369 -0.9267 0.1665
vn 0.6286 -0.5299 0.5693
vn 0.2541 -0.6487 0.7174
vn -0.1138 0.0185 -0.9933
vn -0.5119 -0.1136 -0.8515
vn -0.6466 -0.1983 -0.7366
vn -0.1549 -0.0396 -0.9871
vn 0.6050 -0.0090 -0.7962
vn 0.1426 0.0437 -0.9888
vn 0.1589 0.0269 -0.9869
vn 0.7028 0.0983 -0.7045
vn 0.7269 -0.6858 0.0356
vn 0.9220 -0.2373 -0.3061
vn 0.9822 0.1007 -0.1584
vn 0.9654 -0.1318 0.2249
vn -0.7492 -0.6460 -0.1462
vn -0.6954 -0.6719 0.2549
vn -0.4685 -0.8241 0.3183
vn -0.5675 -0.8197 -0.0771
vn 0.3746 -0.3032 0.8762
vn 0.5416 -0.1972 0.8172
vn 0.4791 -0.1670 0.8617
vn 0.3202 -0.3031 0.8976
vn -0.1527 -0.0731 -0.9856
vn -0.6490 -0.2658 -0.7129
vn -0.6179 -0.3564 -0.7009
vn -0.1183 -0.1356 -0.9837
vn 0.3159 -0.2751 0.9081
vn 0.6906 -0.0966 0.7167
vn 0.6277 -0.1062 0.7711
vn 0.3487 -0.2330 0.9078
vn -0.9087 -0.3718 -0.1901
vn -0.8977 -0.3937 0.1979
vn -0.8315 -0.5104 0.2194
vn -0.8584 -0.4817 -0.1763
vn 0.6960 0.2417 -0.6762
vn 0.1692 0.0437 -0.9846
vn 0.1989 -0.0247 -0.9797
vn 0.7108 0.1953 -0.6758
vn 0.7274 0.1394 0.6719
vn 0.9516 0.3074 0.0006
vn 0.9925 0.1004 0.0695
vn 0.7154 0.0636 0.6958
vn -0.2368 -0.9698 -0.0586
vn -0.1120 -0.8835 0.4549
vn -0.1492 -0.7724 0.6174
vn -0.4646 -0.8775 -0.1189
vn 0.7092 0.1509 -0.6886
vn 0.2066 -0.1366 -0.9689
vn -0.0116 -0.2924 -0.9562
vn 0.6558 0.1793 -0.7334
vn -0.2953 -0.5801 0.7592
vn 0.2655 -0.3423 0.9013
vn 0.2776 -0.4378 0.8551
vn -0.0714 -0.6871 0.7231
vn 0.8437 0.0862 0.5298
vn 0.9632 0.2619 -0.0600
vn 0.9515 0.3058 -0.0338
vn 0.7772 0.0847 0.6236
vn -0.0598 -0.3006 -0.9519
vn -0.5312 -0.5343 -0.6576
vn -0.3674 -0.7720 -0.5187
vn -0.1500 -0.6293 -0.7626
vn -0.0590 -0.9972 -0.0450
vn -0.1279 -0.6762 0.7255
vn 0.6265 -0.3482 0.6973
vn 0.7201 -0.6939 0.0039
vn -0.8706 -0.4832 -0.0928
vn -0.5790 -0.5330 0.6170
vn -0.5710 -0.4030 0.7153
vn -0.8676 -0.4964 -0.0279
vn 0.1003 -0.2572 0.9611
vn 0.4730 -0.0028 0.8811
vn 0.4415 -0.0369 0.8965
vn -0.1680 -0.2934 0.9411
vn 0.5862 0.1575 -0.7947
vn -0.3983 -0.2658 -0.8779
vn -0.3373 -0.5126 -0.7896
vn 0.6295 -0.2168 -0.7462
vn -0.2352 -0.0574 -0.9703
vn -0.7709 -0.0086 -0.6369
vn -0.9874 0.0340 -0.1542
vn -0.9872 0.0346 0.1558
vn -0.0427 -0.0668 0.9969
vn -0.0065 -0.0683 0.9976
vn -0.3675 -0.0413 -0.9291
vn -0.8102 0.2702 -0.5201
vn -0.8140 0.1985 -0.5459
vn -0.3750 -0.0950 -0.9222
vn 0.1215 -0.3090 0.9433
vn 0.4734 -0.4940 0.7293
vn 0.5164 -0.4751 0.7125
vn 0.1013 -0.3042 0.9472
vn 0.7491 -0.6164 0.2428
vn 0.7752 -0.5995 -0.1992
vn 0.8060 -0.5582 -0.1971
vn 0.7959 -0.5634 0.2217
vn 0.5202 -0.4485 -0.7268
vn 0.1776 -0.2559 -0.9503
vn 0.1331 -0.2915 -0.9473
vn 0.5365 -0.4608 -0.7070
vn 0.0616 -0.2190 -0.9738
vn -0.0497 -0.1939 -0.9798
vn -0.1081 -0.2184 -0.9699
vn -0.0144 -0.2429 -0.9700
vn 0.1509 0.0554 -0.9870
vn 0.0664 0.0767 -0.9948
vn 0.0337 -0.1126 -0.9931
vn 0.1367 -0.1238 -0.9828
vn 0.4629 -0.1083 -0.8798
vn 0.2260 0.0340 -0.9735
vn 0.2115 -0.1413 -0.9671
vn 0.5015 -0.3491 -0.7916
vn 0.5635 -0.8206 0.0954
vn 0.6616 -0.5530 -0.5065
vn 0.7375 -0.6155 -0.2778
vn 0.6737 -0.7050 0.2216
vn 0.1234 -0.6157 0.7783
vn 0.3003 -0.7578 0.5793
vn 0.4110 -0.5760 0.7066
vn 0.1340 -0.3886 0.9116
vn -0.1674 0.0959 -0.9812
vn -0.7397 0.0524 -0.6709
vn -0.8339 0.1282 -0.5369
vn -0.2982 -0.0294 -0.9540
vn 0.0208 -0.5545 0.8319
vn 0.0703 -0.5646 0.8224
vn 0.0410 -0.3358 0.9410
vn -0.0466 -0.3127 0.9487
vn -0.9805 -0.0545 -0.1888
vn -0.9805 -0.1499 0.1271
vn -0.9763 0.1402 0.1648
vn -0.9815 0.1639 -0.0987
vn -0.8405 -0.2634 0.4735
vn -0.3021 -0.5080 0.8066
vn -0.3994 -0.1835 0.8982
vn -0.8639 0.0592 0.5002
vn -0.8883 -0.2486 -0.3860
vn -0.8883 -0.2486 0.3860
vn 0.9665 0.0880 0.2412
vn 0.9665 0.0881 -0.2411
vn 0.1270 -0.0619 0.9900
vn 0.6118 0.0004 0.7910
vn -0.7708 -0.0077 0.6370
vn -0.2355 -0.0573 0.9702
vn -0.0063 -0.0681 -0.9977
vn -0.0425 -0.0667 -0.9969
vn 0.6119 0.0007 -0.7909
vn 0.1273 -0.0616 -0.9899
vn 0.5500 -0.4471 -0.7054
vn 0.0973 -0.2866 -0.9531
vn 0.1126 -0.1879 -0.9757
vn 0.6244 -0.2622 -0.7357
vn -0.0572 -0.2377 -0.9697
vn -0.1317 -0.2212 -0.9663
vn -0.0944 -0.1531 -0.9837
vn -0.0418 -0.1613 -0.9860
vn -0.8436 0.0434 0.5352
vn -0.4015 -0.1399 0.9051
vn -0.3385 -0.1244 0.9327
vn -0.8415 -0.0366 0.5391
vn 0.0837 -0.2922 0.9527
vn 0.5440 -0.4542 0.7056
vn 0.6228 -0.2645 0.7363
vn 0.1089 -0.1900 0.9757
vn 0.8267 -0.5256 0.2009
vn 0.8287 -0.5241 -0.1963
vn 0.9396 -0.2758 -0.2027
vn 0.9394 -0.2762 0.2031
vn -0.1437 -0.2182 0.9653
vn -0.0700 -0.2391 0.9685
vn -0.0448 -0.1622 0.9857
vn -0.0971 -0.1529 0.9834
vn -0.9889 0.1114 -0.0979
vn -0.9794 0.1225 0.1604
vn -0.9911 0.0130 0.1323
vn -0.9934 0.0084 -0.1142
vn -0.3866 -0.1549 -0.9091
vn -0.8531 0.0166 -0.5215
vn -0.8429 -0.0458 -0.5361
vn -0.3336 -0.1276 -0.9340
vn 0.9322 0.0044 -0.3619
vn 0.9888 -0.0203 -0.1477
vn -0.9813 0.0225 -0.1911
vn -0.8239 0.1442 -0.5481
vn -0.2023 0.2397 -0.9495
vn -0.0573 0.2502 -0.9665
vn -0.2733 0.1474 -0.9506
vn -0.2670 0.1443 -0.9528
vn -0.4211 0.3028 -0.8550
vn -0.2276 0.3303 -0.9160
vn -0.9974 0.0564 -0.0437
vn -0.9910 -0.0254 -0.1313
vn -0.1930 0.3275 -0.9249
vn -0.1504 0.3145 -0.9373
vn -0.1125 0.2936 -0.9493
vn 0.0324 0.2765 -0.9605
vn -0.2363 0.1376 -0.9619
vn -0.1925 0.1258 -0.9732
vn 0.1122 0.2705 -0.9562
vn 0.1374 0.3080 -0.9414
vn -0.1845 0.2618 -0.9473
vn -0.1445 0.2566 -0.9556
vn -0.0427 0.0849 -0.9955
vn 0.0135 0.0814 -0.9966
vn 0.6398 -0.0028 -0.7686
vn 0.6074 0.0353 -0.7936
vn 0.7075 -0.0868 -0.7014
vn 0.8032 -0.0324 -0.5948
vn 0.6040 0.0467 -0.7956
vn 0.6059 0.0456 -0.7943
vn 0.4894 0.0607 -0.8699
vn 0.6777 0.0879 -0.7300
vn 0.2287 0.3104 -0.9227
vn 0.3855 0.3010 -0.8722
vn 0.9861 0.0036 -0.1660
vn -0.9876 0.0319 -0.1537
vn -0.5539 0.1531 -0.8184
vn -0.1241 0.2768 -0.9529
vn 0.3680 0.2778 -0.8873
vn 0.4018 0.2884 -0.8691
vn 0.1012 0.2849 -0.9532
vn 0.1125 0.2857 -0.9517
vn 0.1293 0.2802 -0.9512
vn 0.1251 0.2685 -0.9551
vn 0.0623 0.0926 -0.9937
vn 0.0750 0.1163 -0.9904
vn 0.2475 0.2803 -0.9275
vn 0.1285 0.2825 -0.9506
vn 0.9963 -0.0116 -0.0850
vn -0.3249 0.4133 0.8506
vn 0.5006 -0.7604 -0.4138
vn -0.9896 0.0577 -0.1318
vn 0.9871 0.1256 -0.0989
vn -0.0994 -0.7289 -0.6774
vn -0.9401 -0.2271 -0.2542
vn 0.5746 0.8067 0.1380
vn -0.1960 -0.4039 -0.8936
vn 0.6241 -0.3473 -0.6999
vn 0.6397 -0.1817 -0.7468
vn -0.3774 -0.0829 -0.9223
vn 0.9996 0.0270 -0.0033
vn -0.0531 -0.8969 -0.4391
vn 0.6414 0.0414 -0.7661
vn -0.9510 -0.2499 -0.1821
vn -0.4688 0.8804 0.0711
vn 0.7762 0.6285 0.0496
vn -0.9495 0.3098 -0.0502
vn 0.9943 -0.0916 0.0541
vn -0.4347 0.2406 -0.8678
vn 0.5708 0.2272 0.7890
vn -0.0009 0.0128 -0.9999
vn 0.5260 -0.7306 -0.4354
vn -0.4053 -0.2665 -0.8745
vn -0.8459 0.4930 -0.2034
vn 0.8389 -0.3875 -0.3823
vn -0.9101 0.3279 -0.2536
vn -0.5259 -0.6296 -0.5719
vn -0.0471 -0.0169 -0.9987
vn 0.7479 -0.5900 -0.3040
vt 0.559607 0.707544
vt 0.529616 0.707839
vt 0.525981 0.706542
vt 0.553458 0.705707
vt 0.500000 0.708409
vt 0.492495 0.706812
vt 0.500000 0.706680
vt 0.522569 0.704951
vt 0.545139 0.703221
vt 0.437500 0.708409
vt 0.446717 0.705419
vt 0.375000 0.708409
vt 0.405264 0.700817
vt 0.409722 0.699763
vt 0.454861 0.703221
vt 0.446711 0.705417
vt 0.492525 0.706824
vt 0.405141 0.700830
vt 0.375000 0.708409
vt 0.437500 0.708409
vt 0.500000 0.708409
vt 0.526162 0.706608
vt 0.553819 0.705815
vt 0.531250 0.708409
vt 0.562500 0.708409
vt 0.625000 0.653006
vt 0.624566 0.665465
vt 0.624789 0.665723
vt 0.624940 0.654303
vt 0.624132 0.677923
vt 0.624632 0.678761
vt 0.625000 0.678139
vt 0.625000 0.665573
vt 0.622270 0.692540
vt 0.624578 0.693238
vt 0.625000 0.708409
vt 0.625000 0.708409
vt 0.625000 0.708409
vt 0.625000 0.693274
vt 0.623336 0.692692
vt 0.624566 0.678812
vt 0.614831 0.703626
vt 0.610050 0.702207
vt 0.620310 0.691891
vt 0.623264 0.678531
vt 0.624760 0.665759
vt 0.624922 0.654420
vt 0.624325 0.665651
vt 0.624807 0.654457
vt 0.338535 0.652339
vt 0.332474 0.643410
vt 0.355422 0.641709
vt 0.358884 0.646523
vt 0.333926 0.636816
vt 0.356604 0.636662
vt 0.367832 0.636555
vt 0.367349 0.640299
vt 0.368672 0.643801
vt 0.343844 0.631117
vt 0.363285 0.632242
vt 0.375000 0.625000
vt 0.374566 0.628233
vt 0.374132 0.631465
vt 0.370475 0.633414
vt 0.373499 0.633910
vt 0.372780 0.636501
vt 0.374566 0.631759
vt 0.375000 0.632053
vt 0.374618 0.634097
vt 0.374443 0.636513
vt 0.368672 0.643801
vt 0.367349 0.640299
vt 0.372682 0.639617
vt 0.373091 0.642595
vt 0.367832 0.636555
vt 0.372780 0.636501
vt 0.374442 0.636513
vt 0.374427 0.639468
vt 0.374529 0.642312
vt 0.438991 0.743936
vt 0.436447 0.793831
vt 0.375000 0.781307
vt 0.490078 0.753670
vt 0.489645 0.800315
vt 0.489583 0.861265
vt 0.436198 0.858617
vt 0.375000 0.854205
vt 0.559679 0.746103
vt 0.589926 0.736801
vt 0.593339 0.789073
vt 0.562147 0.794919
vt 0.625000 0.708409
vt 0.625000 0.781307
vt 0.625000 0.854205
vt 0.593750 0.856558
vt 0.562500 0.858911
vt 0.593750 0.927776
vt 0.562500 0.928450
vt 0.625000 0.927102
vt 0.625000 1.000000
vt 0.593750 1.000000
vt 0.562500 1.000000
vt 0.436415 0.928366
vt 0.375000 0.927102
vt 0.490451 0.929124
vt 0.500000 1.000000
vt 0.437500 1.000000
vt 0.375000 1.000000
vt 0.173816 0.654444
vt 0.209393 0.654345
vt 0.208596 0.665778
vt 0.172779 0.665842
vt 0.251991 0.654104
vt 0.251539 0.665594
vt 0.250741 0.678858
vt 0.205293 0.678951
vt 0.168135 0.678984
vt 0.296235 0.653574
vt 0.295410 0.665259
vt 0.251539 0.665594
vt 0.332478 0.665143
vt 0.333950 0.678349
vt 0.296506 0.678665
vt 0.250741 0.678858
vt 0.302341 0.693196
vt 0.250249 0.693329
vt 0.343903 0.692427
vt 0.312500 0.708409
vt 0.250000 0.708409
vt 0.168135 0.678984
vt 0.205293 0.678951
vt 0.198233 0.693364
vt 0.156724 0.693377
vt 0.187500 0.708409
vt 0.125000 0.708409
vt 0.674286 0.654351
vt 0.711893 0.654121
vt 0.710906 0.665556
vt 0.672758 0.665641
vt 0.760007 0.653338
vt 0.759552 0.664993
vt 0.757813 0.678559
vt 0.707071 0.678761
vt 0.666980 0.678560
vt 0.760007 0.653338
vt 0.815596 0.651425
vt 0.815444 0.663695
vt 0.759552 0.664993
vt 0.875000 0.646158
vt 0.875000 0.661720
vt 0.875000 0.677283
vt 0.814887 0.678014
vt 0.757813 0.678559
vt 0.813836 0.693065
vt 0.754395 0.693224
vt 0.875000 0.692846
vt 0.875000 0.708409
vt 0.812500 0.708409
vt 0.750000 0.708409
vt 0.707071 0.678761
vt 0.699050 0.693221
vt 0.653984 0.692630
vt 0.687500 0.708409
vt 0.674286 0.654351
vt 0.672758 0.665641
vt 0.647284 0.665526
vt 0.649125 0.654411
vt 0.666980 0.678560
vt 0.640622 0.677976
vt 0.625868 0.677275
vt 0.632841 0.665418
vt 0.634597 0.654436
vt 0.626506 0.690889
vt 0.605738 0.703026
vt 0.591146 0.700775
vt 0.608507 0.689025
vt 0.625868 0.677275
vt 0.615804 0.690702
vt 0.625000 0.677599
vt 0.602865 0.701205
vt 0.626809 0.665464
vt 0.627767 0.654353
vt 0.624132 0.677923
vt 0.559679 0.746103
vt 0.528599 0.752549
vt 0.525953 0.725448
vt 0.553743 0.719663
vt 0.490078 0.753670
vt 0.491005 0.726890
vt 0.491561 0.714701
vt 0.524083 0.713105
vt 0.545573 0.706185
vt 0.438990 0.743936
vt 0.446093 0.721124
vt 0.405076 0.711342
vt 0.409722 0.709205
vt 0.449303 0.712851
vt 0.444815 0.709681
vt 0.491005 0.709942
vt 0.392361 0.708807
vt 0.438671 0.708703
vt 0.490078 0.708723
vt 0.526011 0.709087
vt 0.554037 0.707297
vt 0.528834 0.708493
vt 0.562500 0.708409
vt 0.374529 0.642312
vt 0.374427 0.639468
vt 0.374928 0.639657
vt 0.374941 0.642553
vt 0.374930 0.636626
vt 0.375000 0.636963
vt 0.375000 0.640430
vt 0.375000 0.643507
vt 0.374954 0.634286
vt 0.374991 0.633295
vt 0.375000 0.633460
vt 0.375000 0.634426
vt 0.375000 0.634556
vt 0.375000 0.637486
vt 0.375000 0.633415
vt 0.375000 0.632052
vt 0.375000 0.634474
vt 0.375000 0.636895
vt 0.375000 0.642072
vt 0.375000 0.647298
vt 0.375000 0.643992
vt 0.375000 0.651089
vt 0.173816 0.654444
vt 0.172779 0.665842
vt 0.148573 0.665865
vt 0.149391 0.654504
vt 0.168135 0.678984
vt 0.144944 0.678994
vt 0.132909 0.678995
vt 0.134621 0.665872
vt 0.135031 0.654544
vt 0.136983 0.693381
vt 0.144944 0.678994
vt 0.125000 0.708409
vt 0.129461 0.693381
vt 0.132909 0.678995
vt 0.126344 0.693363
vt 0.127416 0.678924
vt 0.125000 0.708409
vt 0.125000 0.693274
vt 0.125000 0.678139
vt 0.135031 0.654544
vt 0.134621 0.665872
vt 0.128036 0.665857
vt 0.128201 0.654566
vt 0.125723 0.665787
vt 0.125820 0.654576
vt 0.530055 0.708423
vt 0.562471 0.708411
vt 0.490513 0.708448
vt 0.500000 0.708409
vt 0.531033 0.708409
vt 0.562500 0.708409
vt 0.436664 0.708444
vt 0.375000 0.708409
vt 0.375000 0.708409
vt 0.437500 0.708409
vt 0.439236 0.708335
vt 0.392363 0.707661
vt 0.500000 0.708409
vt 0.531069 0.708343
vt 0.562138 0.708301
vt 0.000000 0.000000
vt 0.623675 0.665313
vt 0.624681 0.654112
vt 0.620901 0.677808
vt 0.621528 0.677132
vt 0.623264 0.664784
vt 0.625000 0.652436
vt 0.613932 0.690305
vt 0.600845 0.700074
vt 0.590278 0.699763
vt 0.605903 0.688448
vt 0.614728 0.690283
vt 0.621335 0.677064
vt 0.602334 0.700593
vt 0.625000 0.692846
vt 0.625000 0.677283
vt 0.625000 0.652436
vt 0.623939 0.663238
vt 0.625000 0.649297
vt 0.625000 0.661720
vt 0.625000 0.646157
vt 0.375000 0.644430
vt 0.375000 0.651660
vt 0.375000 0.638261
vt 0.375000 0.636975
vt 0.375000 0.644603
vt 0.375000 0.652230
vt 0.375000 0.634480
vt 0.375000 0.632053
vt 0.375000 0.631759
vt 0.375000 0.631465
vt 0.375000 0.634220
vt 0.375000 0.632322
vt 0.375000 0.636954
vt 0.375000 0.628232
vt 0.375000 0.625000
vt 0.375000 0.630289
vt 0.375000 0.635579
vt 0.375000 0.642803
vt 0.375000 0.649194
vt 0.375000 0.640868
vt 0.375000 0.646158
vt 0.541667 0.701924
vt 0.520833 0.703870
vt 0.520699 0.704021
vt 0.542896 0.702357
vt 0.500000 0.705815
vt 0.493429 0.704374
vt 0.492284 0.704987
vt 0.522184 0.704793
vt 0.546296 0.703438
vt 0.458333 0.701924
vt 0.457261 0.701915
vt 0.416667 0.698034
vt 0.422107 0.696456
vt 0.418089 0.697510
vt 0.454075 0.702890
vt 0.447248 0.705120
vt 0.491983 0.706482
vt 0.406830 0.700440
vt 0.375000 0.708409
vt 0.500000 0.708409
vt 0.525763 0.706371
vt 0.553313 0.705599
vt 0.496528 0.707544
vt 0.498264 0.707977
vt 0.499409 0.707992
vt 0.497161 0.707810
vt 0.509018 0.708277
vt 0.509838 0.708265
vt 0.499638 0.707995
vt 0.497685 0.707833
vt 0.434920 0.708199
vt 0.481373 0.708040
vt 0.375000 0.708409
vt 0.375000 0.708409
vt 0.375000 0.708409
vt 0.435764 0.707977
vt 0.496528 0.707545
vt 0.436632 0.708193
vt 0.375000 0.708409
vt 0.375000 0.708409
vt 0.437500 0.708409
vt 0.609713 0.700333
vt 0.607495 0.703869
vt 0.600942 0.702310
vt 0.625000 0.708409
vt 0.610687 0.707037
vt 0.613333 0.707371
vt 0.607763 0.704309
vt 0.601852 0.702645
vt 0.625000 0.646158
vt 0.623656 0.663137
vt 0.625000 0.649297
vt 0.620539 0.676906
vt 0.617091 0.676614
vt 0.622584 0.664290
vt 0.625000 0.652436
vt 0.613914 0.690033
vt 0.601321 0.700106
vt 0.589651 0.696960
vt 0.606029 0.688186
vt 0.602376 0.687406
vt 0.615765 0.676502
vt 0.584467 0.695878
vt 0.583333 0.698034
vt 0.601563 0.687438
vt 0.619792 0.676842
vt 0.622070 0.664840
vt 0.624343 0.653905
vt 0.622396 0.664925
vt 0.375000 0.642868
vt 0.375000 0.649297
vt 0.375000 0.636987
vt 0.375000 0.637027
vt 0.375000 0.644731
vt 0.375000 0.652436
vt 0.375000 0.632336
vt 0.375000 0.628233
vt 0.375000 0.631465
vt 0.375000 0.634246
vt 0.375000 0.634785
vt 0.375000 0.638716
vt 0.375000 0.631465
vt 0.375000 0.633249
vt 0.375000 0.634872
vt 0.375000 0.638990
vt 0.375000 0.652436
vt 0.375066 0.645236
vt 0.375657 0.653906
vt 0.375017 0.645343
vt 0.375000 0.653006
vt 0.525763 0.706371
vt 0.553313 0.705599
vt 0.491983 0.706482
vt 0.492284 0.704987
vt 0.522184 0.704793
vt 0.546296 0.703437
vt 0.447242 0.705113
vt 0.406696 0.700400
vt 0.418065 0.697476
vt 0.454071 0.702886
vt 0.457260 0.701913
vt 0.493429 0.704374
vt 0.422104 0.696442
vt 0.542896 0.702357
vt 0.625000 0.653007
vt 0.622137 0.664720
vt 0.625000 0.652721
vt 0.615765 0.676502
vt 0.617091 0.676614
vt 0.622601 0.664260
vt 0.602376 0.687406
vt 0.584467 0.695878
vt 0.589651 0.696960
vt 0.606029 0.688186
vt 0.613914 0.690033
vt 0.620539 0.676906
vt 0.601321 0.700105
vt 0.625000 0.692846
vt 0.625000 0.677283
vt 0.375000 0.645335
vt 0.375000 0.653007
vt 0.375000 0.638901
vt 0.375000 0.637316
vt 0.375000 0.645162
vt 0.375000 0.653007
vt 0.375000 0.634858
vt 0.375000 0.632053
vt 0.375000 0.632053
vt 0.375000 0.634685
vt 0.375000 0.634864
vt 0.375000 0.638905
vt 0.375000 0.632053
vt 0.375000 0.634889
vt 0.375000 0.639023
vt 0.375040 0.645489
vt 0.375378 0.654346
vt 0.375027 0.645511
vt 0.375217 0.654455
vt 0.375000 0.646157
vt 0.375000 0.642017
vt 0.375000 0.641454
vt 0.375000 0.646157
vt 0.375000 0.637626
vt 0.375000 0.637289
vt 0.375000 0.636933
vt 0.375000 0.641358
vt 0.375000 0.634620
vt 0.375000 0.634327
vt 0.375000 0.633520
vt 0.375000 0.633173
vt 0.375000 0.631465
vt 0.375000 0.633563
vt 0.375000 0.632094
vt 0.375000 0.636336
vt 0.375000 0.630289
vt 0.375000 0.635579
vt 0.375000 0.641388
vt 0.375000 0.649062
vt 0.375000 0.640868
vt 0.375000 0.646157
vt 0.623939 0.661456
vt 0.621335 0.676371
vt 0.621528 0.676419
vt 0.623264 0.661288
vt 0.625000 0.646158
vt 0.615476 0.690042
vt 0.609713 0.700333
vt 0.605903 0.688091
vt 0.614787 0.690303
vt 0.620901 0.676263
vt 0.590278 0.699763
vt 0.607639 0.704086
vt 0.621938 0.692084
vt 0.623264 0.676851
vt 0.623709 0.661399
vt 0.624348 0.661632
vt 0.625000 0.646157
vt 0.375010 0.645322
vt 0.375081 0.654194
vt 0.375000 0.638814
vt 0.375000 0.637174
vt 0.375000 0.644805
vt 0.375000 0.652436
vt 0.375000 0.634826
vt 0.375000 0.632053
vt 0.375000 0.634613
vt 0.375000 0.634759
vt 0.375000 0.638033
vt 0.375000 0.633515
vt 0.375000 0.643485
vt 0.375000 0.651521
vt 0.625000 0.663690
vt 0.625000 0.651510
vt 0.625000 0.677283
vt 0.625000 0.677640
vt 0.625000 0.677997
vt 0.625000 0.665216
vt 0.625000 0.692846
vt 0.623909 0.692486
vt 0.625000 0.708409
vt 0.615449 0.703710
vt 0.614559 0.703318
vt 0.623638 0.692530
vt 0.625000 0.677997
vt 0.622979 0.692519
vt 0.624440 0.678708
vt 0.613829 0.703160
vt 0.609007 0.701955
vt 0.619248 0.691714
vt 0.622270 0.678440
vt 0.624644 0.665580
vt 0.624814 0.654193
vt 0.623400 0.665614
vt 0.623945 0.654446
vt 0.562500 0.708409
vt 0.531238 0.708406
vt 0.530165 0.708409
vt 0.490451 0.708409
vt 0.489583 0.708409
vt 0.529948 0.708409
vt 0.436415 0.708409
vt 0.436632 0.708301
vt 0.437934 0.707977
vt 0.489583 0.708409
vt 0.392361 0.704086
vt 0.375000 0.708409
vt 0.436632 0.708301
vt 0.489583 0.708409
vt 0.529948 0.708409
vt 0.562500 0.708409
vt 0.529948 0.708409
vt 0.624764 0.661959
vt 0.624937 0.649118
vt 0.624565 0.677175
vt 0.625000 0.661720
vt 0.624522 0.692727
vt 0.624726 0.692724
vt 0.624126 0.692412
vt 0.625000 0.677283
vt 0.616318 0.704086
vt 0.625000 0.662019
vt 0.625000 0.649144
vt 0.623944 0.654446
vt 0.623400 0.665614
vt 0.620085 0.665401
vt 0.621305 0.654433
vt 0.622270 0.678440
vt 0.616993 0.677612
vt 0.607607 0.676610
vt 0.612348 0.665100
vt 0.614192 0.654344
vt 0.619248 0.691714
vt 0.610394 0.689775
vt 0.609007 0.701955
vt 0.597625 0.699104
vt 0.583569 0.695664
vt 0.598080 0.687469
vt 0.607607 0.676610
vt 0.598080 0.687469
vt 0.584505 0.685646
vt 0.593682 0.675818
vt 0.583569 0.695664
vt 0.571592 0.692714
vt 0.564027 0.690221
vt 0.569970 0.684591
vt 0.576600 0.675378
vt 0.598472 0.664843
vt 0.600530 0.654243
vt 0.593682 0.675818
vt 0.580456 0.664690
vt 0.582362 0.654169
vt 0.375000 0.641154
vt 0.375000 0.649011
vt 0.375000 0.635579
vt 0.375000 0.635579
vt 0.375000 0.640868
vt 0.375000 0.630290
vt 0.375000 0.625000
vt 0.375000 0.625000
vt 0.375000 0.630289
vt 0.375044 0.630299
vt 0.375078 0.635611
vt 0.375000 0.625000
vt 0.375350 0.630366
vt 0.375627 0.635832
vt 0.375108 0.641294
vt 0.375186 0.649379
vt 0.375807 0.641852
vt 0.376056 0.650276
vt 0.530165 0.708409
vt 0.562500 0.708409
vt 0.490451 0.708409
vt 0.500000 0.708409
vt 0.531033 0.708409
vt 0.562500 0.708409
vt 0.436415 0.708409
vt 0.375000 0.708409
vt 0.500000 0.708409
vt 0.375000 0.708409
vt 0.531033 0.708314
vt 0.562065 0.708266
vt 0.529329 0.707584
vt 0.559020 0.707262
vt 0.424581 0.654063
vt 0.458461 0.654126
vt 0.459470 0.664706
vt 0.426315 0.664647
vt 0.493057 0.654149
vt 0.493228 0.664765
vt 0.493543 0.675683
vt 0.461369 0.675501
vt 0.429856 0.675413
vt 0.541658 0.654146
vt 0.562368 0.654143
vt 0.560845 0.664663
vt 0.540630 0.664708
vt 0.582362 0.654169
vt 0.580456 0.664690
vt 0.576601 0.675378
vt 0.558001 0.675323
vt 0.538741 0.675485
vt 0.538741 0.675485
vt 0.558001 0.675323
vt 0.553518 0.684654
vt 0.535819 0.685104
vt 0.576601 0.675378
vt 0.569970 0.684591
vt 0.551187 0.691665
vt 0.534417 0.692679
vt 0.429856 0.675413
vt 0.461369 0.675501
vt 0.464483 0.685102
vt 0.436490 0.684767
vt 0.494030 0.685590
vt 0.494264 0.693554
vt 0.466385 0.692485
vt 0.444577 0.690653
vt 0.376056 0.650276
vt 0.375807 0.641852
vt 0.378111 0.642972
vt 0.378695 0.651690
vt 0.375627 0.635832
vt 0.377478 0.636344
vt 0.382909 0.636879
vt 0.384718 0.644134
vt 0.385808 0.653144
vt 0.376388 0.630520
vt 0.377478 0.636344
vt 0.379461 0.630684
vt 0.382909 0.636879
vt 0.386980 0.630776
vt 0.394935 0.637164
vt 0.406696 0.630812
vt 0.418065 0.637259
vt 0.398678 0.644731
vt 0.400338 0.653864
vt 0.394935 0.637164
vt 0.418065 0.637259
vt 0.422768 0.644911
vt 0.424581 0.654063
vt 0.525050 0.705593
vt 0.551843 0.704823
vt 0.492119 0.705773
vt 0.492772 0.702827
vt 0.520782 0.702663
vt 0.543371 0.701512
vt 0.448283 0.704492
vt 0.408747 0.699892
vt 0.423659 0.696067
vt 0.457026 0.700996
vt 0.463354 0.697387
vt 0.493825 0.699057
vt 0.435070 0.693140
vt 0.494264 0.693554
vt 0.543371 0.701512
vt 0.520782 0.702663
vt 0.517753 0.698900
vt 0.537049 0.697804
vt 0.494264 0.693554
vt 0.516491 0.693445
vt 0.534417 0.692679
vt 0.441506 0.992364
vt 0.375000 1.000000
vt 0.499983 0.985703
vt 0.508646 0.971406
vt 0.446379 0.984728
vt 0.375000 1.000000
vt 0.611946 0.972706
vt 0.578097 0.976605
vt 0.645796 0.968807
vt 0.666591 0.937613
vt 0.630142 0.945412
vt 0.593693 0.953210
vt 0.648338 0.918118
vt 0.609290 0.929815
vt 0.687387 0.906420
vt 0.708182 0.875227
vt 0.666535 0.890823
vt 0.624887 0.906420
vt 0.451759 0.976984
vt 0.519334 0.956676
vt 0.541591 0.937613
vt 0.458296 0.968807
vt 0.875000 0.640868
vt 0.875000 0.642601
vt 0.875000 0.651128
vt 0.875000 0.635579
vt 0.875000 0.636159
vt 0.875000 0.636149
vt 0.875000 0.643270
vt 0.875000 0.652246
vt 0.875000 0.630289
vt 0.875000 0.630464
vt 0.875000 0.625000
vt 0.875000 0.630575
vt 0.875000 0.636150
vt 0.875000 0.630432
vt 0.875000 0.635864
vt 0.875000 0.635579
vt 0.875000 0.642569
vt 0.875000 0.651128
vt 0.875000 0.640868
vt 0.875000 0.646157
vt 0.562387 0.833522
vt 0.423761 0.675629
vt 0.373697 0.680084
vt 0.489489 0.812670
vt 0.288322 0.514347
vt 0.261856 0.546031
vt 0.227554 0.586895
vt 0.311489 0.686948
vt 0.416591 0.791818
vt 0.158193 0.347419
vt 0.153620 0.408096
vt 0.031250 0.177102
vt 0.046875 0.265653
vt 0.062500 0.354204
vt 0.146739 0.483336
vt 0.137023 0.588591
vt 0.180896 0.642871
vt 0.093750 0.531307
vt 0.125000 0.708409
vt 0.227121 0.695710
vt 0.270796 0.750113
vt 0.153051 0.700757
vt 0.125080 0.665750
vt 0.125101 0.654571
vt 0.125000 0.678139
vt 0.125000 0.678139
vt 0.124970 0.665602
vt 0.124988 0.654506
vt 0.125000 0.678139
vt 0.127804 0.692510
vt 0.153051 0.700757
vt 0.125000 0.693274
vt 0.124747 0.691805
vt 0.124770 0.677507
vt 0.123154 0.682000
vt 0.124036 0.673049
vt 0.124872 0.665067
vt 0.124958 0.654320
vt 0.124622 0.663544
vt 0.124892 0.653907
vt 0.124892 0.653907
vt 0.124176 0.660797
vt 0.124783 0.653228
vt 0.124036 0.673049
vt 0.122534 0.663795
vt 0.120997 0.654318
vt 0.123727 0.658021
vt 0.124674 0.652537
vt 0.118750 0.654853
vt 0.122534 0.663795
vt 0.109085 0.610332
vt 0.103455 0.575567
vt 0.114998 0.631713
vt 0.120997 0.654318
vt 0.113309 0.621282
vt 0.120376 0.650418
vt 0.101446 0.563148
vt 0.104167 0.579965
vt 0.113281 0.621025
vt 0.122396 0.662084
vt 0.124674 0.652537
vt 0.123727 0.658021
vt 0.123524 0.656719
vt 0.124643 0.652182
vt 0.123698 0.657545
vt 0.125000 0.653006
vt 0.000050 0.000146
vt 0.000175 0.000991
vt 0.000226 0.000174
vt 0.000329 0.000253
vt 0.000080 0.000254
vt 0.000313 0.001776
vt 0.000651 0.000501
vt 0.002411 0.001815
vt 0.001318 0.001013
vt 0.000947 0.000728
vt 0.000329 0.000253
vt 0.000947 0.000728
vt 0.000681 0.000524
vt 0.000237 0.000182
vt 0.001318 0.001013
vt 0.000082 0.000063
vt 0.000080 0.000254
vt 0.000078 0.000298
vt 0.000389 0.002204
vt 0.000062 0.000298
vt 0.000410 0.002323
vt 0.497513 0.897233
vt 0.459967 0.888784
vt 0.381638 0.769947
vt 0.408393 0.758904
vt 0.423353 0.887950
vt 0.355889 0.789282
vt 0.268853 0.664008
vt 0.278991 0.614832
vt 0.290057 0.575465
vt 0.389187 0.899359
vt 0.332444 0.821338
vt 0.361310 0.915711
vt 0.313752 0.855075
vt 0.254768 0.786143
vt 0.260535 0.727193
vt 0.181807 0.631660
vt 0.171014 0.524703
vt 0.190311 0.724527
vt 0.125000 0.708409
vt 0.117735 0.558542
vt 0.062500 0.354204
vt 0.290057 0.575465
vt 0.278991 0.614832
vt 0.165408 0.444368
vt 0.163202 0.379908
vt 0.046875 0.265653
vt 0.031250 0.177102
vt 0.093750 0.531307
vt 0.088876 0.500699
vt 0.066509 0.375769
vt 0.066358 0.374022
vt 0.085463 0.479365
vt 0.015625 0.088551
vt 0.022575 0.127811
vt 0.035843 0.202873
vt 0.009549 0.054115
vt 0.019097 0.108229
vt 0.028032 0.158627
vt 0.039352 0.222549
vt 0.030439 0.172206
vt 0.041052 0.232066
vt 0.020432 0.115715
vt 0.020833 0.118068
vt 0.031250 0.176778
vt 0.041667 0.235488
vt 0.083870 0.469477
vt 0.065785 0.370435
vt 0.062500 0.352908
vt 0.083333 0.466437
vt 0.361310 0.915711
vt 0.389187 0.899359
vt 0.426386 0.951161
vt 0.393497 0.957850
vt 0.423353 0.887950
vt 0.464966 0.948740
vt 0.486518 0.979985
vt 0.447295 0.980347
vt 0.412266 0.982678
vt 0.539555 0.913894
vt 0.581358 0.979406
vt 0.542056 0.965756
vt 0.625000 1.000000
vt 0.625000 1.000000
vt 0.591137 0.994277
vt 0.557274 0.988553
vt 0.593855 0.998267
vt 0.562710 0.996533
vt 0.594720 0.999571
vt 0.564440 0.999143
vt 0.456959 0.993878
vt 0.421117 0.994483
vt 0.496130 0.993881
vt 0.499160 0.998477
vt 0.459956 0.998457
vt 0.423843 0.998589
vt 0.125000 0.646157
vt 0.125000 0.647049
vt 0.125000 0.649277
vt 0.125000 0.654170
vt 0.125000 0.646585
vt 0.125000 0.647379
vt 0.125000 0.648151
vt 0.125000 0.651158
vt 0.125000 0.657043
vt 0.125000 0.646280
vt 0.125000 0.646559
vt 0.125000 0.647379
vt 0.125000 0.646140
vt 0.125000 0.646257
vt 0.125000 0.646320
vt 0.125000 0.646792
vt 0.125000 0.646922
vt 0.125000 0.648562
vt 0.125000 0.646353
vt 0.125000 0.646368
vt 0.125000 0.646975
vt 0.125000 0.648703
vt 0.125000 0.651158
vt 0.125000 0.652061
vt 0.125000 0.658231
vt 0.125000 0.652339
vt 0.125000 0.658586
vt 0.875000 0.646158
vt 0.875000 0.641155
vt 0.875000 0.649021
vt 0.875000 0.635579
vt 0.875000 0.635579
vt 0.875000 0.640868
vt 0.875000 0.646157
vt 0.875000 0.630290
vt 0.875000 0.630290
vt 0.875000 0.635579
vt 0.875000 0.635579
vt 0.875000 0.641155
vt 0.875000 0.649021
vt 0.875000 0.640868
vt 0.704692 0.527025
vt 0.708216 0.521875
vt 0.792550 0.583879
vt 0.789699 0.590363
vt 0.724272 0.527164
vt 0.805227 0.586094
vt 0.847319 0.616594
vt 0.841327 0.619281
vt 0.839892 0.627104
vt 0.724272 0.527164
vt 0.764064 0.550419
vt 0.833072 0.600244
vt 0.875000 0.625000
vt 0.875000 0.625000
vt 0.875000 0.625000
vt 0.859387 0.619289
vt 0.847319 0.616594
vt 0.870295 0.627074
vt 0.866603 0.630154
vt 0.841327 0.619281
vt 0.864667 0.635208
vt 0.864156 0.643332
vt 0.125000 0.692846
vt 0.125000 0.693110
vt 0.125000 0.677283
vt 0.125000 0.677824
vt 0.125000 0.678364
vt 0.125000 0.693326
vt 0.125000 0.661720
vt 0.125000 0.664645
vt 0.125000 0.666588
vt 0.125000 0.667471
vt 0.125000 0.678472
vt 0.125000 0.658231
vt 0.125000 0.658586
vt 0.125000 0.667771
vt 0.125000 0.678580
vt 0.125000 0.693434
vt 0.125000 0.678580
vt 0.125000 0.693494
vt 0.875000 0.642773
vt 0.875000 0.651178
vt 0.875000 0.636778
vt 0.875000 0.636737
vt 0.875000 0.643418
vt 0.875000 0.651865
vt 0.875000 0.632113
vt 0.875000 0.627939
vt 0.875000 0.630877
vt 0.875000 0.633807
vt 0.875000 0.636737
vt 0.875000 0.632048
vt 0.875000 0.636158
vt 0.875000 0.627939
vt 0.875000 0.630289
vt 0.875000 0.635579
vt 0.875000 0.642489
vt 0.875000 0.649011
vt 0.875000 0.640868
vt 0.875000 0.646158
vt 0.459814 0.999807
vt 0.423354 0.999824
vt 0.499499 0.999810
vt 0.497914 1.000000
vt 0.456321 1.000000
vt 0.418716 1.000000
vt 0.594889 0.999946
vt 0.564777 0.999893
vt 0.594727 1.000000
vt 0.564453 1.000000
vt 0.594401 1.000000
vt 0.563802 1.000000
vt 0.594076 1.000000
vt 0.563151 1.000000
vt 0.456321 1.000000
vt 0.448769 1.000000
vt 0.407180 1.000000
vt 0.494731 1.000000
vt 0.491621 1.000000
vt 0.439911 1.000000
vt 0.375000 1.000000
vt 0.125000 0.646097
vt 0.125000 0.646163
vt 0.125000 0.646257
vt 0.125000 0.646157
vt 0.125000 0.646156
vt 0.125000 0.646157
vt 0.125000 0.646178
vt 0.125000 0.646320
vt 0.125000 0.646157
vt 0.125000 0.646177
vt 0.125000 0.646333
vt 0.125000 0.646178
vt 0.125000 0.646178
vt 0.125000 0.646171
vt 0.125000 0.646157
vt 0.125000 0.646266
vt 0.125000 0.646212
vt 0.125000 0.646164
vt 0.125000 0.646182
vt 0.125000 0.646184
vt 0.375000 0.103843
vt 0.436198 0.098831
vt 0.436276 0.107212
vt 0.375000 0.109132
vt 0.489583 0.097422
vt 0.489896 0.106416
vt 0.492500 0.113554
vt 0.436294 0.112342
vt 0.375000 0.114421
vt 0.562500 0.098420
vt 0.593750 0.099705
vt 0.593750 0.108020
vt 0.562500 0.107194
vt 0.625000 0.103843
vt 0.625000 0.109132
vt 0.625000 0.114421
vt 0.593750 0.114088
vt 0.562500 0.113755
vt 0.593750 0.119616
vt 0.562500 0.119520
vt 0.625000 0.119711
vt 0.625000 0.125000
vt 0.593750 0.125000
vt 0.562500 0.125000
vt 0.507691 0.119372
vt 0.498559 0.119237
vt 0.480564 0.115571
vt 0.500000 0.125000
vt 0.500217 0.121594
vt 0.500000 0.121284
vt 0.497396 0.119205
vt 0.479167 0.115804
vt 0.125000 0.661720
vt 0.125000 0.663547
vt 0.125000 0.651273
vt 0.125000 0.677886
vt 0.125000 0.677854
vt 0.125000 0.664860
vt 0.125000 0.651865
vt 0.125000 0.692846
vt 0.125000 0.693021
vt 0.125000 0.693132
vt 0.125000 0.693020
vt 0.125000 0.663541
vt 0.125000 0.651203
vt 0.436717 1.000000
vt 0.490096 1.000000
vt 0.489692 1.000000
vt 0.436266 1.000000
vt 0.593877 1.000000
vt 0.562753 1.000000
vt 0.593786 1.000000
vt 0.562572 1.000000
vt 0.593755 1.000000
vt 0.562509 1.000000
vt 0.593750 1.000000
vt 0.436423 1.000000
vt 0.490465 1.000000
vt 0.581793 0.435154
vt 0.584133 0.430501
vt 0.708216 0.521875
vt 0.437500 0.327217
vt 0.437500 0.322503
vt 0.437500 0.318646
vt 0.594874 0.433052
vt 0.724272 0.527164
vt 0.293207 0.219270
vt 0.290869 0.214499
vt 0.170308 0.127337
vt 0.166795 0.123082
vt 0.150813 0.110157
vt 0.280136 0.204243
vt 0.437500 0.318646
vt 0.280136 0.204243
vt 0.255996 0.184819
vt 0.437500 0.315412
vt 0.150813 0.110157
vt 0.111158 0.080554
vt 0.218750 0.156250
vt 0.437500 0.312500
vt 0.594874 0.433052
vt 0.619027 0.446021
vt 0.764064 0.550419
vt 0.656250 0.468750
vt 0.000050 0.000277
vt 0.000390 0.002212
vt 0.000010 0.000008
vt 0.000041 0.000231
vt 0.000326 0.001845
vt 0.000030 0.000023
vt 0.000041 0.000032
vt 0.000175 0.000128
vt 0.000285 0.000209
vt 0.000032 0.000023
vt 0.001445 0.001055
vt 0.002279 0.001671
vt 0.000369 0.000406
vt 0.000576 0.001498
vt 0.002279 0.001671
vt 0.002746 0.002097
vt 0.002978 0.002759
vt 0.083870 0.469475
vt 0.101446 0.563135
vt 0.065785 0.370435
vt 0.066358 0.374022
vt 0.085463 0.479360
vt 0.103455 0.575531
vt 0.030439 0.172206
vt 0.041052 0.232066
vt 0.020432 0.115714
vt 0.028032 0.158627
vt 0.039352 0.222549
vt 0.022774 0.128934
vt 0.035893 0.203154
vt 0.017750 0.100427
vt 0.031250 0.177102
vt 0.088475 0.498210
vt 0.107976 0.603435
vt 0.066476 0.375562
vt 0.091067 0.514634
vt 0.112353 0.630442
vt 0.125000 0.653006
vt 0.123564 0.656582
vt 0.125000 0.652721
vt 0.120376 0.650297
vt 0.120997 0.653921
vt 0.123763 0.657292
vt 0.125000 0.652436
vt 0.113309 0.621235
vt 0.114998 0.631579
vt 0.114998 0.631579
vt 0.118481 0.652916
vt 0.122534 0.662893
vt 0.103455 0.575531
vt 0.107976 0.603435
vt 0.121861 0.673613
vt 0.124036 0.671654
vt 0.124183 0.658819
vt 0.124811 0.650589
vt 0.124035 0.671654
vt 0.124622 0.660423
vt 0.124891 0.649666
vt 0.832685 0.688472
vt 0.617940 0.526138
vt 0.598556 0.554973
vt 0.801560 0.735161
vt 0.409997 0.353642
vt 0.397276 0.372372
vt 0.380725 0.396090
vt 0.574737 0.589938
vt 0.770434 0.781849
vt 0.204451 0.177621
vt 0.198061 0.186964
vt 0.190795 0.200709
vt 0.183973 0.221720
vt 0.360528 0.423946
vt 0.051030 0.068183
vt 0.170037 0.243371
vt 0.337698 0.453942
vt 0.547729 0.627036
vt 0.739308 0.828538
vt 0.514882 0.657608
vt 0.708182 0.875227
vt 0.170308 0.127337
vt 0.166784 0.126626
vt 0.082180 0.062310
vt 0.085303 0.063774
vt 0.150728 0.116210
vt 0.068497 0.052567
vt 0.015191 0.011668
vt 0.032629 0.024855
vt 0.035120 0.026308
vt 0.111303 0.087655
vt 0.042404 0.034932
vt 0.016759 0.035008
vt 0.007595 0.005834
vt 0.015191 0.011668
vt 0.004449 0.006090
vt 0.007813 0.007064
vt 0.005475 0.025860
vt 0.000217 0.001230
vt 0.000434 0.002460
vt 0.010562 0.008607
vt 0.011246 0.008610
vt 0.000434 0.002460
vt 0.002898 0.003884
vt 0.031250 0.177102
vt 0.046875 0.265653
vt 0.031250 0.177102
vt 0.062500 0.354204
vt 0.046875 0.265653
vt 0.096145 0.534061
vt 0.125000 0.708409
vt 0.093750 0.531307
vt 0.092478 0.523455
vt 0.115146 0.647660
vt 0.091067 0.514634
vt 0.046875 0.265653
vt 0.062500 0.354204
vt 0.046875 0.265653
vt 0.031250 0.177102
vt 0.125000 0.640868
vt 0.125006 0.641231
vt 0.125066 0.649383
vt 0.125000 0.635579
vt 0.125000 0.635579
vt 0.125000 0.635579
vt 0.125002 0.641291
vt 0.125012 0.649540
vt 0.125000 0.630289
vt 0.125000 0.630290
vt 0.125000 0.625000
vt 0.125000 0.630289
vt 0.125000 0.635579
vt 0.125000 0.630290
vt 0.125000 0.635579
vt 0.124995 0.641331
vt 0.124961 0.649429
vt 0.124986 0.641757
vt 0.124892 0.649666
vt 0.128398 0.696040
vt 0.125511 0.693346
vt 0.126935 0.679497
vt 0.125465 0.677792
vt 0.125048 0.677114
vt 0.124815 0.691388
vt 0.125732 0.663295
vt 0.125251 0.662414
vt 0.125035 0.662027
vt 0.125048 0.677114
vt 0.125035 0.662027
vt 0.124879 0.661462
vt 0.124777 0.675925
vt 0.125012 0.649540
vt 0.124961 0.649429
vt 0.124622 0.660423
vt 0.124036 0.671654
vt 0.123611 0.684286
vt 0.124036 0.671654
vt 0.121861 0.673613
vt 0.111158 0.080554
vt 0.042697 0.031091
vt 0.001519 0.001103
vt 0.150813 0.110157
vt 0.070016 0.051246
vt 0.028019 0.020530
vt 0.016752 0.012222
vt 0.003038 0.002207
vt 0.150813 0.110157
vt 0.082481 0.060908
vt 0.070016 0.051246
vt 0.085303 0.063774
vt 0.035120 0.026308
vt 0.033717 0.024917
vt 0.010709 0.007941
vt 0.008914 0.006536
vt 0.011246 0.008610
vt 0.002746 0.002097
vt 0.005627 0.004107
vt 0.008914 0.006536
vt 0.656250 0.468750
vt 0.648142 0.480913
vt 0.864422 0.640868
vt 0.431957 0.320815
vt 0.426034 0.329700
vt 0.639772 0.493468
vt 0.853843 0.656736
vt 0.215931 0.160479
vt 0.212850 0.165100
vt 0.209196 0.170572
vt 0.419158 0.339999
vt 0.630542 0.507302
vt 0.843264 0.672604
vt 0.125000 0.625000
vt 0.125000 0.630791
vt 0.125000 0.630716
vt 0.125000 0.636582
vt 0.125000 0.636437
vt 0.125000 0.636292
vt 0.125000 0.630625
vt 0.125000 0.636582
vt 0.124992 0.644781
vt 0.125000 0.644577
vt 0.125000 0.652436
vt 0.125000 0.644364
vt 0.125000 0.636292
vt 0.124980 0.642872
vt 0.125000 0.636284
vt 0.125000 0.630498
vt 0.011719 0.066413
vt 0.011227 0.063621
vt 0.002604 0.014759
vt 0.002387 0.013529
vt 0.002170 0.012299
vt 0.010634 0.060264
vt 0.002604 0.014759
vt 0.001346 0.007627
vt 0.001227 0.006955
vt 0.000390 0.002212
vt 0.000326 0.001845
vt 0.001059 0.006004
vt 0.002170 0.012299
vt 0.001067 0.004611
vt 0.002325 0.012889
vt 0.002898 0.003884
vt 0.019097 0.108229
vt 0.005522 0.031294
vt 0.875000 0.708409
vt 0.656250 0.531307
vt 0.619027 0.491209
vt 0.764064 0.606527
vt 0.437500 0.354205
vt 0.437500 0.346691
vt 0.437500 0.339498
vt 0.594874 0.462118
vt 0.724272 0.562754
vt 0.218750 0.177102
vt 0.255973 0.202171
vt 0.111303 0.087655
vt 0.280126 0.216873
vt 0.280126 0.216873
vt 0.290868 0.221151
vt 0.437500 0.332929
vt 0.150728 0.116210
vt 0.724272 0.562754
vt 0.594874 0.462118
vt 0.584133 0.444700
vt 0.708216 0.539175
vt 0.125000 0.633475
vt 0.125000 0.634540
vt 0.125000 0.634516
vt 0.125000 0.633236
vt 0.125000 0.637431
vt 0.125000 0.637806
vt 0.125000 0.636884
vt 0.125000 0.634175
vt 0.125000 0.631465
vt 0.125000 0.641656
vt 0.125000 0.643222
vt 0.125000 0.644375
vt 0.125000 0.642907
vt 0.125000 0.636896
vt 0.125000 0.640868
vt 0.125000 0.631465
vt 0.125000 0.632298
vt 0.125000 0.628232
vt 0.375000 0.041591
vt 0.437500 0.041591
vt 0.436415 0.056976
vt 0.375000 0.057154
vt 0.500000 0.041591
vt 0.490451 0.056869
vt 0.489583 0.071718
vt 0.436198 0.072093
vt 0.375000 0.072717
vt 0.562500 0.041591
vt 0.593750 0.041591
vt 0.593750 0.057059
vt 0.562500 0.056964
vt 0.625000 0.041591
vt 0.625000 0.057154
vt 0.625000 0.072717
vt 0.593750 0.072384
vt 0.562500 0.072051
vt 0.593750 0.087168
vt 0.562500 0.086342
vt 0.625000 0.088280
vt 0.436198 0.086507
vt 0.375000 0.088280
vt 0.489583 0.085587
vt 0.125000 0.632052
vt 0.125000 0.634126
vt 0.125000 0.634256
vt 0.125000 0.633280
vt 0.125000 0.636477
vt 0.125000 0.636527
vt 0.125000 0.636680
vt 0.125000 0.634340
vt 0.125000 0.633420
vt 0.125000 0.639337
vt 0.125000 0.639433
vt 0.125000 0.636527
vt 0.125000 0.642080
vt 0.125000 0.642201
vt 0.125000 0.642609
vt 0.125000 0.639749
vt 0.125000 0.636680
vt 0.125000 0.639749
vt 0.125000 0.640451
vt 0.125000 0.636994
vt 0.125000 0.643589
vt 0.125000 0.633420
vt 0.125000 0.634340
vt 0.125000 0.634442
vt 0.125000 0.633466
vt 0.125000 0.636994
vt 0.125000 0.634540
vt 0.875000 0.708409
vt 0.875000 0.692918
vt 0.875000 0.693018
vt 0.875000 0.708409
vt 0.875000 0.677426
vt 0.875000 0.677640
vt 0.875000 0.677854
vt 0.875000 0.693070
vt 0.875000 0.661792
vt 0.875000 0.663545
vt 0.875000 0.664860
vt 0.875000 0.677854
vt 0.875000 0.663322
vt 0.875000 0.677884
vt 0.875000 0.651865
vt 0.875000 0.661720
vt 0.875000 0.677283
vt 0.875000 0.693014
vt 0.875000 0.708409
vt 0.875000 0.692846
vt 0.125000 0.632053
vt 0.125000 0.634045
vt 0.125000 0.634077
vt 0.125000 0.632053
vt 0.125000 0.636450
vt 0.125000 0.636422
vt 0.125000 0.636020
vt 0.125000 0.634036
vt 0.125000 0.632053
vt 0.125000 0.639398
vt 0.125000 0.639325
vt 0.125000 0.642631
vt 0.125000 0.642142
vt 0.125000 0.642631
vt 0.125000 0.639325
vt 0.125000 0.639314
vt 0.125000 0.636426
vt 0.125000 0.642097
vt 0.125000 0.639337
vt 0.125000 0.634083
vt 0.125000 0.632053
vt 0.764064 0.606527
vt 0.833072 0.660896
vt 0.805227 0.625331
vt 0.847319 0.657414
vt 0.859387 0.681237
vt 0.875000 0.708409
vt 0.708216 0.539175
vt 0.792550 0.603116
vt 0.805227 0.625331
vt 0.841327 0.639524
vt 0.847319 0.657414
vt 0.841327 0.639524
vt 0.864667 0.655918
vt 0.866576 0.671635
vt 0.875000 0.677426
vt 0.870190 0.689411
vt 0.873966 0.692162
vt 0.875000 0.708409
vt 0.874895 0.692804
vt 0.875000 0.677355
vt 0.875000 0.677283
vt 0.875000 0.708409
vt 0.875000 0.662042
vt 0.875000 0.661720
vt 0.875000 0.662042
vt 0.875000 0.677355
vt 0.875000 0.692882
vt 0.125000 0.632016
vt 0.125000 0.628233
vt 0.125000 0.635951
vt 0.125000 0.635946
vt 0.125000 0.633706
vt 0.125000 0.640193
vt 0.125000 0.644347
vt 0.125000 0.643141
vt 0.125000 0.639544
vt 0.125000 0.639484
vt 0.125000 0.636390
vt 0.125000 0.643141
vt 0.125000 0.642886
vt 0.125000 0.633912
vt 0.125000 0.631759
vt 0.010418 0.036917
vt 0.001085 0.006149
vt 0.000552 0.003130
vt 0.001056 0.005987
vt 0.001435 0.008133
vt 0.004492 0.025460
vt 0.000389 0.002204
vt 0.011438 0.064816
vt 0.125000 0.634886
vt 0.125000 0.634838
vt 0.125000 0.633355
vt 0.125000 0.639022
vt 0.125000 0.638926
vt 0.125000 0.638646
vt 0.125000 0.634260
vt 0.125000 0.632689
vt 0.124986 0.645478
vt 0.124973 0.645358
vt 0.125000 0.638926
vt 0.124959 0.645186
vt 0.124959 0.645186
vt 0.124960 0.644981
vt 0.125000 0.638029
vt 0.125000 0.632910
vt 0.125000 0.630719
vt 0.125000 0.625000
vt 0.125000 0.634685
vt 0.125000 0.634685
vt 0.125000 0.637317
vt 0.125000 0.634685
vt 0.125000 0.632053
vt 0.125000 0.637316
vt 0.125725 0.645383
vt 0.125083 0.645356
vt 0.124999 0.645385
vt 0.124995 0.645505
vt 0.125000 0.638905
vt 0.124986 0.645478
vt 0.125000 0.634860
vt 0.875000 0.693021
vt 0.875000 0.677894
vt 0.875000 0.678171
vt 0.875000 0.693100
vt 0.875000 0.663461
vt 0.875000 0.664162
vt 0.875000 0.663461
vt 0.875000 0.677894
vt 0.875000 0.693021
vt 0.379350 0.691967
vt 0.390137 0.689668
vt 0.377730 0.677077
vt 0.383007 0.676714
vt 0.392393 0.676214
vt 0.402824 0.687389
vt 0.377730 0.677077
vt 0.376601 0.662550
vt 0.379915 0.663404
vt 0.387652 0.664250
vt 0.392393 0.676214
vt 0.402375 0.664595
vt 0.407125 0.675701
vt 0.429856 0.675413
vt 0.416988 0.685669
vt 0.407125 0.675701
vt 0.437500 0.625000
vt 0.447242 0.630824
vt 0.500000 0.625000
vt 0.491983 0.630830
vt 0.492284 0.637299
vt 0.454071 0.637288
vt 0.418065 0.637259
vt 0.562499 0.625000
vt 0.593750 0.625000
vt 0.579409 0.630928
vt 0.553313 0.630858
vt 0.625000 0.625000
vt 0.601258 0.631402
vt 0.589627 0.637626
vt 0.569074 0.637394
vt 0.546296 0.637340
vt 0.546296 0.637340
vt 0.564166 0.645028
vt 0.542895 0.645004
vt 0.584378 0.645102
vt 0.418065 0.637259
vt 0.454071 0.637288
vt 0.457281 0.644962
vt 0.492284 0.637299
vt 0.492851 0.644976
vt 0.375000 0.708409
vt 0.375000 0.692846
vt 0.375000 0.692846
vt 0.375000 0.677283
vt 0.375000 0.677283
vt 0.375000 0.677283
vt 0.375000 0.692846
vt 0.375000 0.661720
vt 0.375000 0.662006
vt 0.375000 0.661720
vt 0.375356 0.662114
vt 0.375558 0.677239
vt 0.376600 0.662550
vt 0.375582 0.692752
vt 0.625000 0.632052
vt 0.624587 0.634871
vt 0.623393 0.634660
vt 0.624566 0.631759
vt 0.624349 0.638990
vt 0.622453 0.638922
vt 0.616995 0.638646
vt 0.620214 0.634066
vt 0.624132 0.631465
vt 0.624349 0.638990
vt 0.624190 0.645497
vt 0.621880 0.645503
vt 0.622453 0.638922
vt 0.615270 0.645412
vt 0.616995 0.638646
vt 0.602207 0.645253
vt 0.605960 0.638127
vt 0.584378 0.645102
vt 0.613695 0.632715
vt 0.624566 0.628232
vt 0.589627 0.637626
vt 0.625000 0.633522
vt 0.625000 0.634458
vt 0.625000 0.634441
vt 0.625000 0.633523
vt 0.625000 0.636460
vt 0.625000 0.636460
vt 0.625000 0.634469
vt 0.625000 0.633530
vt 0.625000 0.641309
vt 0.624994 0.641605
vt 0.625000 0.641309
vt 0.625000 0.641715
vt 0.625000 0.637248
vt 0.625000 0.641380
vt 0.625000 0.636603
vt 0.625000 0.634555
vt 0.625000 0.633550
vt 0.625000 0.634568
vt 0.625000 0.633593
vt 0.625000 0.634672
vt 0.625000 0.633665
vt 0.625000 0.636888
vt 0.625000 0.637174
vt 0.625000 0.634830
vt 0.625000 0.633736
vt 0.625000 0.636603
vt 0.625000 0.643314
vt 0.625000 0.644805
vt 0.625000 0.637174
vt 0.624892 0.645321
vt 0.624919 0.638809
vt 0.624190 0.645497
vt 0.624950 0.634997
vt 0.624991 0.633633
vt 0.378692 0.692448
vt 0.375506 0.693198
vt 0.376929 0.678483
vt 0.375458 0.678715
vt 0.375000 0.677997
vt 0.375000 0.693203
vt 0.375757 0.665631
vt 0.375251 0.665582
vt 0.375000 0.665216
vt 0.375000 0.663723
vt 0.375000 0.677977
vt 0.375000 0.661720
vt 0.375000 0.677283
vt 0.375000 0.693058
vt 0.375000 0.692846
vt 0.625000 0.633593
vt 0.625000 0.634576
vt 0.625000 0.634483
vt 0.625000 0.633550
vt 0.625000 0.636532
vt 0.625000 0.634469
vt 0.625000 0.641345
vt 0.625000 0.641382
vt 0.625000 0.637195
vt 0.625000 0.634515
vt 0.625000 0.633523
vt 0.375000 0.692846
vt 0.375000 0.677283
vt 0.375000 0.692846
vt 0.375000 0.661720
vt 0.375000 0.646158
vt 0.375000 0.662011
vt 0.375000 0.677283
vt 0.376736 0.692414
vt 0.398438 0.687438
vt 0.398381 0.687516
vt 0.380208 0.676842
vt 0.384247 0.676622
vt 0.383005 0.677002
vt 0.395004 0.688379
vt 0.377604 0.664924
vt 0.377872 0.664947
vt 0.375000 0.653006
vt 0.377475 0.665097
vt 0.376633 0.665430
vt 0.379931 0.677764
vt 0.387500 0.690260
vt 0.625000 0.633718
vt 0.625000 0.635034
vt 0.625000 0.635062
vt 0.625000 0.633769
vt 0.625000 0.638958
vt 0.625000 0.638921
vt 0.625000 0.638658
vt 0.625000 0.634982
vt 0.624984 0.645290
vt 0.625000 0.645138
vt 0.625000 0.638921
vt 0.625000 0.644567
vt 0.625000 0.638658
vt 0.625000 0.643187
vt 0.625000 0.638056
vt 0.625000 0.634982
vt 0.625000 0.634809
vt 0.625000 0.633665
vt 0.386980 0.690069
vt 0.375000 0.677283
vt 0.379461 0.676906
vt 0.382909 0.676614
vt 0.394935 0.688250
vt 0.376344 0.663136
vt 0.377416 0.664290
vt 0.377930 0.664840
vt 0.384235 0.676502
vt 0.398373 0.687470
vt 0.625000 0.625000
vt 0.625000 0.630289
vt 0.625000 0.632336
vt 0.625000 0.628233
vt 0.625000 0.635579
vt 0.625000 0.636987
vt 0.625000 0.637027
vt 0.625000 0.634246
vt 0.625000 0.631465
vt 0.625000 0.640868
vt 0.625000 0.642868
vt 0.625000 0.652436
vt 0.625000 0.644731
vt 0.624934 0.645230
vt 0.625000 0.638712
vt 0.625000 0.631465
vt 0.625000 0.634818
vt 0.625000 0.633385
vt 0.625000 0.635034
vt 0.378383 0.691646
vt 0.386497 0.690275
vt 0.376736 0.677885
vt 0.379099 0.677488
vt 0.378472 0.677081
vt 0.394097 0.688422
vt 0.375651 0.664745
vt 0.376292 0.664554
vt 0.375000 0.651089
vt 0.376736 0.664656
vt 0.376061 0.663173
vt 0.378665 0.677031
vt 0.386019 0.690293
vt 0.625000 0.632053
vt 0.625000 0.634872
vt 0.625000 0.634762
vt 0.625000 0.633249
vt 0.625000 0.638990
vt 0.625000 0.638797
vt 0.625000 0.638218
vt 0.625000 0.633952
vt 0.625000 0.631465
vt 0.624976 0.645498
vt 0.624966 0.645253
vt 0.624993 0.644443
vt 0.625000 0.642847
vt 0.625000 0.637067
vt 0.625000 0.640868
vt 0.625000 0.635579
vt 0.625000 0.632313
vt 0.625000 0.628232
vt 0.625000 0.630289
vt 0.156788 0.631392
vt 0.137203 0.632714
vt 0.125434 0.628233
vt 0.168159 0.637606
vt 0.145013 0.638124
vt 0.133005 0.638646
vt 0.129786 0.634066
vt 0.125868 0.631465
vt 0.172782 0.645113
vt 0.148582 0.645282
vt 0.145013 0.638124
vt 0.134633 0.645437
vt 0.133005 0.638646
vt 0.134633 0.645437
vt 0.128044 0.645490
vt 0.127482 0.638785
vt 0.126558 0.634631
vt 0.125434 0.631759
vt 0.365475 0.649628
vt 0.358884 0.655898
vt 0.371008 0.646271
vt 0.373233 0.647732
vt 0.371008 0.651293
vt 0.368672 0.657479
vt 0.368672 0.643801
vt 0.373091 0.642595
vt 0.373776 0.644759
vt 0.371009 0.646271
vt 0.374695 0.644394
vt 0.374852 0.645673
vt 0.374429 0.646080
vt 0.373233 0.647732
vt 0.374429 0.646080
vt 0.374798 0.646711
vt 0.374429 0.648427
vt 0.374852 0.645673
vt 0.374946 0.646266
vt 0.375000 0.646157
vt 0.374946 0.646905
vt 0.374852 0.648668
vt 0.368672 0.657479
vt 0.371009 0.651293
vt 0.373776 0.652056
vt 0.373091 0.658176
vt 0.374429 0.648427
vt 0.374852 0.648668
vt 0.374695 0.652313
vt 0.374529 0.658403
vt 0.657109 0.631384
vt 0.637243 0.632713
vt 0.625434 0.628233
vt 0.668716 0.637586
vt 0.645083 0.638122
vt 0.633006 0.638646
vt 0.629786 0.634066
vt 0.625868 0.631465
vt 0.668716 0.637586
vt 0.673409 0.645071
vt 0.648620 0.645267
vt 0.645083 0.638122
vt 0.649125 0.654411
vt 0.634597 0.654436
vt 0.634579 0.645424
vt 0.633005 0.638646
vt 0.634579 0.645424
vt 0.627921 0.645448
vt 0.627466 0.638785
vt 0.625000 0.645162
vt 0.625000 0.637316
vt 0.626558 0.634631
vt 0.625434 0.631759
vt 0.625000 0.634685
vt 0.625000 0.632053
vt 0.687500 0.625000
vt 0.699530 0.630863
vt 0.657109 0.631384
vt 0.750000 0.625000
vt 0.754461 0.630695
vt 0.757909 0.636895
vt 0.707517 0.637244
vt 0.668716 0.637586
vt 0.812500 0.625000
vt 0.813844 0.630512
vt 0.814899 0.636314
vt 0.815452 0.642846
vt 0.759618 0.644169
vt 0.875000 0.640868
vt 0.707517 0.637244
vt 0.711145 0.644805
vt 0.673409 0.645071
vt 0.757909 0.636895
vt 0.759618 0.644169
vt 0.187500 0.625000
vt 0.198240 0.630895
vt 0.156788 0.631392
vt 0.250000 0.625000
vt 0.250249 0.630790
vt 0.250741 0.637178
vt 0.205297 0.637327
vt 0.312500 0.625000
vt 0.302334 0.630773
vt 0.343844 0.631117
vt 0.333926 0.636816
vt 0.296503 0.637003
vt 0.295409 0.644343
vt 0.251539 0.644759
vt 0.332475 0.643410
vt 0.205297 0.637327
vt 0.208597 0.644968
vt 0.172782 0.645113
vt 0.250741 0.637178
vt 0.251539 0.644759
vt 0.343903 0.692427
vt 0.363486 0.690359
vt 0.374764 0.700727
vt 0.333950 0.678349
vt 0.356674 0.677926
vt 0.367928 0.677550
vt 0.370795 0.688705
vt 0.375000 0.698898
vt 0.332478 0.665143
vt 0.355431 0.665887
vt 0.367361 0.666631
vt 0.367928 0.677550
vt 0.367362 0.666631
vt 0.372691 0.666998
vt 0.372849 0.677360
vt 0.374430 0.667114
vt 0.374467 0.677301
vt 0.373719 0.687971
vt 0.375000 0.698466
vt 0.372849 0.677360
vt 0.374467 0.677301
vt 0.374682 0.687686
vt 0.375000 0.698034
vt 0.625000 0.634829
vt 0.625000 0.632053
vt 0.625000 0.638765
vt 0.625000 0.637316
vt 0.625000 0.634685
vt 0.624994 0.645436
vt 0.625000 0.645162
vt 0.624990 0.645495
vt 0.625000 0.638901
vt 0.625000 0.634858
vt 0.375000 0.656533
vt 0.375000 0.666917
vt 0.375000 0.667067
vt 0.375000 0.658153
vt 0.375000 0.677301
vt 0.375000 0.677285
vt 0.375000 0.677283
vt 0.375000 0.666908
vt 0.375000 0.656533
vt 0.375000 0.687686
vt 0.375000 0.687503
vt 0.375000 0.698034
vt 0.375000 0.696414
vt 0.375000 0.698034
vt 0.375000 0.687658
vt 0.375000 0.687456
vt 0.375000 0.696250
vt 0.375000 0.696085
vt 0.375000 0.687415
vt 0.375000 0.667111
vt 0.375000 0.658316
vt 0.375000 0.667152
vt 0.375000 0.658482
vt 0.374529 0.658403
vt 0.374695 0.652313
vt 0.374962 0.652321
vt 0.374941 0.658307
vt 0.374982 0.648633
vt 0.375000 0.647454
vt 0.375000 0.651994
vt 0.374993 0.646933
vt 0.375000 0.646158
vt 0.375000 0.646158
vt 0.375000 0.646806
vt 0.375000 0.646958
vt 0.375000 0.648665
vt 0.375000 0.646158
vt 0.375000 0.647125
vt 0.375000 0.648928
vt 0.375000 0.652309
vt 0.375000 0.658157
vt 0.375000 0.652353
vt 0.375000 0.656533
vt 0.374529 0.642312
vt 0.374962 0.644636
vt 0.374695 0.644394
vt 0.375000 0.645234
vt 0.375000 0.646962
vt 0.374982 0.645990
vt 0.375000 0.643507
vt 0.375000 0.649379
vt 0.375000 0.653524
vt 0.375000 0.655960
vt 0.375000 0.651461
vt 0.375000 0.646962
vt 0.375000 0.651835
vt 0.375000 0.648277
vt 0.375000 0.656246
vt 0.375000 0.656533
vt 0.375000 0.651994
vt 0.375000 0.647454
vt 0.374993 0.646676
vt 0.375000 0.646806
vt 0.392361 0.708807
vt 0.385200 0.708340
vt 0.378011 0.708317
vt 0.409722 0.709205
vt 0.394097 0.708267
vt 0.378472 0.707328
vt 0.379031 0.707955
vt 0.375868 0.708409
vt 0.405076 0.711342
vt 0.385807 0.705879
vt 0.376736 0.703113
vt 0.378472 0.707328
vt 0.375826 0.702738
vt 0.376359 0.706172
vt 0.375000 0.698898
vt 0.375000 0.698034
vt 0.375000 0.702573
vt 0.375000 0.707112
vt 0.376224 0.707721
vt 0.375434 0.708409
vt 0.375000 0.707760
vt 0.375000 0.708409
vt 0.392363 0.707661
vt 0.376742 0.705636
vt 0.375000 0.703654
vt 0.375494 0.707340
vt 0.375000 0.707328
vt 0.375000 0.703113
vt 0.375000 0.708409
vt 0.375476 0.708078
vt 0.375434 0.707869
vt 0.375223 0.707709
vt 0.375060 0.706169
vt 0.375868 0.708409
vt 0.375000 0.707760
vt 0.375006 0.702738
vt 0.375000 0.698466
vt 0.375000 0.698034
vt 0.375231 0.665576
vt 0.376736 0.677885
vt 0.375434 0.677793
vt 0.375000 0.677374
vt 0.375000 0.666667
vt 0.378383 0.691646
vt 0.375472 0.690472
vt 0.375000 0.688136
vt 0.375000 0.687905
vt 0.375000 0.677339
vt 0.375000 0.666785
vt 0.375000 0.687659
vt 0.375000 0.687413
vt 0.375000 0.697589
vt 0.375000 0.686939
vt 0.375000 0.697145
vt 0.375000 0.666908
vt 0.375000 0.667154
vt 0.375000 0.656533
vt 0.375000 0.656977
vt 0.375000 0.657421
vt 0.375000 0.667627
vt 0.375000 0.668604
vt 0.375000 0.677283
vt 0.375000 0.661106
vt 0.375000 0.661720
vt 0.375000 0.669502
vt 0.375000 0.677283
vt 0.375000 0.685963
vt 0.375000 0.693461
vt 0.375000 0.685065
vt 0.375000 0.692846
vt 0.375000 0.647112
vt 0.375000 0.646901
vt 0.375000 0.647454
vt 0.375000 0.647524
vt 0.375000 0.647593
vt 0.375000 0.647715
vt 0.375000 0.646927
vt 0.375000 0.652274
vt 0.375000 0.652277
vt 0.375000 0.658492
vt 0.375000 0.658515
vt 0.375000 0.652345
vt 0.375000 0.652464
vt 0.375000 0.647908
vt 0.375000 0.658541
vt 0.375000 0.658493
vt 0.375000 0.652527
vt 0.375000 0.648224
vt 0.375000 0.649099
vt 0.375000 0.650277
vt 0.375000 0.650595
vt 0.375000 0.653628
vt 0.375000 0.707652
vt 0.375000 0.706031
vt 0.375000 0.707112
vt 0.375000 0.707761
vt 0.375000 0.702303
vt 0.374993 0.696414
vt 0.375000 0.698034
vt 0.375000 0.702573
vt 0.375000 0.702258
vt 0.375000 0.705901
vt 0.375000 0.696409
vt 0.375000 0.702213
vt 0.375000 0.705639
vt 0.375000 0.707608
vt 0.375000 0.707450
vt 0.375000 0.646158
vt 0.375000 0.646914
vt 0.375000 0.648535
vt 0.375000 0.652264
vt 0.375000 0.651994
vt 0.375000 0.652305
vt 0.375000 0.648535
vt 0.375000 0.646914
vt 0.374960 0.687503
vt 0.374933 0.677285
vt 0.375000 0.677283
vt 0.375000 0.687658
vt 0.374430 0.667114
vt 0.374929 0.667106
vt 0.375000 0.666908
vt 0.375000 0.667070
vt 0.375000 0.687496
vt 0.375000 0.702303
vt 0.375000 0.706031
vt 0.375000 0.707112
vt 0.375000 0.702573
vt 0.375000 0.707652
vt 0.375000 0.707761
vt 0.375000 0.707618
vt 0.375000 0.705919
vt 0.375000 0.707532
vt 0.375000 0.705778
vt 0.375000 0.702233
vt 0.375000 0.702154
vt 0.375000 0.667099
vt 0.375000 0.666911
vt 0.375000 0.658108
vt 0.375000 0.666476
vt 0.375000 0.655668
vt 0.375000 0.687672
vt 0.375000 0.687696
vt 0.375000 0.696618
vt 0.375000 0.698898
vt 0.375000 0.688091
vt 0.375000 0.690154
vt 0.375000 0.700507
vt 0.375000 0.692846
vt 0.375000 0.664413
vt 0.375000 0.654060
vt 0.375000 0.686217
vt 0.375000 0.695151
vt 0.375000 0.677285
vt 0.375000 0.687370
vt 0.375000 0.697456
vt 0.375000 0.668357
vt 0.375000 0.661720
vt 0.375000 0.659415
vt 0.375000 0.657110
vt 0.375000 0.667275
vt 0.375000 0.666370
vt 0.375000 0.655369
vt 0.375000 0.665875
vt 0.375000 0.697456
vt 0.375000 0.688042
vt 0.375000 0.697194
vt 0.375000 0.677283
vt 0.375000 0.689111
vt 0.375000 0.700939
vt 0.375000 0.702194
vt 0.375000 0.696240
vt 0.375000 0.705815
vt 0.375000 0.706974
vt 0.375000 0.702504
vt 0.375000 0.707388
vt 0.375000 0.708024
vt 0.375000 0.707639
vt 0.375000 0.707307
vt 0.375000 0.705360
vt 0.375000 0.705141
vt 0.375000 0.704289
vt 0.375000 0.703933
vt 0.375000 0.706343
vt 0.375000 0.702193
vt 0.375000 0.702188
vt 0.375000 0.652657
vt 0.375000 0.649203
vt 0.375000 0.648625
vt 0.375000 0.653023
vt 0.375000 0.657421
vt 0.375000 0.647473
vt 0.375000 0.647776
vt 0.375000 0.651630
vt 0.375000 0.653439
vt 0.375000 0.646927
vt 0.375000 0.653628
vt 0.375000 0.656429
vt 0.375000 0.658482
vt 0.375000 0.667152
vt 0.375000 0.667153
vt 0.375000 0.658492
vt 0.375000 0.667156
vt 0.375000 0.687455
vt 0.375000 0.687618
vt 0.375000 0.687664
vt 0.375000 0.677283
vt 0.375000 0.667152
vt 0.375000 0.658541
vt 0.375000 0.667099
vt 0.375000 0.658493
vt 0.375000 0.707128
vt 0.375000 0.705363
vt 0.375000 0.705941
vt 0.375000 0.706790
vt 0.375000 0.701910
vt 0.375000 0.697145
vt 0.375000 0.701543
vt 0.375000 0.698137
vt 0.375000 0.701078
vt 0.375000 0.695151
vt 0.375000 0.702738
vt 0.375000 0.697194
vt 0.375000 0.661720
vt 0.375000 0.661720
vt 0.375000 0.646158
vt 0.375000 0.661720
vt 0.375000 0.692846
vt 0.375000 0.708409
vt 0.375000 0.688449
vt 0.375000 0.697788
vt 0.375000 0.677292
vt 0.375000 0.677283
vt 0.375000 0.688246
vt 0.375000 0.699210
vt 0.375000 0.666154
vt 0.375000 0.656788
vt 0.375000 0.655357
vt 0.375000 0.666320
vt 0.375000 0.664339
vt 0.375000 0.653947
vt 0.375000 0.690227
vt 0.375000 0.700619
vt 0.375000 0.651553
vt 0.375000 0.648233
vt 0.375000 0.648241
vt 0.375000 0.651799
vt 0.375000 0.652382
vt 0.375000 0.651955
vt 0.375000 0.649371
vt 0.375000 0.647199
vt 0.375000 0.649297
vt 0.375000 0.702215
vt 0.375000 0.706343
vt 0.375000 0.706334
vt 0.375000 0.706325
vt 0.375000 0.702612
vt 0.375000 0.703013
vt 0.375000 0.702767
vt 0.375000 0.705269
vt 0.375000 0.707367
vt 0.375000 0.705196
vt 0.375000 1.000000
vt 0.374983 0.999981
vt 0.374920 0.999907
vt 0.374289 0.999170
vt 0.374922 0.999909
vt 0.374373 0.999269
vt 0.375000 1.000000
vt 0.375000 1.000000
vt 0.374956 0.999949
vt 0.374650 0.999592
vt 0.125000 0.693495
vt 0.125000 0.693649
vt 0.125000 0.678580
vt 0.125000 0.679790
vt 0.125000 0.678748
vt 0.125000 0.693579
vt 0.125000 0.667556
vt 0.125000 0.668192
vt 0.125000 0.656533
vt 0.125000 0.659003
vt 0.125000 0.660119
vt 0.125000 0.668686
vt 0.125000 0.669547
vt 0.125000 0.679000
vt 0.125000 0.661615
vt 0.125000 0.661720
vt 0.125000 0.670487
vt 0.125000 0.679253
vt 0.125000 0.693705
vt 0.125000 0.678748
vt 0.125000 0.693831
vt 0.125000 0.646157
vt 0.125000 0.646339
vt 0.125000 0.646939
vt 0.125000 0.647146
vt 0.125000 0.646792
vt 0.125000 0.648151
vt 0.125000 0.648587
vt 0.125000 0.648903
vt 0.125000 0.646272
vt 0.125000 0.646572
vt 0.125000 0.646260
vt 0.125000 0.646409
vt 0.125000 0.646374
vt 0.125000 0.647352
vt 0.125000 0.649206
vt 0.125000 0.654171
vt 0.125000 0.648903
vt 0.125000 0.648587
vt 0.125000 0.652083
vt 0.125000 0.652515
vt 0.125000 0.657043
vt 0.125000 0.658249
vt 0.125000 0.658724
vt 0.374971 0.998979
vt 0.375672 0.999872
vt 0.374989 0.999874
vt 0.374237 0.998987
vt 0.375627 1.000000
vt 0.375078 1.000000
vt 0.374891 0.999874
vt 0.374132 0.998988
vt 0.375627 1.000000
vt 0.375350 1.000000
vt 0.375044 1.000000
vt 0.375078 1.000000
vt 0.375000 1.000000
vt 0.375000 1.000000
vt 0.374891 0.999874
vt 0.374132 0.998988
vt 0.374892 0.999874
vt 0.125000 0.646873
vt 0.125000 0.646908
vt 0.125000 0.648600
vt 0.125000 0.648549
vt 0.125017 0.652024
vt 0.125080 0.652079
vt 0.125000 0.656533
vt 0.125711 0.658713
vt 0.125627 0.657618
vt 0.125078 0.651230
vt 0.125044 0.649321
vt 0.125000 0.647385
vt 0.125350 0.654491
vt 0.125008 0.647086
vt 0.125000 0.646638
vt 0.125000 0.646792
vt 0.125000 0.646568
vt 0.125000 0.647385
vt 0.125000 0.646638
vt 0.125000 0.646346
vt 0.127604 0.669945
vt 0.127943 0.670260
vt 0.130208 0.683358
vt 0.134235 0.688055
vt 0.132909 0.686508
vt 0.127478 0.668977
vt 0.148438 0.714995
vt 0.148363 0.714988
vt 0.166667 0.746632
vt 0.172011 0.751500
vt 0.167848 0.747656
vt 0.144908 0.711699
vt 0.136939 0.704122
vt 0.129461 0.682486
vt 0.156384 0.737088
vt 0.125000 0.692846
vt 0.125000 0.677283
vt 0.126388 0.665989
vt 0.208016 0.798681
vt 0.207675 0.798924
vt 0.249904 0.850574
vt 0.249253 0.850806
vt 0.247589 0.849399
vt 0.204219 0.795826
vt 0.291749 0.901069
vt 0.291416 0.901654
vt 0.333333 0.951401
vt 0.333333 0.951402
vt 0.333333 0.951402
vt 0.290705 0.901065
vt 0.289141 0.899450
vt 0.244514 0.846578
vt 0.325754 0.942468
vt 0.324870 0.941476
vt 0.288083 0.898435
vt 0.241512 0.843825
vt 0.196698 0.788922
vt 0.187927 0.780885
vt 0.351563 0.972663
vt 0.351563 0.972664
vt 0.369792 0.993925
vt 0.369792 0.993925
vt 0.333333 0.951402
vt 0.369792 0.993925
vt 0.372958 0.996684
vt 0.372376 0.996834
vt 0.374237 0.998987
vt 0.372179 0.996710
vt 0.369792 0.993925
vt 0.371745 0.996203
vt 0.365017 0.988357
vt 0.371636 0.996077
vt 0.364583 0.987850
vt 0.350156 0.971013
vt 0.349854 0.970663
vt 0.393497 0.957850
vt 0.371383 0.963804
vt 0.342966 0.928517
vt 0.412266 0.982678
vt 0.388244 0.984975
vt 0.374349 0.986621
vt 0.358763 0.967809
vt 0.332670 0.936476
vt 0.421117 0.994483
vt 0.396284 0.995158
vt 0.423843 0.998589
vt 0.398832 0.998752
vt 0.384301 0.998885
vt 0.381819 0.995680
vt 0.374349 0.986621
vt 0.381819 0.995680
vt 0.375013 0.996077
vt 0.368087 0.987972
vt 0.384301 0.998885
vt 0.377397 0.998955
vt 0.332670 0.936476
vt 0.358763 0.967809
vt 0.352964 0.970149
vt 0.328408 0.941124
vt 0.190311 0.724527
vt 0.198427 0.770316
vt 0.144206 0.725313
vt 0.251892 0.822560
vt 0.250820 0.840380
vt 0.204950 0.788972
vt 0.163411 0.742217
vt 0.254768 0.786143
vt 0.313752 0.855075
vt 0.301754 0.878579
vt 0.251892 0.822560
vt 0.295199 0.891895
vt 0.295199 0.891895
vt 0.292284 0.898257
vt 0.250307 0.848142
vt 0.207438 0.796290
vt 0.165039 0.744425
vt 0.125732 0.663295
vt 0.126595 0.665931
vt 0.125000 0.650876
vt 0.126935 0.679497
vt 0.129948 0.682931
vt 0.133030 0.686476
vt 0.127469 0.668706
vt 0.125000 0.655595
vt 0.128398 0.696040
vt 0.136221 0.703174
vt 0.144233 0.710567
vt 0.147649 0.713987
vt 0.134264 0.687969
vt 0.166667 0.746632
vt 0.127874 0.669951
vt 0.125000 0.656064
vt 0.125000 0.656533
vt 0.125000 0.642631
vt 0.125000 0.644633
vt 0.125000 0.644174
vt 0.125000 0.645720
vt 0.125000 0.647473
vt 0.125000 0.645989
vt 0.125000 0.645717
vt 0.125000 0.647911
vt 0.125000 0.650521
vt 0.125000 0.651658
vt 0.125000 0.648341
vt 0.125000 0.646645
vt 0.125000 0.645937
vt 0.398575 0.999844
vt 0.395017 1.000000
vt 0.382909 1.000000
vt 0.384530 0.999861
vt 0.418716 1.000000
vt 0.407180 1.000000
vt 0.387030 1.000000
vt 0.395017 1.000000
vt 0.379461 1.000000
vt 0.376388 1.000000
vt 0.377478 1.000000
vt 0.377949 0.999870
vt 0.377397 0.998955
vt 0.377478 1.000000
vt 0.125000 0.642097
vt 0.125000 0.644071
vt 0.125000 0.644076
vt 0.125000 0.644174
vt 0.125000 0.645717
vt 0.125000 0.645315
vt 0.125000 0.645298
vt 0.125000 0.644088
vt 0.125000 0.645349
vt 0.125000 0.645900
vt 0.125000 0.645937
vt 0.125000 0.646158
vt 0.125000 0.645887
vt 0.125000 0.645901
vt 0.125000 0.692846
vt 0.125000 0.677283
vt 0.125000 0.661720
vt 0.125000 0.677283
vt 0.125000 0.645158
vt 0.125000 0.642609
vt 0.125000 0.644485
vt 0.125000 0.645512
vt 0.125000 0.645796
vt 0.125000 0.644172
vt 0.125000 0.644485
vt 0.125000 0.642080
vt 0.125000 0.644076
vt 0.125000 0.645298
vt 0.125000 0.645358
vt 0.125000 0.645963
vt 0.125000 0.646065
vt 0.125000 0.645901
vt 0.125000 0.646168
vt 0.125000 0.646065
vt 0.125386 0.662771
vt 0.125048 0.661837
vt 0.125000 0.646158
vt 0.126350 0.678858
vt 0.125169 0.677480
vt 0.128115 0.695799
vt 0.125289 0.693124
vt 0.125000 0.692846
vt 0.125000 0.692846
vt 0.125000 0.677283
vt 0.125000 0.661794
vt 0.125000 0.677283
vt 0.125000 0.662548
vt 0.125000 0.664789
vt 0.125000 0.654171
vt 0.125000 0.678412
vt 0.125000 0.679253
vt 0.125000 0.666705
vt 0.125000 0.693181
vt 0.125000 0.693444
vt 0.125000 0.693559
vt 0.125000 0.679583
vt 0.125000 0.667606
vt 0.125000 0.658248
vt 0.125000 0.667855
vt 0.125000 0.668044
vt 0.125000 0.658956
vt 0.125000 0.678664
vt 0.125000 0.678748
vt 0.125000 0.668085
vt 0.125000 0.657421
vt 0.125000 0.678580
vt 0.125000 0.693537
vt 0.125000 0.708409
vt 0.125000 0.708409
vt 0.125000 0.693579
vt 0.125000 0.693831
vt 0.125000 0.657421
vt 0.125000 0.669286
vt 0.125000 0.659571
vt 0.125000 0.661720
vt 0.126061 0.665119
vt 0.125000 0.650481
vt 0.128731 0.681620
vt 0.128472 0.681333
vt 0.126736 0.668068
vt 0.125000 0.654804
vt 0.130477 0.697919
vt 0.136761 0.703890
vt 0.149137 0.730365
vt 0.156958 0.737607
vt 0.159722 0.740262
vt 0.144097 0.710797
vt 0.136303 0.703490
vt 0.128834 0.681755
vt 0.155147 0.736051
vt 0.126109 0.665236
vt 0.125000 0.650481
vt 0.125000 0.646334
vt 0.125000 0.646547
vt 0.125000 0.647164
vt 0.125000 0.647022
vt 0.125000 0.646698
vt 0.125000 0.646266
vt 0.125000 0.648636
vt 0.125000 0.650913
vt 0.125000 0.648585
vt 0.125000 0.647085
vt 0.125000 0.646374
vt 0.125000 0.646477
vt 0.125000 0.651994
vt 0.125000 0.652993
vt 0.125000 0.647454
vt 0.125000 0.649384
vt 0.125000 0.651089
vt 0.125000 0.654378
vt 0.125000 0.646806
vt 0.125000 0.647751
vt 0.125000 0.649511
vt 0.125000 0.653020
vt 0.125000 0.654109
vt 0.125000 0.652515
vt 0.125000 0.656753
vt 0.125000 0.659571
vt 0.351758 0.972892
vt 0.352256 0.973472
vt 0.335070 0.953427
vt 0.369792 0.993925
vt 0.366020 0.989526
vt 0.370660 0.994938
vt 0.353733 0.975195
vt 0.336806 0.955452
vt 0.372396 0.996963
vt 0.372135 0.996659
vt 0.372887 0.997536
vt 0.373895 0.998712
vt 0.372830 0.997469
vt 0.364366 0.987597
vt 0.355903 0.977726
vt 0.370660 0.994938
vt 0.190161 0.782934
vt 0.196559 0.788879
vt 0.241512 0.843873
vt 0.244695 0.846996
vt 0.249132 0.852327
vt 0.204427 0.796295
vt 0.289382 0.899976
vt 0.290943 0.901637
vt 0.292969 0.903889
vt 0.302722 0.915434
vt 0.249445 0.852645
vt 0.312500 0.927102
vt 0.250000 0.854205
vt 0.197223 0.789904
vt 0.187500 0.781307
vt 0.184859 0.778100
vt 0.240476 0.842981
vt 0.244792 0.848130
vt 0.184896 0.778269
vt 0.287866 0.898308
vt 0.325458 0.942195
vt 0.289063 0.899766
vt 0.288785 0.899384
vt 0.240476 0.842988
vt 0.187017 0.780060
vt 0.143877 0.725532
vt 0.350126 0.970985
vt 0.365017 0.988357
vt 0.369792 0.993925
vt 0.351275 0.972327
vt 0.371763 0.996225
vt 0.374204 0.999072
vt 0.372396 0.996963
vt 0.369792 0.993925
vt 0.375000 1.000000
vt 0.369792 0.993925
vt 0.351593 0.972699
vt 0.125000 0.652339
vt 0.125000 0.652343
vt 0.125000 0.658501
vt 0.125000 0.648703
vt 0.125000 0.648637
vt 0.125000 0.647454
vt 0.125000 0.651994
vt 0.125000 0.646975
vt 0.125000 0.646961
vt 0.125000 0.646368
vt 0.125000 0.646355
vt 0.125000 0.646806
vt 0.125000 0.646914
vt 0.125000 0.648535
vt 0.125000 0.652282
vt 0.125000 0.658334
vt 0.125000 0.646211
vt 0.125000 0.646346
vt 0.125000 0.646223
vt 0.125000 0.646179
vt 0.125000 0.646272
vt 0.125000 0.646158
vt 0.125000 0.646188
vt 0.125000 0.646169
vt 0.125000 0.646283
vt 0.125000 0.646158
vt 0.125000 0.646212
vt 0.125000 0.646223
vt 0.125000 0.646185
vt 0.125000 0.661720
vt 0.125417 0.693225
vt 0.127447 0.695075
vt 0.125000 0.677283
vt 0.125000 0.646180
vt 0.125000 0.646162
vt 0.125000 0.646160
vt 0.125000 0.646179
vt 0.125000 0.646169
vt 0.125000 0.646159
vt 0.125000 0.646174
vt 0.125000 0.646185
vt 0.125000 0.646272
vt 0.125000 0.693603
vt 0.125000 0.679659
vt 0.125000 0.667880
vt 0.125000 0.667845
vt 0.125000 0.679661
vt 0.125000 0.693603
vt 0.374910 0.999895
vt 0.374982 0.999979
vt 0.522184 0.637317
vt 0.520554 0.644989
vt 0.519961 0.654152
vt 0.531250 0.625000
vt 0.525763 0.630842
vt 0.522184 0.637317
vt 0.489583 0.071718
vt 0.529948 0.071760
vt 0.529948 0.085681
vt 0.489583 0.085587
vt 0.562500 0.072051
vt 0.562500 0.086342
vt 0.562500 0.098420
vt 0.529948 0.097547
vt 0.489583 0.097422
vt 0.531250 0.041591
vt 0.530165 0.056881
vt 0.015625 0.088551
vt 0.016366 0.092233
vt 0.017750 0.100427
vt 0.055953 0.152132
vt 0.021089 0.098085
vt 0.051408 0.290503
vt 0.049619 0.280731
vt 0.052083 0.294198
vt 0.052150 0.294535
vt 0.530052 1.000000
vt 0.530178 1.000000
vt 0.531250 1.000000
vt 0.491621 1.000000
vt 0.531017 1.000000
vt 0.530329 1.000000
vt 0.490096 1.000000
vt 0.562753 1.000000
vt 0.562572 1.000000
vt 0.530052 1.000000
vt 0.530695 0.113478
vt 0.531979 0.119437
vt 0.507691 0.119372
vt 0.531250 0.125000
vt 0.529948 0.097547
vt 0.530026 0.106537
vt 0.533431 1.000000
vt 0.532219 1.000000
vt 0.494731 1.000000
vt 0.563802 1.000000
vt 0.533570 0.998738
vt 0.534034 0.999842
vt 0.564777 0.999893
vt 0.523032 0.983190
vt 0.531028 0.994901
vt 0.557274 0.988553
vt 0.562710 0.996533
vt 0.503757 0.954694
vt 0.497513 0.897233
vt 0.542056 0.965756
vt 0.051408 0.290503
vt 0.049619 0.280731
vt 0.312500 0.500000
vt 0.301279 0.537732
vt 0.163223 0.320446
vt 0.156250 0.250000
vt 0.539555 0.913894
vt 0.436401 0.750980
vt 0.468750 0.750000
vt 0.497513 0.897233
vt 0.408393 0.758904
vt 0.162547 0.289899
vt 0.313364 0.484182
vt 0.015625 0.088551
vt 0.471579 0.670643
vt 0.635285 0.854375
vt 0.555726 0.961333
vt 0.568904 0.941892
vt 0.583239 0.922017
vt 0.543054 0.980667
vt 0.564659 0.699795
vt 0.555262 0.696235
vt 0.537049 0.697804
vt 0.534417 0.692679
vt 0.551187 0.691665
vt 0.587400 0.706379
vt 0.577007 0.703463
vt 0.551843 0.704823
vt 0.564659 0.699795
vt 0.518563 0.675659
vt 0.517163 0.685529
vt 0.494030 0.685590
vt 0.535819 0.685104
vt 0.494264 0.693554
vt 0.519469 0.664758
vt 0.614559 0.703318
vt 0.592445 0.707773
vt 0.591810 0.707600
vt 0.613829 0.703160
vt 0.593750 0.708409
vt 0.592665 0.707876
vt 0.592445 0.707773
vt 0.593750 0.708409
vt 0.592882 0.707977
vt 0.562500 0.708409
vt 0.593412 0.708379
vt 0.593750 0.708409
vt 0.569077 0.701466
vt 0.564188 0.700186
vt 0.562500 0.699979
vt 0.579415 0.704304
vt 0.531238 0.708406
vt 0.532275 0.708394
vt 0.562500 0.708409
vt 0.562500 0.708409
vt 0.532480 0.708391
vt 0.593750 0.708409
vt 0.592184 0.708270
vt 0.562500 0.708409
vt 0.592331 0.708302
vt 0.569077 0.701466
vt 0.579415 0.704304
vt 0.564188 0.700185
vt 0.593531 0.708304
vt 0.592135 0.707742
vt 0.588264 0.706661
vt 0.625000 0.708409
vt 0.593750 0.708409
vt 0.568359 0.703480
vt 0.580539 0.705607
vt 0.545573 0.706185
vt 0.589926 0.736801
vt 0.580393 0.712839
vt 0.529948 0.860971
vt 0.530165 0.929040
vt 0.490078 0.753670
vt 0.528599 0.752549
vt 0.529779 0.799619
vt 0.489645 0.800315
vt 0.559679 0.746103
vt 0.562147 0.794919
vt 0.562500 0.858911
vt 0.529948 0.860971
vt 0.489583 0.861265
vt 0.567708 0.701492
vt 0.580199 0.704601
vt 0.579452 0.704361
vt 0.532275 0.708394
vt 0.531250 0.708409
vt 0.608173 0.704253
vt 0.618118 0.706888
vt 0.616319 0.706247
vt 0.607987 0.704173
vt 0.499409 0.707992
vt 0.497779 0.707802
vt 0.591895 0.708252
vt 0.613797 0.708135
vt 0.562102 0.708310
vt 0.559317 0.707616
vt 0.588017 0.707306
vt 0.609230 0.707076
vt 0.593412 0.708379
vt 0.592184 0.708270
vt 0.610633 0.707131
vt 0.613333 0.707371
vt 0.592331 0.708302
vt 0.481373 0.708040
vt 0.497697 0.707998
vt 0.508590 0.708278
vt 0.499638 0.707995
vt 0.509838 0.708265
vt 0.532275 0.708394
vt 0.532480 0.708391
vt 0.607278 0.704247
vt 0.607763 0.704309
vt 0.531222 0.707910
vt 0.526496 0.706913
vt 0.552554 0.705932
vt 0.514106 0.708031
vt 0.507459 0.707667
vt 0.519965 0.705599
vt 0.543403 0.703654
vt 0.525608 0.707004
vt 0.552951 0.706031
vt 0.566840 0.701708
vt 0.580295 0.705059
vt 0.578765 0.704948
vt 0.598747 0.704250
vt 0.592666 0.708390
vt 0.615214 0.708272
vt 0.500521 0.707956
vt 0.510578 0.708227
vt 0.507459 0.707666
vt 0.608148 0.704213
vt 0.600697 0.702412
vt 0.618983 0.706965
vt 0.616319 0.706248
vt 0.607987 0.704173
vt 0.601852 0.702645
vt 0.532404 0.708330
vt 0.608175 0.704219
vt 0.618222 0.706721
vt 0.607987 0.704173
vt 0.608175 0.704219
vt 0.618222 0.706721
vt 0.613797 0.708135
vt 0.621710 0.707894
vt 0.609230 0.707076
vt 0.617469 0.706858
vt 0.618222 0.706721
vt 0.615214 0.708272
vt 0.622041 0.707923
vt 0.618118 0.706888
vt 0.618222 0.706721
vt 0.598747 0.704250
vt 0.607058 0.704211
vt 0.607987 0.704173
vt 0.608173 0.704254
vt 0.434896 0.114380
vt 0.434896 0.114380
vt 0.375000 0.114421
vt 0.125000 0.630657
vt 0.125000 0.628246
vt 0.125000 0.635579
vt 0.125000 0.630730
vt 0.125000 0.628526
vt 0.435191 0.114151
vt 0.495322 0.119318
vt 0.477382 0.115967
vt 0.499566 0.121594
vt 0.479119 0.119754
vt 0.468750 0.116757
vt 0.125000 0.630730
vt 0.125000 0.628526
vt 0.479167 0.115804
vt 0.497396 0.119205
vt 0.497396 0.119205
vt 0.479167 0.115804
vt 0.500000 0.121284
vt 0.433546 0.115974
vt 0.434992 0.119795
vt 0.375000 0.119711
vt 0.479119 0.119754
vt 0.437500 0.125000
vt 0.375000 0.125000
vt 0.434558 0.114562
vt 0.125000 0.628232
vt 0.559606 0.707544
vt 0.553458 0.705707
vt 0.525981 0.706542
vt 0.529616 0.707839
vt 0.446717 0.705419
vt 0.446711 0.705417
vt 0.405141 0.700830
vt 0.526162 0.706608
vt 0.624789 0.665723
vt 0.624632 0.678761
vt 0.623390 0.692690
vt 0.620794 0.691927
vt 0.614859 0.703651
vt 0.610279 0.702406
vt 0.623336 0.692692
vt 0.623264 0.678531
vt 0.610050 0.702207
vt 0.614831 0.703627
vt 0.624937 0.654301
vt 0.624763 0.665729
vt 0.624348 0.665498
vt 0.338535 0.652339
vt 0.355422 0.641709
vt 0.332474 0.643410
vt 0.368672 0.643801
vt 0.367349 0.640299
vt 0.343844 0.631117
vt 0.372850 0.636458
vt 0.373545 0.633903
vt 0.375000 0.636020
vt 0.375000 0.634036
vt 0.373144 0.642617
vt 0.372754 0.639600
vt 0.375000 0.642631
vt 0.375000 0.639325
vt 0.436198 0.858617
vt 0.489583 0.861265
vt 0.489645 0.800315
vt 0.559679 0.746103
vt 0.593339 0.789073
vt 0.562500 0.928450
vt 0.593750 0.927776
vt 0.436415 0.928366
vt 0.172779 0.665842
vt 0.208596 0.665778
vt 0.209393 0.654345
vt 0.168135 0.678984
vt 0.251539 0.665594
vt 0.251991 0.654104
vt 0.251991 0.654104
vt 0.251539 0.665594
vt 0.295410 0.665259
vt 0.296235 0.653574
vt 0.250741 0.678858
vt 0.296506 0.678665
vt 0.333950 0.678349
vt 0.332478 0.665143
vt 0.343903 0.692427
vt 0.156724 0.693376
vt 0.672758 0.665641
vt 0.711893 0.654121
vt 0.666980 0.678560
vt 0.707071 0.678761
vt 0.759552 0.664993
vt 0.760007 0.653338
vt 0.815444 0.663695
vt 0.815596 0.651425
vt 0.757813 0.678559
vt 0.814887 0.678014
vt 0.813836 0.693065
vt 0.666980 0.678560
vt 0.653984 0.692630
vt 0.647284 0.665527
vt 0.672758 0.665641
vt 0.634597 0.654436
vt 0.632841 0.665418
vt 0.640622 0.677976
vt 0.666980 0.678560
vt 0.626506 0.690889
vt 0.615490 0.690575
vt 0.601519 0.700680
vt 0.627767 0.654353
vt 0.626809 0.665464
vt 0.559679 0.746103
vt 0.553743 0.719663
vt 0.524083 0.713105
vt 0.491561 0.714701
vt 0.491005 0.726890
vt 0.446093 0.721124
vt 0.491005 0.709942
vt 0.444815 0.709681
vt 0.490078 0.708723
vt 0.438671 0.708703
vt 0.554037 0.707297
vt 0.375000 0.642631
vt 0.375000 0.643069
vt 0.375000 0.639626
vt 0.375000 0.639845
vt 0.375000 0.636184
vt 0.375000 0.636508
vt 0.375000 0.634263
vt 0.375000 0.634343
vt 0.375000 0.633460
vt 0.374991 0.633295
vt 0.375000 0.636540
vt 0.375000 0.634445
vt 0.375000 0.634453
vt 0.375000 0.641919
vt 0.375000 0.636895
vt 0.375000 0.636184
vt 0.173816 0.654444
vt 0.149391 0.654504
vt 0.134621 0.665872
vt 0.144944 0.678994
vt 0.136983 0.693381
vt 0.156724 0.693376
vt 0.132909 0.678995
vt 0.129461 0.693381
vt 0.127399 0.678924
vt 0.126344 0.693363
vt 0.135031 0.654544
vt 0.128098 0.654435
vt 0.127952 0.665824
vt 0.125000 0.653006
vt 0.125000 0.665573
vt 0.531033 0.708409
vt 0.490513 0.708448
vt 0.436664 0.708444
vt 0.439236 0.708335
vt 0.531069 0.708343
vt 0.625000 0.652721
vt 0.623708 0.665155
vt 0.623264 0.664784
vt 0.613932 0.690305
vt 0.605903 0.688448
vt 0.600845 0.700074
vt 0.621335 0.677064
vt 0.623939 0.663238
vt 0.375000 0.638259
vt 0.375000 0.634471
vt 0.375000 0.632322
vt 0.520699 0.704021
vt 0.492284 0.704987
vt 0.493429 0.704374
vt 0.457261 0.701915
vt 0.454074 0.702890
vt 0.418089 0.697510
vt 0.491949 0.706468
vt 0.406830 0.700440
vt 0.552915 0.705477
vt 0.525564 0.706296
vt 0.559317 0.707436
vt 0.529680 0.707750
vt 0.481373 0.708040
vt 0.499638 0.707995
vt 0.509838 0.708265
vt 0.508590 0.708279
vt 0.498264 0.707977
vt 0.436632 0.708193
vt 0.481373 0.708040
vt 0.434920 0.708199
vt 0.600940 0.702310
vt 0.607278 0.704247
vt 0.607639 0.704086
vt 0.601852 0.702645
vt 0.610533 0.707105
vt 0.622601 0.664260
vt 0.617091 0.676614
vt 0.613914 0.690033
vt 0.606029 0.688186
vt 0.589651 0.696960
vt 0.601322 0.700106
vt 0.615765 0.676502
vt 0.602376 0.687406
vt 0.622137 0.664720
vt 0.375000 0.642847
vt 0.375000 0.644411
vt 0.375000 0.638218
vt 0.375000 0.637067
vt 0.375000 0.632313
vt 0.375000 0.633952
vt 0.375000 0.638660
vt 0.375000 0.634734
vt 0.375000 0.637316
vt 0.375000 0.634685
vt 0.375000 0.652721
vt 0.375000 0.645066
vt 0.375000 0.645162
vt 0.553313 0.705599
vt 0.546296 0.703438
vt 0.522184 0.704793
vt 0.492284 0.704987
vt 0.491983 0.706482
vt 0.454071 0.702886
vt 0.418065 0.697476
vt 0.406696 0.700400
vt 0.457260 0.701913
vt 0.542896 0.702357
vt 0.520699 0.704021
vt 0.624343 0.653915
vt 0.622070 0.664841
vt 0.622584 0.664290
vt 0.617091 0.676614
vt 0.602376 0.687406
vt 0.589651 0.696960
vt 0.620539 0.676906
vt 0.601222 0.700079
vt 0.623656 0.663136
vt 0.375000 0.653007
vt 0.375000 0.645306
vt 0.375000 0.638765
vt 0.375000 0.634829
vt 0.375000 0.634685
vt 0.375000 0.634889
vt 0.375378 0.654346
vt 0.375040 0.645489
vt 0.375217 0.654455
vt 0.375027 0.645511
vt 0.375000 0.641350
vt 0.375000 0.641891
vt 0.375000 0.641286
vt 0.375000 0.636313
vt 0.375000 0.636458
vt 0.375000 0.636603
vt 0.375000 0.634267
vt 0.375000 0.634494
vt 0.375000 0.636313
vt 0.375000 0.633889
vt 0.375000 0.636292
vt 0.375000 0.632124
vt 0.375000 0.641374
vt 0.375000 0.640868
vt 0.621335 0.676371
vt 0.615259 0.690420
vt 0.605903 0.688091
vt 0.607639 0.704086
vt 0.620901 0.676263
vt 0.614789 0.689837
vt 0.620937 0.691534
vt 0.613889 0.703775
vt 0.608754 0.699956
vt 0.624347 0.661632
vt 0.375081 0.654194
vt 0.375010 0.645322
vt 0.375000 0.638814
vt 0.375000 0.634823
vt 0.375000 0.634653
vt 0.375000 0.636888
vt 0.375000 0.634630
vt 0.375000 0.643359
vt 0.375000 0.637174
vt 0.625000 0.651499
vt 0.624126 0.692592
vt 0.624726 0.693060
vt 0.616318 0.704134
vt 0.624440 0.678708
vt 0.624412 0.693185
vt 0.622270 0.678440
vt 0.620831 0.692365
vt 0.624672 0.665414
vt 0.623488 0.665460
vt 0.530382 0.708409
vt 0.491319 0.708409
vt 0.436632 0.708409
vt 0.491319 0.708409
vt 0.436632 0.708409
vt 0.437717 0.708301
vt 0.530382 0.708409
vt 0.531250 0.708409
vt 0.624937 0.649118
vt 0.624763 0.661959
vt 0.624565 0.677175
vt 0.623222 0.692099
vt 0.623638 0.692183
vt 0.614559 0.703215
vt 0.614490 0.703276
vt 0.623909 0.692304
vt 0.615449 0.703653
vt 0.621408 0.654315
vt 0.620107 0.665371
vt 0.614192 0.654344
vt 0.612348 0.665100
vt 0.607607 0.676610
vt 0.616993 0.677612
vt 0.610735 0.689912
vt 0.598080 0.687469
vt 0.599098 0.699679
vt 0.593682 0.675818
vt 0.576600 0.675378
vt 0.569970 0.684591
vt 0.571592 0.692714
vt 0.614192 0.654344
vt 0.600530 0.654243
vt 0.598472 0.664843
vt 0.612348 0.665100
vt 0.576600 0.675378
vt 0.375000 0.640868
vt 0.375078 0.635611
vt 0.375627 0.635832
vt 0.375350 0.630366
vt 0.375108 0.641294
vt 0.376056 0.650276
vt 0.531250 0.708409
vt 0.439236 0.707977
vt 0.437717 0.708301
vt 0.392361 0.704086
vt 0.436632 0.708409
vt 0.562500 0.708409
vt 0.461369 0.675501
vt 0.493543 0.675683
vt 0.493057 0.654149
vt 0.541658 0.654146
vt 0.540630 0.664708
vt 0.562368 0.654143
vt 0.538741 0.675485
vt 0.558001 0.675323
vt 0.535819 0.685104
vt 0.558001 0.675323
vt 0.534417 0.692679
vt 0.429856 0.675413
vt 0.436490 0.684767
vt 0.464483 0.685102
vt 0.444577 0.690653
vt 0.466385 0.692485
vt 0.494030 0.685589
vt 0.493543 0.675683
vt 0.376056 0.650276
vt 0.378695 0.651690
vt 0.375807 0.641852
vt 0.384718 0.644134
vt 0.377478 0.636344
vt 0.377478 0.636344
vt 0.376388 0.630520
vt 0.382909 0.636879
vt 0.394935 0.637164
vt 0.386980 0.630776
vt 0.418065 0.637259
vt 0.406696 0.630812
vt 0.400338 0.653864
vt 0.398678 0.644731
vt 0.422768 0.644911
vt 0.394935 0.637164
vt 0.552278 0.704967
vt 0.525267 0.705688
vt 0.492155 0.705791
vt 0.448283 0.704492
vt 0.463354 0.697387
vt 0.466385 0.692485
vt 0.435070 0.693140
vt 0.537049 0.697804
vt 0.517753 0.698900
vt 0.534417 0.692679
vt 0.492772 0.702827
vt 0.441506 0.992364
vt 0.446379 0.984728
vt 0.508646 0.971406
vt 0.499983 0.985703
vt 0.578097 0.976605
vt 0.611946 0.972706
vt 0.593694 0.953210
vt 0.630142 0.945412
vt 0.609290 0.929815
vt 0.648338 0.918118
vt 0.451759 0.976984
vt 0.519334 0.956676
vt 0.875000 0.651128
vt 0.875000 0.642601
vt 0.875000 0.652246
vt 0.875000 0.643270
vt 0.875000 0.630464
vt 0.423761 0.675629
vt 0.311489 0.686948
vt 0.227554 0.586895
vt 0.288322 0.514347
vt 0.137023 0.588591
vt 0.227121 0.695710
vt 0.153051 0.700757
vt 0.125000 0.654318
vt 0.125000 0.665775
vt 0.125000 0.653007
vt 0.125000 0.665573
vt 0.125000 0.678853
vt 0.127804 0.692581
vt 0.124771 0.677512
vt 0.123154 0.682000
vt 0.124968 0.654118
vt 0.124877 0.665034
vt 0.124635 0.663460
vt 0.125000 0.653007
vt 0.124204 0.660769
vt 0.123767 0.658080
vt 0.120997 0.654318
vt 0.122534 0.663795
vt 0.118750 0.654853
vt 0.114998 0.631713
vt 0.109085 0.610332
vt 0.120376 0.650418
vt 0.113309 0.621282
vt 0.101446 0.563148
vt 0.123564 0.656810
vt 0.068150 0.059638
vt 0.008694 0.008445
vt 0.008764 0.007267
vt 0.069707 0.056972
vt 0.009103 0.007065
vt 0.071014 0.055124
vt 0.071014 0.055124
vt 0.008150 0.006120
vt 0.066101 0.049319
vt 0.000356 0.002016
vt 0.000070 0.000249
vt 0.000080 0.000254
vt 0.000019 0.000055
vt 0.000237 0.000182
vt 0.408393 0.758904
vt 0.459967 0.888784
vt 0.389187 0.899359
vt 0.260535 0.727193
vt 0.254768 0.786143
vt 0.313752 0.855075
vt 0.361310 0.915711
vt 0.268853 0.664008
vt 0.171014 0.524702
vt 0.117735 0.558542
vt 0.162203 0.378339
vt 0.165408 0.444368
vt 0.278991 0.614832
vt 0.088876 0.500699
vt 0.085463 0.479365
vt 0.039352 0.222549
vt 0.041052 0.232066
vt 0.083870 0.469477
vt 0.065785 0.370435
vt 0.426386 0.951161
vt 0.412266 0.982678
vt 0.447295 0.980347
vt 0.486518 0.979985
vt 0.464966 0.948740
vt 0.497513 0.897233
vt 0.542056 0.965756
vt 0.557274 0.988553
vt 0.591137 0.994277
vt 0.562710 0.996533
vt 0.593855 0.998266
vt 0.564440 0.999143
vt 0.594720 0.999571
vt 0.412266 0.982678
vt 0.420581 0.994659
vt 0.457062 0.994071
vt 0.447295 0.980347
vt 0.416667 1.000000
vt 0.460938 1.000000
vt 0.505208 1.000000
vt 0.496666 0.994044
vt 0.486518 0.979985
vt 0.125000 0.654097
vt 0.125000 0.649244
vt 0.125000 0.647025
vt 0.125000 0.655668
vt 0.125000 0.651453
vt 0.125000 0.647238
vt 0.125000 0.646374
vt 0.125000 0.646374
vt 0.125000 0.646490
vt 0.125000 0.647238
vt 0.125000 0.646699
vt 0.125000 0.646260
vt 0.125000 0.648396
vt 0.125000 0.646873
vt 0.125000 0.646335
vt 0.125000 0.657992
vt 0.125000 0.652018
vt 0.875000 0.641155
vt 0.875000 0.649021
vt 0.875000 0.641155
vt 0.789699 0.590363
vt 0.839892 0.627104
vt 0.847319 0.616594
vt 0.805227 0.586094
vt 0.833072 0.600244
vt 0.847319 0.616594
vt 0.859387 0.619289
vt 0.866603 0.630154
vt 0.870295 0.627074
vt 0.839892 0.627104
vt 0.864667 0.635208
vt 0.125000 0.693118
vt 0.125000 0.692921
vt 0.125000 0.693353
vt 0.125000 0.677824
vt 0.125000 0.664685
vt 0.125000 0.678364
vt 0.125000 0.667016
vt 0.125000 0.679521
vt 0.125000 0.667580
vt 0.125000 0.667556
vt 0.125000 0.693540
vt 0.875000 0.642773
vt 0.875000 0.643418
vt 0.875000 0.636778
vt 0.875000 0.632113
vt 0.422818 1.000000
vt 0.460459 1.000000
vt 0.456942 1.000000
vt 0.504340 1.000000
vt 0.504774 1.000000
vt 0.505208 1.000000
vt 0.564804 0.999893
vt 0.594902 0.999946
vt 0.564670 1.000000
vt 0.594835 1.000000
vt 0.563829 1.000000
vt 0.594415 1.000000
vt 0.448898 1.000000
vt 0.495256 1.000000
vt 0.125000 0.646170
vt 0.125000 0.646156
vt 0.125000 0.646174
vt 0.125000 0.646116
vt 0.125000 0.646343
vt 0.125000 0.646290
vt 0.125000 0.646171
vt 0.125000 0.646164
vt 0.125000 0.646266
vt 0.436415 0.107401
vt 0.375000 0.114421
vt 0.437500 0.114136
vt 0.500000 0.113851
vt 0.490451 0.106486
vt 0.562500 0.107194
vt 0.593750 0.108020
vt 0.562500 0.113755
vt 0.593750 0.119616
vt 0.480903 0.115641
vt 0.497830 0.119242
vt 0.500000 0.119425
vt 0.497396 0.119205
vt 0.125000 0.649011
vt 0.125000 0.663322
vt 0.125000 0.651865
vt 0.125000 0.677886
vt 0.125000 0.693020
vt 0.125000 0.693132
vt 0.125000 0.651180
vt 0.125000 0.663541
vt 0.436926 1.000000
vt 0.437500 1.000000
vt 0.500000 1.000000
vt 0.490953 1.000000
vt 0.562509 1.000000
vt 0.593755 1.000000
vt 0.500000 1.000000
vt 0.500000 1.000000
vt 0.704692 0.527025
vt 0.708216 0.521875
vt 0.584132 0.430501
vt 0.581793 0.435154
vt 0.437500 0.318646
vt 0.437500 0.327217
vt 0.290869 0.214499
vt 0.280136 0.204243
vt 0.166795 0.123082
vt 0.437500 0.318646
vt 0.437500 0.315412
vt 0.255996 0.184819
vt 0.280136 0.204243
vt 0.111158 0.080554
vt 0.150813 0.110157
vt 0.724272 0.527164
vt 0.764064 0.550419
vt 0.619027 0.446021
vt 0.000001 0.000001
vt 0.000005 0.000026
vt 0.000181 0.001025
vt 0.000018 0.000102
vt 0.103455 0.575531
vt 0.065785 0.370435
vt 0.039352 0.222549
vt 0.028032 0.158627
vt 0.035893 0.203154
vt 0.107976 0.603435
vt 0.088475 0.498210
vt 0.112353 0.630442
vt 0.091067 0.514634
vt 0.066476 0.375562
vt 0.124643 0.651826
vt 0.123524 0.656478
vt 0.124674 0.651341
vt 0.123727 0.657171
vt 0.120997 0.653921
vt 0.120376 0.650297
vt 0.113309 0.621235
vt 0.114998 0.631579
vt 0.120997 0.653921
vt 0.124035 0.671654
vt 0.112353 0.630442
vt 0.107976 0.603435
vt 0.124674 0.651340
vt 0.124783 0.650477
vt 0.124176 0.658793
vt 0.124892 0.649666
vt 0.397276 0.372372
vt 0.409997 0.353642
vt 0.409997 0.353642
vt 0.397276 0.372372
vt 0.206336 0.194935
vt 0.212970 0.185076
vt 0.380725 0.396090
vt 0.197501 0.207865
vt 0.063851 0.070818
vt 0.066196 0.063766
vt 0.068150 0.059638
vt 0.360528 0.423946
vt 0.185304 0.223180
vt 0.197501 0.207866
vt 0.170037 0.243371
vt 0.056381 0.074166
vt 0.739308 0.828538
vt 0.547729 0.627036
vt 0.085303 0.063774
vt 0.082180 0.062310
vt 0.166784 0.126626
vt 0.035120 0.026308
vt 0.032629 0.024855
vt 0.150728 0.116210
vt 0.040937 0.031675
vt 0.110936 0.086841
vt 0.004449 0.006090
vt 0.005475 0.025860
vt 0.010876 0.008283
vt 0.010258 0.008323
vt 0.031250 0.177102
vt 0.031250 0.177102
vt 0.096145 0.534061
vt 0.092478 0.523455
vt 0.115146 0.647660
vt 0.046875 0.265653
vt 0.125002 0.641291
vt 0.125000 0.635579
vt 0.125000 0.630289
vt 0.124986 0.641757
vt 0.125511 0.693346
vt 0.124815 0.691388
vt 0.125048 0.677114
vt 0.125465 0.677792
vt 0.125251 0.662414
vt 0.125732 0.663295
vt 0.125048 0.677114
vt 0.124777 0.675925
vt 0.124879 0.661462
vt 0.125035 0.662027
vt 0.123611 0.684286
vt 0.124777 0.675925
vt 0.042697 0.031091
vt 0.111158 0.080554
vt 0.016752 0.012222
vt 0.070016 0.051246
vt 0.082481 0.060908
vt 0.085303 0.063774
vt 0.008629 0.006327
vt 0.010365 0.007677
vt 0.033717 0.024917
vt 0.005451 0.003979
vt 0.648142 0.480913
vt 0.639772 0.493468
vt 0.426034 0.329700
vt 0.223430 0.166098
vt 0.221727 0.171990
vt 0.071014 0.055124
vt 0.066101 0.049319
vt 0.426034 0.329700
vt 0.419158 0.339999
vt 0.217909 0.177693
vt 0.221727 0.171990
vt 0.069707 0.056972
vt 0.071014 0.055124
vt 0.630542 0.507302
vt 0.419158 0.339999
vt 0.125000 0.630863
vt 0.125000 0.631444
vt 0.125000 0.630695
vt 0.125000 0.636895
vt 0.125000 0.637244
vt 0.125000 0.637586
vt 0.124960 0.644531
vt 0.124992 0.644879
vt 0.124959 0.643919
vt 0.125000 0.636326
vt 0.124973 0.642817
vt 0.124986 0.641757
vt 0.124783 0.650477
vt 0.125000 0.630512
vt 0.001194 0.006764
vt 0.001302 0.007379
vt 0.000669 0.003792
vt 0.005425 0.030747
vt 0.619027 0.491209
vt 0.724272 0.562754
vt 0.594874 0.462118
vt 0.437500 0.339498
vt 0.280126 0.216873
vt 0.110936 0.086841
vt 0.437500 0.339498
vt 0.437500 0.332929
vt 0.584132 0.444700
vt 0.125000 0.633475
vt 0.125000 0.634485
vt 0.125000 0.633813
vt 0.125000 0.637813
vt 0.125000 0.637855
vt 0.125000 0.642927
vt 0.125000 0.641599
vt 0.125000 0.643649
vt 0.125000 0.636959
vt 0.125000 0.642838
vt 0.125000 0.632321
vt 0.125000 0.630919
vt 0.375000 0.057154
vt 0.436415 0.056976
vt 0.490451 0.056869
vt 0.562500 0.056964
vt 0.562500 0.072051
vt 0.593750 0.072384
vt 0.562500 0.086342
vt 0.436198 0.086507
vt 0.489583 0.085587
vt 0.125000 0.634246
vt 0.125000 0.634036
vt 0.125000 0.633420
vt 0.125000 0.636488
vt 0.125000 0.636020
vt 0.125000 0.639490
vt 0.125000 0.639325
vt 0.125000 0.639786
vt 0.125000 0.642925
vt 0.125000 0.642778
vt 0.125000 0.640457
vt 0.125000 0.643709
vt 0.125000 0.634540
vt 0.125000 0.637432
vt 0.125000 0.636994
vt 0.875000 0.693018
vt 0.875000 0.693070
vt 0.875000 0.663545
vt 0.875000 0.663322
vt 0.875000 0.693014
vt 0.125000 0.634077
vt 0.125000 0.634045
vt 0.125000 0.636450
vt 0.125000 0.639315
vt 0.125000 0.639344
vt 0.125000 0.642103
vt 0.125000 0.642130
vt 0.125000 0.636387
vt 0.125000 0.639313
vt 0.125000 0.642142
vt 0.125000 0.634073
vt 0.833072 0.660896
vt 0.859387 0.681237
vt 0.805227 0.625331
vt 0.805227 0.625331
vt 0.792550 0.603116
vt 0.847319 0.657414
vt 0.841327 0.639524
vt 0.864667 0.655918
vt 0.870190 0.689411
vt 0.873966 0.692162
vt 0.874895 0.692804
vt 0.875000 0.662042
vt 0.875000 0.662042
vt 0.875000 0.692882
vt 0.125000 0.632016
vt 0.125000 0.635951
vt 0.125000 0.644329
vt 0.125000 0.636390
vt 0.125000 0.639425
vt 0.125000 0.642363
vt 0.125000 0.633912
vt 0.011852 0.038957
vt 0.056381 0.074166
vt 0.010088 0.020792
vt 0.063851 0.070818
vt 0.008929 0.011682
vt 0.066196 0.063766
vt 0.001029 0.005833
vt 0.008694 0.008445
vt 0.068150 0.059638
vt 0.001221 0.006922
vt 0.125000 0.634808
vt 0.125000 0.634685
vt 0.125000 0.638785
vt 0.125000 0.637317
vt 0.125000 0.645296
vt 0.125000 0.645162
vt 0.125000 0.645245
vt 0.125000 0.638122
vt 0.125000 0.645092
vt 0.125000 0.632977
vt 0.125000 0.634829
vt 0.125000 0.638765
vt 0.125000 0.645438
vt 0.125000 0.638765
vt 0.124997 0.645419
vt 0.125000 0.634829
vt 0.875000 0.678171
vt 0.875000 0.677894
vt 0.875000 0.664162
vt 0.875000 0.677894
vt 0.875000 0.663461
vt 0.402824 0.687389
vt 0.383007 0.676714
vt 0.377730 0.677077
vt 0.377730 0.677077
vt 0.379915 0.663404
vt 0.376601 0.662550
vt 0.392393 0.676213
vt 0.387652 0.664250
vt 0.402375 0.664595
vt 0.416988 0.685669
vt 0.407125 0.675701
vt 0.454071 0.637288
vt 0.492284 0.637299
vt 0.491983 0.630830
vt 0.553313 0.630858
vt 0.579408 0.630928
vt 0.589627 0.637626
vt 0.601258 0.631403
vt 0.546296 0.637340
vt 0.564166 0.645028
vt 0.569074 0.637394
vt 0.584378 0.645102
vt 0.457281 0.644962
vt 0.454071 0.637288
vt 0.492851 0.644976
vt 0.492284 0.637299
vt 0.376736 0.692414
vt 0.375000 0.662006
vt 0.375558 0.677239
vt 0.376601 0.662550
vt 0.375582 0.692752
vt 0.623443 0.634631
vt 0.620214 0.634066
vt 0.622535 0.638785
vt 0.621982 0.645444
vt 0.615270 0.645412
vt 0.605960 0.638127
vt 0.615270 0.645412
vt 0.613695 0.632715
vt 0.601258 0.631402
vt 0.625000 0.634515
vt 0.624994 0.641679
vt 0.625000 0.636532
vt 0.625000 0.641643
vt 0.625000 0.634982
vt 0.625000 0.638056
vt 0.625000 0.643408
vt 0.625000 0.644623
vt 0.625000 0.638788
vt 0.625000 0.645115
vt 0.624991 0.633633
vt 0.625000 0.635000
vt 0.378692 0.692448
vt 0.375000 0.693203
vt 0.376929 0.678483
vt 0.375757 0.665631
vt 0.375000 0.677977
vt 0.375000 0.663723
vt 0.375000 0.693058
vt 0.625000 0.634568
vt 0.625000 0.634469
vt 0.625000 0.637248
vt 0.625000 0.641416
vt 0.625000 0.641309
vt 0.625000 0.634441
vt 0.375000 0.692846
vt 0.375000 0.661720
vt 0.398381 0.687516
vt 0.395005 0.688379
vt 0.383005 0.677002
vt 0.384247 0.676622
vt 0.377872 0.664947
vt 0.377475 0.665097
vt 0.379931 0.677764
vt 0.376633 0.665430
vt 0.387500 0.690260
vt 0.625000 0.633718
vt 0.625000 0.633769
vt 0.625000 0.635030
vt 0.625000 0.635034
vt 0.625000 0.633736
vt 0.625000 0.637174
vt 0.625000 0.638806
vt 0.625000 0.638958
vt 0.624934 0.645270
vt 0.624984 0.645291
vt 0.625000 0.644805
vt 0.625000 0.637174
vt 0.625000 0.643093
vt 0.386979 0.690069
vt 0.394935 0.688250
vt 0.379461 0.676906
vt 0.376344 0.663137
vt 0.377399 0.664260
vt 0.384235 0.676502
vt 0.377863 0.664720
vt 0.398373 0.687470
vt 0.625000 0.632313
vt 0.625000 0.633952
vt 0.625000 0.638218
vt 0.625000 0.637067
vt 0.625000 0.642847
vt 0.625000 0.644411
vt 0.625000 0.638793
vt 0.625000 0.645089
vt 0.625000 0.633385
vt 0.625000 0.634796
vt 0.386497 0.690275
vt 0.376736 0.677885
vt 0.386019 0.690293
vt 0.625000 0.634756
vt 0.625000 0.634246
vt 0.625000 0.637027
vt 0.625000 0.638579
vt 0.625000 0.645087
vt 0.625000 0.636987
vt 0.625000 0.642868
vt 0.625000 0.631465
vt 0.625000 0.632336
vt 0.137203 0.632714
vt 0.129786 0.634066
vt 0.133005 0.638646
vt 0.145013 0.638124
vt 0.168159 0.637606
vt 0.168159 0.637606
vt 0.148582 0.645282
vt 0.133005 0.638646
vt 0.134633 0.645437
vt 0.127466 0.638785
vt 0.127961 0.645458
vt 0.134633 0.645437
vt 0.126558 0.634631
vt 0.371008 0.651293
vt 0.371008 0.646271
vt 0.373786 0.644765
vt 0.374852 0.645673
vt 0.374735 0.644433
vt 0.374429 0.648427
vt 0.374798 0.646711
vt 0.374852 0.648668
vt 0.374946 0.646905
vt 0.374946 0.646266
vt 0.368672 0.657479
vt 0.373776 0.652056
vt 0.371009 0.651293
vt 0.374529 0.658403
vt 0.637243 0.632713
vt 0.629786 0.634066
vt 0.645083 0.638122
vt 0.668716 0.637586
vt 0.645083 0.638122
vt 0.648620 0.645267
vt 0.673409 0.645071
vt 0.633005 0.638646
vt 0.634597 0.654436
vt 0.649125 0.654411
vt 0.627921 0.645448
vt 0.634579 0.645424
vt 0.626558 0.634631
vt 0.757909 0.636895
vt 0.754461 0.630695
vt 0.814899 0.636314
vt 0.815452 0.642846
vt 0.673409 0.645071
vt 0.711145 0.644805
vt 0.759618 0.644169
vt 0.757909 0.636895
vt 0.198240 0.630895
vt 0.250741 0.637178
vt 0.302334 0.630773
vt 0.296503 0.637003
vt 0.343844 0.631117
vt 0.251539 0.644759
vt 0.172782 0.645114
vt 0.208597 0.644969
vt 0.205297 0.637327
vt 0.250741 0.637178
vt 0.374764 0.700727
vt 0.363486 0.690359
vt 0.370795 0.688705
vt 0.367928 0.677550
vt 0.356674 0.677926
vt 0.333950 0.678349
vt 0.355431 0.665887
vt 0.332478 0.665143
vt 0.367928 0.677550
vt 0.372849 0.677360
vt 0.374430 0.667114
vt 0.373719 0.687971
vt 0.374682 0.687686
vt 0.374467 0.677302
vt 0.625000 0.634829
vt 0.625000 0.632053
vt 0.375000 0.658153
vt 0.375000 0.667067
vt 0.375000 0.666917
vt 0.375000 0.677301
vt 0.375000 0.687465
vt 0.375000 0.687490
vt 0.375000 0.696263
vt 0.375000 0.696193
vt 0.375000 0.687456
vt 0.375000 0.687415
vt 0.375000 0.696085
vt 0.375000 0.696250
vt 0.375000 0.658154
vt 0.375000 0.667070
vt 0.375000 0.666948
vt 0.374941 0.658307
vt 0.374962 0.652321
vt 0.374982 0.648633
vt 0.375000 0.646158
vt 0.375000 0.646958
vt 0.375000 0.648928
vt 0.375000 0.658332
vt 0.375000 0.652352
vt 0.375000 0.658609
vt 0.375000 0.652566
vt 0.374972 0.644694
vt 0.374982 0.645990
vt 0.375000 0.648277
vt 0.375000 0.651835
vt 0.374993 0.646676
vt 0.385200 0.708340
vt 0.379031 0.707955
vt 0.385807 0.705879
vt 0.405076 0.711342
vt 0.376359 0.706172
vt 0.375826 0.702738
vt 0.376224 0.707721
vt 0.376742 0.705702
vt 0.392363 0.707661
vt 0.375001 0.703718
vt 0.375494 0.707356
vt 0.375000 0.707328
vt 0.375000 0.707220
vt 0.375217 0.707814
vt 0.375000 0.707112
vt 0.375000 0.696614
vt 0.375000 0.702706
vt 0.375000 0.702385
vt 0.375231 0.665576
vt 0.375651 0.664745
vt 0.376736 0.677885
vt 0.378383 0.691646
vt 0.375000 0.677339
vt 0.375000 0.687695
vt 0.375000 0.695957
vt 0.375000 0.695832
vt 0.375000 0.687229
vt 0.375000 0.687343
vt 0.375000 0.687214
vt 0.375000 0.677283
vt 0.375000 0.667338
vt 0.375000 0.667223
vt 0.375000 0.667352
vt 0.375000 0.658735
vt 0.375000 0.668580
vt 0.375000 0.661100
vt 0.375000 0.693466
vt 0.375000 0.685987
vt 0.375000 0.685065
vt 0.375000 0.646901
vt 0.375000 0.647256
vt 0.375000 0.647911
vt 0.375000 0.649191
vt 0.375000 0.648781
vt 0.375000 0.652176
vt 0.375000 0.652293
vt 0.375000 0.649568
vt 0.375000 0.652409
vt 0.375000 0.652378
vt 0.375000 0.649284
vt 0.375000 0.650634
vt 0.375000 0.707652
vt 0.375000 0.706031
vt 0.375000 0.702303
vt 0.374993 0.696414
vt 0.375000 0.705901
vt 0.375000 0.702214
vt 0.375000 0.705639
vt 0.375000 0.702000
vt 0.375000 0.696234
vt 0.375000 0.707608
vt 0.375000 0.707450
vt 0.375000 0.646914
vt 0.375000 0.648535
vt 0.375000 0.652264
vt 0.375000 0.648535
vt 0.375000 0.652264
vt 0.375000 0.646914
vt 0.374960 0.687503
vt 0.375000 0.687659
vt 0.374929 0.667106
vt 0.375000 0.667120
vt 0.375000 0.687447
vt 0.375000 0.702272
vt 0.375000 0.706033
vt 0.375000 0.705919
vt 0.375000 0.707618
vt 0.375000 0.705778
vt 0.375000 0.707532
vt 0.375000 0.702233
vt 0.375000 0.702154
vt 0.375000 0.656100
vt 0.375000 0.666632
vt 0.375000 0.665954
vt 0.375000 0.687935
vt 0.375000 0.687658
vt 0.375000 0.688613
vt 0.375000 0.690214
vt 0.375000 0.700522
vt 0.375000 0.654045
vt 0.375000 0.664353
vt 0.375000 0.695151
vt 0.375000 0.677285
vt 0.375000 0.668357
vt 0.375000 0.666370
vt 0.375000 0.665875
vt 0.375000 0.696240
vt 0.375000 0.705815
vt 0.375000 0.707388
vt 0.375000 0.705141
vt 0.375000 0.705360
vt 0.375000 0.703933
vt 0.375000 0.652858
vt 0.375000 0.649203
vt 0.375000 0.647776
vt 0.375000 0.666908
vt 0.375000 0.687618
vt 0.375000 0.687658
vt 0.375000 0.705363
vt 0.375000 0.701708
vt 0.375000 0.661720
vt 0.375000 0.688449
vt 0.375000 0.688246
vt 0.375000 0.664339
vt 0.375000 0.653947
vt 0.375000 0.700619
vt 0.375000 0.690227
vt 0.375000 0.648224
vt 0.375000 0.652166
vt 0.375000 0.655668
vt 0.375000 0.649371
vt 0.375000 0.702400
vt 0.375000 0.698898
vt 0.375000 0.702767
vt 0.375000 0.705196
vt 0.374156 0.999016
vt 0.374268 0.999146
vt 0.374916 0.999902
vt 0.374894 0.999877
vt 0.374983 0.999981
vt 0.125000 0.693649
vt 0.125000 0.679783
vt 0.125000 0.667933
vt 0.125000 0.668085
vt 0.125000 0.656977
vt 0.125000 0.656533
vt 0.125000 0.680370
vt 0.125000 0.669595
vt 0.125000 0.679253
vt 0.125000 0.670174
vt 0.125000 0.664086
vt 0.125000 0.661643
vt 0.125000 0.693843
vt 0.125000 0.646582
vt 0.125000 0.647186
vt 0.125000 0.646948
vt 0.125000 0.646379
vt 0.125000 0.648903
vt 0.125000 0.648587
vt 0.125000 0.646578
vt 0.125000 0.647398
vt 0.125000 0.646740
vt 0.125000 0.646432
vt 0.125000 0.650974
vt 0.125000 0.648946
vt 0.125000 0.647398
vt 0.125000 0.647176
vt 0.125000 0.652056
vt 0.125000 0.658160
vt 0.375080 1.000000
vt 0.375711 1.000000
vt 0.374982 0.999979
vt 0.375044 1.000000
vt 0.374204 0.999072
vt 0.374132 0.998988
vt 0.374891 0.999874
vt 0.125000 0.646290
vt 0.125000 0.646343
vt 0.125000 0.646911
vt 0.125000 0.646888
vt 0.125000 0.648549
vt 0.125000 0.648600
vt 0.125000 0.648600
vt 0.125000 0.648549
vt 0.125000 0.651790
vt 0.125017 0.652024
vt 0.125000 0.650926
vt 0.125000 0.655668
vt 0.125000 0.656101
vt 0.125000 0.647350
vt 0.125000 0.648863
vt 0.125000 0.650913
vt 0.125000 0.646563
vt 0.125000 0.646792
vt 0.125000 0.646329
vt 0.127863 0.669972
vt 0.127399 0.668674
vt 0.132909 0.686508
vt 0.148363 0.714988
vt 0.144908 0.711699
vt 0.167848 0.747656
vt 0.129461 0.682486
vt 0.136939 0.704122
vt 0.156384 0.737088
vt 0.126344 0.665606
vt 0.207675 0.798924
vt 0.208016 0.798681
vt 0.204219 0.795826
vt 0.249253 0.850806
vt 0.249904 0.850574
vt 0.291416 0.901654
vt 0.291749 0.901069
vt 0.290877 0.901268
vt 0.244514 0.846578
vt 0.290004 0.900468
vt 0.289141 0.899675
vt 0.196698 0.788922
vt 0.187927 0.780885
vt 0.351563 0.972663
vt 0.351454 0.972537
vt 0.372467 0.996961
vt 0.372998 0.996812
vt 0.372396 0.996963
vt 0.371763 0.996224
vt 0.364583 0.987850
vt 0.371636 0.996077
vt 0.351020 0.972031
vt 0.350911 0.971904
vt 0.342966 0.928517
vt 0.371383 0.963804
vt 0.393497 0.957850
vt 0.332670 0.936476
vt 0.358763 0.967809
vt 0.412266 0.982678
vt 0.388244 0.984975
vt 0.396162 0.995314
vt 0.420581 0.994659
vt 0.381524 0.995819
vt 0.380208 1.000000
vt 0.398438 1.000000
vt 0.375008 0.996208
vt 0.377604 1.000000
vt 0.332670 0.936476
vt 0.328408 0.941124
vt 0.352964 0.970149
vt 0.198427 0.770316
vt 0.190311 0.724527
vt 0.204950 0.788972
vt 0.250820 0.840380
vt 0.254768 0.786143
vt 0.301754 0.878579
vt 0.292284 0.898257
vt 0.207438 0.796290
vt 0.127485 0.668768
vt 0.129948 0.682931
vt 0.128398 0.696040
vt 0.144233 0.710567
vt 0.134264 0.687969
vt 0.147649 0.713987
vt 0.125659 0.658523
vt 0.127940 0.670200
vt 0.125000 0.644183
vt 0.125000 0.644497
vt 0.125000 0.642363
vt 0.125000 0.645454
vt 0.125000 0.645904
vt 0.125000 0.646871
vt 0.125000 0.645006
vt 0.125000 0.647909
vt 0.125000 0.646871
vt 0.125000 0.651233
vt 0.125000 0.655595
vt 0.125000 0.648308
vt 0.125066 0.651974
vt 0.125000 0.646074
vt 0.125000 0.646646
vt 0.125000 0.646888
vt 0.398453 1.000000
vt 0.384235 1.000000
vt 0.382909 1.000000
vt 0.395017 1.000000
vt 0.387030 1.000000
vt 0.377478 1.000000
vt 0.376388 1.000000
vt 0.377943 1.000000
vt 0.125000 0.644134
vt 0.125000 0.644082
vt 0.125000 0.642142
vt 0.125000 0.645298
vt 0.125000 0.644084
vt 0.125000 0.642103
vt 0.125000 0.645335
vt 0.125000 0.645909
vt 0.125000 0.645904
vt 0.125000 0.645894
vt 0.125000 0.662128
vt 0.125000 0.661822
vt 0.125000 0.650207
vt 0.125000 0.677285
vt 0.125000 0.692854
vt 0.125000 0.645570
vt 0.125000 0.645974
vt 0.125000 0.645790
vt 0.125000 0.644358
vt 0.125000 0.642925
vt 0.125000 0.644225
vt 0.125000 0.642778
vt 0.125000 0.645790
vt 0.125000 0.645377
vt 0.125000 0.646081
vt 0.125000 0.645968
vt 0.125000 0.646187
vt 0.125000 0.651610
vt 0.125000 0.662333
vt 0.125000 0.651687
vt 0.125000 0.662412
vt 0.125000 0.692846
vt 0.125000 0.651044
vt 0.125000 0.662274
vt 0.125000 0.664419
vt 0.125000 0.655668
vt 0.125000 0.678364
vt 0.125000 0.678332
vt 0.125000 0.693161
vt 0.125000 0.693339
vt 0.125000 0.678472
vt 0.125000 0.658159
vt 0.125000 0.667521
vt 0.125000 0.667857
vt 0.125000 0.678364
vt 0.125000 0.659187
vt 0.125000 0.668238
vt 0.125000 0.678748
vt 0.125000 0.693705
vt 0.125000 0.661874
vt 0.125000 0.669538
vt 0.125000 0.670174
vt 0.125096 0.652466
vt 0.125253 0.654497
vt 0.126135 0.665717
vt 0.125398 0.663499
vt 0.125000 0.654804
vt 0.126350 0.678858
vt 0.136785 0.703919
vt 0.130573 0.698031
vt 0.149137 0.730365
vt 0.128665 0.681558
vt 0.136013 0.703212
vt 0.155081 0.735989
vt 0.125000 0.646556
vt 0.125000 0.646347
vt 0.125000 0.646688
vt 0.125000 0.647550
vt 0.125000 0.647210
vt 0.125000 0.646596
vt 0.125000 0.646596
vt 0.125000 0.647210
vt 0.125026 0.649066
vt 0.125012 0.647649
vt 0.125000 0.647550
vt 0.125006 0.649770
vt 0.125000 0.647793
vt 0.125000 0.649080
vt 0.125000 0.651610
vt 0.125000 0.647114
vt 0.125000 0.646688
vt 0.125000 0.652806
vt 0.125000 0.652365
vt 0.125000 0.654109
vt 0.125000 0.651089
vt 0.125000 0.649517
vt 0.125000 0.648951
vt 0.125000 0.648951
vt 0.125000 0.649517
vt 0.125000 0.647809
vt 0.125000 0.647205
vt 0.125000 0.649511
vt 0.125000 0.654378
vt 0.125000 0.653076
vt 0.125000 0.660119
vt 0.125000 0.659187
vt 0.125000 0.656991
vt 0.125000 0.661874
vt 0.327852 0.944933
vt 0.351761 0.972888
vt 0.336806 0.955451
vt 0.356097 0.977951
vt 0.366074 0.989589
vt 0.372113 0.996633
vt 0.372245 0.996787
vt 0.372830 0.997469
vt 0.373915 0.998735
vt 0.364632 0.987907
vt 0.196559 0.788879
vt 0.190161 0.782934
vt 0.244695 0.846996
vt 0.241512 0.843873
vt 0.290213 0.900779
vt 0.289200 0.899762
vt 0.292969 0.903890
vt 0.249445 0.852645
vt 0.302722 0.915434
vt 0.197223 0.789904
vt 0.288760 0.899353
vt 0.288785 0.899384
vt 0.143877 0.725532
vt 0.351563 0.972664
vt 0.365017 0.988357
vt 0.371745 0.996203
vt 0.372179 0.996710
vt 0.374132 0.998988
vt 0.374132 0.998988
vt 0.372294 0.996844
vt 0.374135 0.998991
vt 0.125000 0.646932
vt 0.125000 0.646338
vt 0.125000 0.648668
vt 0.125000 0.646990
vt 0.125000 0.647205
vt 0.125000 0.646382
vt 0.125000 0.658338
vt 0.125000 0.652328
vt 0.125000 0.646179
vt 0.125000 0.646222
vt 0.125000 0.646188
vt 0.125000 0.646267
vt 0.125002 0.646842
vt 0.125012 0.651066
vt 0.125000 0.646259
vt 0.125000 0.646347
vt 0.125000 0.661829
vt 0.125000 0.677283
vt 0.125417 0.693224
vt 0.125169 0.677480
vt 0.127471 0.695103
vt 0.125050 0.662404
vt 0.125000 0.646176
vt 0.125000 0.646160
vt 0.125000 0.646159
vt 0.125000 0.646174
vt 0.125000 0.646204
vt 0.125000 0.646379
vt 0.125000 0.693603
vt 0.125000 0.679661
vt 0.125000 0.667845
vt 0.374132 0.998988
vt 0.374132 0.998988
vt 0.374892 0.999874
vt 0.374892 0.999874
vt 0.374135 0.998991
vt 0.374892 0.999874
vt 0.374156 0.999016
vt 0.374895 0.999877
vt 0.520554 0.644989
vt 0.522184 0.637317
vt 0.519961 0.654152
vt 0.522184 0.637317
vt 0.489583 0.071718
vt 0.489583 0.085587
vt 0.529948 0.071760
vt 0.489583 0.097422
vt 0.529948 0.097547
vt 0.562500 0.098420
vt 0.562500 0.086342
vt 0.530165 0.056881
vt 0.016366 0.092233
vt 0.015761 0.089191
vt 0.017750 0.100427
vt 0.015625 0.088551
vt 0.015625 0.088551
vt 0.049619 0.280731
vt 0.051408 0.290503
vt 0.531261 1.000000
vt 0.531127 1.000000
vt 0.530543 1.000000
vt 0.531016 1.000000
vt 0.531250 0.119441
vt 0.531033 0.113502
vt 0.500000 0.125000
vt 0.530165 0.106543
vt 0.532380 1.000000
vt 0.534505 1.000000
vt 0.534734 0.999875
vt 0.534178 0.998869
vt 0.504340 1.000000
vt 0.531155 0.994934
vt 0.523032 0.983190
vt 0.523032 0.983190
vt 0.052150 0.294535
vt 0.049619 0.280731
vt 0.159227 0.314170
vt 0.301279 0.537732
vt 0.539555 0.913894
vt 0.313364 0.484182
vt 0.162547 0.289899
vt 0.471580 0.670643
vt 0.568904 0.941892
vt 0.543054 0.980667
vt 0.555262 0.696235
vt 0.551187 0.691665
vt 0.537049 0.697804
vt 0.577856 0.703743
vt 0.494030 0.685590
vt 0.517163 0.685529
vt 0.516491 0.693445
vt 0.535819 0.685104
vt 0.519469 0.664758
vt 0.592882 0.707982
vt 0.592665 0.707869
vt 0.592445 0.707760
vt 0.592450 0.707780
vt 0.592359 0.707924
vt 0.564188 0.700186
vt 0.569077 0.701466
vt 0.562500 0.699979
vt 0.579415 0.704304
vt 0.532480 0.708391
vt 0.591720 0.708143
vt 0.589044 0.707146
vt 0.592331 0.708302
vt 0.562500 0.708409
vt 0.562102 0.708287
vt 0.578951 0.704178
vt 0.569077 0.701466
vt 0.588264 0.706661
vt 0.592209 0.707792
vt 0.588619 0.707027
vt 0.579872 0.705412
vt 0.580393 0.712839
vt 0.589926 0.736801
vt 0.529948 0.860971
vt 0.490078 0.753670
vt 0.529779 0.799619
vt 0.528599 0.752549
vt 0.489583 0.861265
vt 0.529948 0.860971
vt 0.562500 0.858912
vt 0.580199 0.704601
vt 0.579452 0.704361
vt 0.510578 0.708227
vt 0.514106 0.708031
vt 0.559317 0.707617
vt 0.562102 0.708310
vt 0.601852 0.702645
vt 0.607987 0.704173
vt 0.618118 0.706888
vt 0.497779 0.707802
vt 0.500521 0.707956
vt 0.615214 0.708272
vt 0.592666 0.708390
vt 0.591975 0.708183
vt 0.592359 0.707924
vt 0.609850 0.706690
vt 0.508985 0.708263
vt 0.499409 0.707992
vt 0.509838 0.708265
vt 0.499638 0.707995
vt 0.532076 0.708318
vt 0.532480 0.708391
vt 0.607280 0.703781
vt 0.608754 0.699956
vt 0.552951 0.706031
vt 0.525608 0.707004
vt 0.552554 0.705932
vt 0.526497 0.706913
vt 0.559317 0.707617
vt 0.578765 0.704948
vt 0.609230 0.707076
vt 0.588017 0.707306
vt 0.580295 0.705059
vt 0.591895 0.708252
vt 0.588017 0.707306
vt 0.609230 0.707076
vt 0.613798 0.708136
vt 0.509018 0.708277
vt 0.600698 0.702412
vt 0.607058 0.704211
vt 0.598747 0.704250
vt 0.601852 0.702645
vt 0.617470 0.706858
vt 0.532275 0.708394
vt 0.607987 0.704173
vt 0.608175 0.704219
vt 0.607987 0.704173
vt 0.622041 0.707923
vt 0.615214 0.708272
vt 0.618983 0.706964
vt 0.618118 0.706888
vt 0.608148 0.704213
vt 0.608173 0.704254
vt 0.434896 0.114380
vt 0.434896 0.114380
vt 0.125000 0.630711
vt 0.435330 0.114339
vt 0.480903 0.115641
vt 0.497830 0.119242
vt 0.499566 0.121594
vt 0.479167 0.115804
vt 0.479167 0.115804
vt 0.497396 0.119205
vt 0.500000 0.121284
vt 0.437500 0.119568
vt 0.500000 0.113851
vt 0.435330 0.114339
s 1
f 679/1/679 1467/2/1435 4269/3/4171 2826/4/2790
f 1467/2/1435 202/5/202 2098/6/2064 4269/3/4171
f 4269/3/4171 2098/6/2064 518/7/518 2101/8/2067
f 2826/4/2790 4269/3/4171 2101/8/2067 701/9/701
f 202/5/202 1468/10/1436 4270/11/4172 2098/6/2064
f 1468/10/1436 15/12/15 1485/13/1453 4270/11/4172
f 4270/11/4172 1485/13/1453 211/14/211 2099/15/2065
f 2098/6/2064 4270/11/4172 2099/15/2065 518/7/518
f 518/7/518 2099/15/2065 4271/16/4173 2100/17/2066
f 2099/15/2065 211/14/211 1486/18/1454 4271/16/4173
f 4271/16/4173 1486/18/1454 19/19/19 1482/20/1450
f 2100/17/2066 4271/16/4173 1482/20/1450 209/21/209
f 701/9/701 2101/8/2067 4272/22/4174 2825/23/2789
f 2101/8/2067 518/7/518 2100/17/2066 4272/22/4174
f 4272/22/4174 2100/17/2066 209/21/209 1481/24/1449
f 2825/23/2789 4272/22/4174 1481/24/1449 680/25/680
f 90/26/90 1455/27/1423 4273/28/4175 1880/29/1846
f 1455/27/1423 196/30/196 2102/31/2068 4273/28/4175
f 4273/28/4175 2102/31/2068 519/32/519 2105/33/2071
f 1880/29/1846 4273/28/4175 2105/33/2071 409/26/409
f 196/30/196 1456/34/1424 4274/35/4176 2102/31/2068
f 1456/34/1424 7/36/7 1473/37/1441 4274/35/4176
f 4274/35/4176 1473/37/1441 205/38/205 2103/39/2069
f 2102/31/2068 4274/35/4176 2103/39/2069 519/32/519
f 519/32/519 2103/39/2069 4275/40/4177 2104/41/2070
f 2103/39/2069 205/37/205 1474/42/1442 4275/40/4177
f 4275/40/4177 1474/42/1442 16/43/16 1470/44/1438
f 2104/41/2070 4275/40/4177 1470/44/1438 203/45/203
f 409/26/409 2105/33/2071 4276/46/4178 1881/47/1847
f 2105/33/2071 519/32/519 2104/41/2070 4276/46/4178
f 4276/46/4178 2104/41/2070 203/45/203 1469/48/1437
f 1881/47/1847 4276/46/4178 1469/48/1437 92/49/92
f 89/50/89 1453/51/1421 4277/52/4179 1878/53/1844
f 1453/51/1421 195/54/195 2106/55/2072 4277/52/4179
f 4277/52/4179 2106/55/2072 520/56/520 2109/57/2075
f 1878/53/1844 4277/52/4179 2109/57/2075 408/58/408
f 195/54/195 1454/59/1422 4278/60/4180 2106/55/2072
f 1454/59/1422 11/61/11 1429/62/1397 4278/60/4180
f 4278/60/4180 1429/62/1397 183/63/183 2107/64/2073
f 2106/55/2072 4278/60/4180 2107/64/2073 520/56/520
f 520/56/520 2107/64/2073 4279/65/4181 2108/66/2074
f 2107/64/2073 183/63/183 1430/67/1398 4279/65/4181
f 4279/65/4181 1430/67/1398 3/68/3 1438/69/1406
f 2108/66/2074 4279/65/4181 1438/69/1406 187/70/187
f 408/71/408 2109/72/2075 4280/73/4182 1879/74/1845
f 2109/72/2075 520/75/520 2108/76/2074 4280/73/4182
f 4280/73/4182 2108/76/2074 187/77/187 1437/78/1405
f 1879/74/1845 4280/73/4182 1437/78/1405 86/79/86
f 5/19/5 1444/80/1412 4281/81/4183 1446/82/1414
f 1444/80/1412 190/83/190 2110/84/2076 4281/81/4183
f 4281/81/4183 2110/84/2076 521/85/521 2113/86/2079
f 1446/82/1414 4281/81/4183 2113/86/2079 191/87/191
f 678/88/678 2732/89/2696 4282/90/4184 2824/91/2788
f 2732/89/2696 6/92/6 1447/93/1415 4282/90/4184
f 4282/90/4184 1447/93/1415 192/94/192 2756/95/2720
f 2824/91/2788 4282/90/4184 2756/95/2720 702/96/702
f 702/96/702 2756/95/2720 4283/97/4185 2823/98/2787
f 2756/95/2720 192/94/192 1448/99/1416 4283/97/4185
f 4283/97/4185 1448/99/1416 2/100/2 1428/101/1396
f 2823/98/2787 4283/97/4185 1428/101/1396 676/102/676
f 191/87/191 2113/86/2079 4284/103/4186 1445/104/1413
f 2113/86/2079 521/85/521 2112/105/2078 4284/103/4186
f 4284/103/4186 2112/105/2078 182/106/182 1427/107/1395
f 1445/104/1413 4284/103/4186 1427/107/1395 1/108/1
f 85/109/85 1877/110/1843 4285/111/4187 1425/112/1393
f 1877/110/1843 407/113/407 2114/114/2080 4285/111/4187
f 4285/111/4187 2114/114/2080 522/115/522 2117/116/2083
f 1425/112/1393 4285/111/4187 2117/116/2083 181/117/181
f 407/113/407 1876/118/1842 4286/119/4188 2114/120/2080
f 1876/118/1842 89/50/89 1723/121/1690 4286/119/4188
f 4286/119/4188 1723/121/1690 330/122/330 2115/123/2081
f 2114/120/2080 4286/119/4188 2115/123/2081 522/124/522
f 522/124/522 2115/123/2081 4287/125/4189 2116/126/2082
f 2115/123/2081 330/122/330 1722/127/1689 4287/125/4189
f 4287/125/4189 1722/127/1689 5/19/5 1446/128/1414
f 2116/126/2082 4287/125/4189 1446/128/1414 191/129/191
f 181/130/181 2117/131/2083 4288/132/4190 1426/133/1394
f 2117/131/2083 522/124/522 2116/126/2082 4288/132/4190
f 4288/132/4190 2116/126/2082 191/129/191 1445/134/1413
f 1426/133/1394 4288/132/4190 1445/134/1413 1/135/1
f 87/136/87 1875/137/1841 4289/138/4191 1441/139/1409
f 1875/137/1841 406/140/406 2118/141/2084 4289/138/4191
f 4289/138/4191 2118/141/2084 523/142/523 2121/143/2087
f 1441/139/1409 4289/138/4191 2121/143/2087 189/144/189
f 406/145/406 1874/146/1840 4290/147/4192 2118/148/2084
f 1874/146/1840 88/149/88 1721/150/1688 4290/147/4192
f 4290/147/4192 1721/150/1688 329/151/329 2119/152/2085
f 2118/148/2084 4290/147/4192 2119/152/2085 523/153/523
f 523/153/523 2119/152/2085 4291/154/4193 2120/155/2086
f 2119/152/2085 329/151/329 1720/156/1687 4291/154/4193
f 4291/154/4193 1720/156/1687 2/157/2 1448/158/1416
f 2120/155/2086 4291/154/4193 1448/158/1416 192/159/192
f 189/144/189 2121/160/2087 4292/161/4194 1442/162/1410
f 2121/160/2087 523/153/523 2120/155/2086 4292/161/4194
f 4292/161/4194 2120/155/2086 192/159/192 1447/163/1415
f 1442/162/1410 4292/161/4194 1447/163/1415 6/92/6
f 87/164/87 1441/165/1409 4293/166/4195 1872/167/1838
f 1441/165/1409 189/168/189 2122/169/2088 4293/166/4195
f 4293/166/4195 2122/169/2088 524/170/524 2125/171/2091
f 1872/167/1838 4293/166/4195 2125/171/2091 405/172/405
f 189/168/189 1442/162/1410 4294/173/4196 2122/169/2088
f 1442/162/1410 6/92/6 1433/174/1401 4294/173/4196
f 4294/173/4196 1433/174/1401 185/175/185 2123/176/2089
f 2122/169/2088 4294/173/4196 2123/176/2089 524/170/524
f 524/177/524 2123/176/2089 4295/178/4197 2124/179/2090
f 2123/176/2089 185/175/185 1434/180/1402 4295/178/4197
f 4295/178/4197 1434/180/1402 7/36/7 1456/34/1424
f 2124/179/2090 4295/178/4197 1456/34/1424 196/30/196
f 405/172/405 2125/171/2091 4296/181/4198 1873/182/1839
f 2125/171/2091 524/170/524 2124/179/2090 4296/181/4198
f 4296/181/4198 2124/179/2090 196/183/196 1455/27/1423
f 1873/182/1839 4296/181/4198 1455/27/1423 90/26/90
f 678/184/678 1443/185/1411 4297/186/4199 2822/187/2786
f 1443/185/1411 190/188/190 2126/189/2092 4297/186/4199
f 4297/186/4199 2126/189/2092 525/190/525 2129/191/2095
f 2822/187/2786 4297/186/4199 2129/191/2095 703/192/703
f 190/188/190 1444/193/1412 4298/194/4200 2126/189/2092
f 1444/193/1412 5/19/5 1450/195/1418 4298/194/4200
f 4298/194/4200 1450/195/1418 193/196/193 2127/197/2093
f 2126/189/2092 4298/194/4200 2127/197/2093 525/190/525
f 525/190/525 2127/197/2093 4299/198/4201 2128/199/2094
f 2127/197/2093 193/196/193 1449/200/1417 4299/198/4201
f 4299/198/4201 1449/200/1417 4/19/4 1440/201/1408
f 2128/199/2094 4299/198/4201 1440/201/1408 188/202/188
f 703/192/703 2129/191/2095 4300/203/4202 2821/204/2785
f 2129/191/2095 525/190/525 2128/199/2094 4300/203/4202
f 4300/203/4202 2128/199/2094 188/202/188 1439/205/1407
f 2821/204/2785 4300/203/4202 1439/205/1407 677/206/677
f 86/207/86 1437/208/1405 4301/209/4203 1870/210/1836
f 1437/208/1405 187/70/187 2130/211/2096 4301/209/4203
f 4301/209/4203 2130/211/2096 526/212/526 2133/213/2099
f 1870/210/1836 4301/209/4203 2133/213/2099 404/214/404
f 187/70/187 1438/69/1406 4302/215/4204 2130/211/2096
f 1438/69/1406 3/68/3 1435/216/1403 4302/215/4204
f 4302/215/4204 1435/216/1403 186/217/186 2131/218/2097
f 2130/211/2096 4302/215/4204 2131/218/2097 526/212/526
f 526/212/526 2131/218/2097 4303/219/4205 2132/220/2098
f 2131/218/2097 186/217/186 1436/221/1404 4303/219/4205
f 4303/219/4205 1436/221/1404 14/222/14 1466/223/1434
f 2132/220/2098 4303/219/4205 1466/223/1434 201/224/201
f 404/214/404 2133/213/2099 4304/225/4206 1871/226/1837
f 2133/213/2099 526/212/526 2132/220/2098 4304/225/4206
f 4304/225/4206 2132/220/2098 201/224/201 1465/227/1433
f 1871/226/1837 4304/225/4206 1465/227/1433 91/228/91
f 85/229/85 1425/230/1393 4305/231/4207 1868/232/1834
f 1425/230/1393 181/233/181 2134/234/2100 4305/231/4207
f 4305/231/4207 2134/234/2100 527/235/527 2137/236/2103
f 1868/232/1834 4305/231/4207 2137/236/2103 403/237/403
f 181/117/181 1426/133/1394 4306/238/4208 2134/239/2100
f 1426/133/1394 1/135/1 1597/240/1565 4306/238/4208
f 4306/238/4208 1597/240/1565 267/240/267 2135/241/2101
f 2134/239/2100 4306/238/4208 2135/241/2101 527/242/527
f 527/242/527 2135/241/2101 4307/243/4209 2136/244/2102
f 2135/241/2101 267/240/267 1598/245/1566 4307/243/4209
f 4307/243/4209 1598/245/1566 50/240/50 1562/246/1530
f 2136/244/2102 4307/243/4209 1562/246/1530 249/247/249
f 403/248/403 2137/249/2103 4308/250/4210 1869/251/1835
f 2137/249/2103 527/242/527 2136/244/2102 4308/250/4210
f 4308/250/4210 2136/244/2102 249/247/249 1561/252/1529
f 1869/251/1835 4308/250/4210 1561/252/1529 105/253/105
f 677/206/677 1439/205/1407 4309/254/4211 2820/255/2784
f 1439/205/1407 188/202/188 2138/256/2104 4309/254/4211
f 4309/254/4211 2138/256/2104 528/257/528 2141/258/2107
f 2820/255/2784 4309/254/4211 2141/258/2107 704/259/704
f 188/202/188 1440/201/1408 4310/260/4212 2138/256/2104
f 1440/201/1408 4/19/4 1472/261/1440 4310/260/4212
f 4310/260/4212 1472/261/1440 204/262/204 2139/263/2105
f 2138/256/2104 4310/260/4212 2139/263/2105 528/257/528
f 528/21/528 2139/263/2105 4311/264/4213 2140/5/2106
f 2139/263/2105 204/261/204 1471/265/1439 4311/264/4213
f 4311/264/4213 1471/265/1439 15/12/15 1468/10/1436
f 2140/5/2106 4311/264/4213 1468/10/1436 202/266/202
f 704/259/704 2141/258/2107 4312/267/4214 2819/268/2783
f 2141/258/2107 528/257/528 2140/5/2106 4312/267/4214
f 4312/267/4214 2140/5/2106 202/5/202 1467/2/1435
f 2819/268/2783 4312/267/4214 1467/2/1435 679/1/679
f 681/269/681 2818/269/2782 4313/269/4215 1503/269/1471
f 2818/269/2782 705/269/705 2142/269/2108 4313/269/4215
f 4313/269/4215 2142/269/2108 529/269/529 2145/269/2111
f 1503/269/1471 4313/269/4215 2145/269/2111 220/269/220
f 705/269/705 2817/269/2781 4314/269/4216 2142/269/2108
f 2817/269/2781 680/269/680 1481/269/1449 4314/269/4216
f 4314/269/4216 1481/269/1449 209/269/209 2143/269/2109
f 2142/269/2108 4314/269/4216 2143/269/2109 529/269/529
f 529/269/529 2143/269/2109 4315/269/4217 2144/269/2110
f 2143/269/2109 209/269/209 1482/269/1450 4315/269/4217
f 4315/269/4217 1482/269/1450 19/269/19 1493/269/1461
f 2144/269/2110 4315/269/4217 1493/269/1461 215/269/215
f 220/269/220 2145/269/2111 4316/269/4218 1504/269/1472
f 2145/269/2111 529/269/529 2144/269/2110 4316/269/4218
f 4316/269/4218 2144/269/2110 215/269/215 1494/269/1462
f 1504/269/1472 4316/269/4218 1494/269/1462 23/269/23
f 92/49/92 1469/48/1437 4317/270/4219 1866/271/1832
f 1469/48/1437 203/45/203 2146/272/2112 4317/270/4219
f 4317/270/4219 2146/272/2112 530/273/530 2149/274/2115
f 1866/271/1832 4317/270/4219 2149/274/2115 402/275/402
f 203/45/203 1470/44/1438 4318/276/4220 2146/272/2112
f 1470/44/1438 16/43/16 1488/277/1456 4318/276/4220
f 4318/276/4220 1488/277/1456 212/278/212 2147/279/2113
f 2146/272/2112 4318/276/4220 2147/279/2113 530/273/530
f 530/273/530 2147/279/2113 4319/280/4221 2148/281/2114
f 2147/279/2113 212/278/212 1487/282/1455 4319/280/4221
f 4319/280/4221 1487/282/1455 20/36/20 1484/283/1452
f 2148/281/2114 4319/280/4221 1484/283/1452 210/284/210
f 402/285/402 2149/274/2115 4320/286/4222 1867/287/1833
f 2149/274/2115 530/273/530 2148/281/2114 4320/286/4222
f 4320/286/4222 2148/281/2114 210/284/210 1483/288/1451
f 1867/287/1833 4320/286/4222 1483/288/1451 94/289/94
f 91/228/91 1465/227/1433 4321/290/4223 1864/291/1830
f 1465/227/1433 201/224/201 2150/292/2116 4321/290/4223
f 4321/290/4223 2150/292/2116 531/293/531 2153/294/2119
f 1864/291/1830 4321/290/4223 2153/294/2119 401/295/401
f 201/224/201 1466/223/1434 4322/296/4224 2150/292/2116
f 1466/223/1434 14/297/14 1491/298/1459 4322/296/4224
f 4322/296/4224 1491/298/1459 214/299/214 2151/300/2117
f 2150/292/2116 4322/296/4224 2151/300/2117 531/293/531
f 531/293/531 2151/300/2117 4323/301/4225 2152/302/2118
f 2151/300/2117 214/299/214 1492/303/1460 4323/301/4225
f 4323/301/4225 1492/303/1460 18/304/18 1480/305/1448
f 2152/302/2118 4323/301/4225 1480/305/1448 208/306/208
f 401/295/401 2153/294/2119 4324/307/4226 1865/308/1831
f 2153/294/2119 531/293/531 2152/302/2118 4324/307/4226
f 4324/307/4226 2152/302/2118 208/306/208 1479/309/1447
f 1865/308/1831 4324/307/4226 1479/309/1447 93/310/93
f 682/311/682 1509/312/1477 4325/313/4227 2816/314/2780
f 1509/312/1477 223/315/223 2154/316/2120 4325/313/4227
f 4325/313/4227 2154/316/2120 532/317/532 2157/318/2123
f 2816/314/2780 4325/313/4227 2157/318/2123 706/319/706
f 223/315/223 1510/320/1478 4326/321/4228 2154/316/2120
f 1510/320/1478 27/322/27 1527/323/1495 4326/321/4228
f 4326/321/4228 1527/323/1495 232/324/232 2155/325/2121
f 2154/316/2120 4326/321/4228 2155/325/2121 532/317/532
f 532/317/532 2155/325/2121 4327/326/4229 2156/327/2122
f 2155/325/2121 232/324/232 1528/328/1496 4327/326/4229
f 4327/326/4229 1528/328/1496 31/329/31 1524/10/1492
f 2156/327/2122 4327/326/4229 1524/10/1492 230/330/230
f 706/319/706 2157/318/2123 4328/331/4230 2815/332/2779
f 2157/318/2123 532/317/532 2156/327/2122 4328/331/4230
f 4328/331/4230 2156/327/2122 230/330/230 1523/24/1491
f 2815/332/2779 4328/331/4230 1523/24/1491 683/206/683
f 93/269/93 1863/269/1829 4329/269/4231 1731/269/1698
f 1863/269/1829 400/269/400 2158/269/2124 4329/269/4231
f 4329/269/4231 2158/269/2124 533/269/533 2161/269/2127
f 1731/269/1698 4329/269/4231 2161/269/2127 334/269/334
f 400/269/400 1862/269/1828 4330/269/4232 2158/269/2124
f 1862/269/1828 95/269/95 1735/269/1702 4330/269/4232
f 4330/269/4232 1735/269/1702 336/269/336 2159/269/2125
f 2158/269/2124 4330/269/4232 2159/269/2125 533/269/533
f 533/269/533 2159/269/2125 4331/269/4233 2160/269/2126
f 2159/269/2125 336/269/336 1734/269/1701 4331/269/4233
f 4331/269/4233 1734/269/1701 23/269/23 1494/269/1462
f 2160/269/2126 4331/269/4233 1494/269/1462 215/269/215
f 334/269/334 2161/269/2127 4332/269/4234 1730/269/1697
f 2161/269/2127 533/269/533 2160/269/2126 4332/269/4234
f 4332/269/4234 2160/269/2126 215/269/215 1493/269/1461
f 1730/269/1697 4332/269/4234 1493/269/1461 19/269/19
f 96/269/96 1861/269/1827 4333/269/4235 1505/269/1473
f 1861/269/1827 399/269/399 2162/269/2128 4333/269/4235
f 4333/269/4235 2162/269/2128 534/269/534 2165/269/2131
f 1505/269/1473 4333/269/4235 2165/269/2131 221/269/221
f 399/269/399 1860/269/1826 4334/269/4236 2162/269/2128
f 1860/269/1826 94/269/94 1483/269/1451 4334/269/4236
f 4334/269/4236 1483/269/1451 210/269/210 2163/269/2129
f 2162/269/2128 4334/269/4236 2163/269/2129 534/269/534
f 534/269/534 2163/269/2129 4335/269/4237 2164/269/2130
f 2163/269/2129 210/269/210 1484/269/1452 4335/269/4237
f 4335/269/4237 1484/269/1452 20/269/20 1497/269/1465
f 2164/269/2130 4335/269/4237 1497/269/1465 217/269/217
f 221/269/221 2165/269/2131 4336/269/4238 1506/269/1474
f 2165/269/2131 534/269/534 2164/269/2130 4336/269/4238
f 4336/269/4238 2164/269/2130 217/269/217 1498/269/1466
f 1506/269/1474 4336/269/4238 1498/269/1466 24/269/24
f 535/333/535 2168/334/2134 4337/335/4239 2840/336/2804
f 2168/334/2134 237/5/237 2169/337/2135 4337/335/4239
f 4337/335/4239 2169/337/2135 728/338/728 2832/339/2796
f 2840/336/2804 4337/335/4239 2832/339/2796 732/340/732
f 230/330/230 1524/10/1492 4338/341/4240 2166/342/2132
f 1524/10/1492 31/343/31 1541/344/1509 4338/341/4240
f 4338/341/4240 1541/344/1509 239/345/239 2167/346/2133
f 2166/342/2132 4338/341/4240 2167/346/2133 535/333/535
f 535/347/535 2167/346/2133 4339/348/4241 2168/334/2134
f 2167/346/2133 239/345/239 1542/349/1510 4339/348/4241
f 4339/348/4241 1542/349/1510 35/350/35 1538/351/1506
f 2168/334/2134 4339/348/4241 1538/351/1506 237/266/237
f 240/278/240 1544/352/1512 4340/353/4242 2839/354/2803
f 1544/352/1512 32/355/32 2813/356/2777 4340/353/4242
f 4340/353/4242 2813/356/2777 731/357/731 2830/358/2794
f 2839/354/2803 4340/353/4242 2830/358/2794 730/359/730
f 96/360/96 1505/288/1473 4341/361/4243 1858/362/1824
f 1505/288/1473 221/284/221 2170/363/2136 4341/361/4243
f 4341/361/4243 2170/363/2136 536/364/536 2173/365/2139
f 1858/362/1824 4341/361/4243 2173/365/2139 398/366/398
f 221/284/221 1506/283/1474 4342/367/4244 2170/363/2136
f 1506/283/1474 24/92/24 1513/368/1481 4342/367/4244
f 4342/367/4244 1513/368/1481 225/369/225 2171/370/2137
f 2170/363/2136 4342/367/4244 2171/370/2137 536/364/536
f 536/364/536 2171/370/2137 4343/371/4245 2172/372/2138
f 2171/370/2137 225/369/225 1514/373/1482 4343/371/4245
f 4343/371/4245 1514/373/1482 28/374/28 1512/375/1480
f 2172/372/2138 4343/371/4245 1512/375/1480 224/376/224
f 398/366/398 2173/365/2139 4344/377/4246 1859/378/1825
f 2173/365/2139 536/364/536 2172/372/2138 4344/377/4246
f 4344/377/4246 2172/372/2138 224/376/224 1511/379/1479
f 1859/378/1825 4344/377/4246 1511/379/1479 98/26/98
f 95/310/95 1501/309/1469 4345/380/4247 1856/381/1822
f 1501/309/1469 219/306/219 2174/382/2140 4345/380/4247
f 4345/380/4247 2174/382/2140 537/383/537 2177/384/2143
f 1856/381/1822 4345/380/4247 2177/384/2143 397/385/397
f 219/306/219 1502/305/1470 4346/386/4248 2174/382/2140
f 1502/305/1470 22/304/22 1517/387/1485 4346/386/4248
f 4346/386/4248 1517/387/1485 227/388/227 2175/389/2141
f 2174/382/2140 4346/386/4248 2175/389/2141 537/383/537
f 537/383/537 2175/389/2141 4347/390/4249 2176/391/2142
f 2175/389/2141 227/392/227 1518/393/1486 4347/390/4249
f 4347/390/4249 1518/393/1486 26/68/26 1508/394/1476
f 2176/391/2142 4347/390/4249 1508/394/1476 222/395/222
f 397/396/397 2177/384/2143 4348/397/4250 1857/398/1823
f 2177/384/2143 537/383/537 2176/391/2142 4348/397/4250
f 4348/397/4250 2176/391/2142 222/395/222 1507/399/1475
f 1857/398/1823 4348/397/4250 1507/399/1475 97/400/97
f 681/25/681 1503/24/1471 4349/401/4251 2812/402/2776
f 1503/24/1471 220/5/220 2178/403/2144 4349/401/4251
f 4349/401/4251 2178/403/2144 538/404/538 2181/405/2147
f 2812/402/2776 4349/401/4251 2181/405/2147 708/406/708
f 220/5/220 1504/20/1472 4350/407/4252 2178/403/2144
f 1504/20/1472 23/19/23 1520/408/1488 4350/407/4252
f 4350/407/4252 1520/408/1488 228/409/228 2179/410/2145
f 2178/403/2144 4350/407/4252 2179/410/2145 538/404/538
f 538/404/538 2179/410/2145 4351/411/4253 2180/412/2146
f 2179/410/2145 228/409/228 1519/413/1487 4351/411/4253
f 4351/411/4253 1519/413/1487 27/322/27 1510/320/1478
f 2180/412/2146 4351/411/4253 1510/320/1478 223/315/223
f 708/406/708 2181/405/2147 4352/313/4254 2811/414/2775
f 2181/405/2147 538/404/538 2180/412/2146 4352/313/4254
f 4352/313/4254 2180/412/2146 223/315/223 1509/312/1477
f 2811/414/2775 4352/313/4254 1509/312/1477 682/311/682
f 98/415/98 1511/379/1479 4353/416/4255 1854/417/1820
f 1511/379/1479 224/376/224 2182/418/2148 4353/416/4255
f 4353/416/4255 2182/418/2148 539/419/539 2185/420/2151
f 1854/417/1820 4353/416/4255 2185/420/2151 396/366/396
f 224/376/224 1512/375/1480 4354/421/4256 2182/418/2148
f 1512/375/1480 28/374/28 1530/422/1498 4354/421/4256
f 4354/421/4256 1530/422/1498 233/423/233 2183/424/2149
f 2182/418/2148 4354/421/4256 2183/424/2149 539/419/539
f 539/419/539 2183/424/2149 4355/425/4257 2184/426/2150
f 2183/424/2149 233/423/233 1529/427/1497 4355/425/4257
f 4355/425/4257 1529/427/1497 32/355/32 1526/428/1494
f 2184/426/2150 4355/425/4257 1526/428/1494 231/429/231
f 396/366/396 2185/420/2151 4356/361/4258 1855/287/1821
f 2185/420/2151 539/419/539 2184/426/2150 4356/361/4258
f 4356/361/4258 2184/426/2150 231/429/231 1525/288/1493
f 1855/287/1821 4356/361/4258 1525/288/1493 100/289/100
f 97/400/97 1507/399/1475 4357/430/4259 1852/431/1818
f 1507/399/1475 222/395/222 2186/432/2152 4357/430/4259
f 4357/430/4259 2186/432/2152 540/433/540 2189/434/2155
f 1852/431/1818 4357/430/4259 2189/434/2155 395/435/395
f 222/395/222 1508/394/1476 4358/436/4260 2186/432/2152
f 1508/394/1476 26/68/26 1531/437/1499 4358/436/4260
f 4358/436/4260 1531/437/1499 234/438/234 2187/439/2153
f 2186/432/2152 4358/436/4260 2187/439/2153 540/433/540
f 540/433/540 2187/439/2153 4359/440/4261 2188/441/2154
f 2187/439/2153 234/438/234 1532/442/1500 4359/440/4261
f 4359/440/4261 1532/442/1500 30/68/30 1522/443/1490
f 2188/441/2154 4359/440/4261 1522/443/1490 229/444/229
f 395/431/395 2189/434/2155 4360/445/4262 1853/446/1819
f 2189/434/2155 540/433/540 2188/441/2154 4360/445/4262
f 4360/445/4262 2188/441/2154 229/444/229 1521/447/1489
f 1853/446/1819 4360/445/4262 1521/447/1489 99/448/99
f 101/449/101 1535/450/1503 4361/451/4263 1850/452/1816
f 1535/450/1503 236/453/236 2190/454/2156 4361/451/4263
f 4361/451/4263 2190/454/2156 541/455/541 2193/456/2159
f 1850/452/1816 4361/451/4263 2193/456/2159 394/452/394
f 236/453/236 1536/457/1504 4362/458/4264 2190/454/2156
f 1536/457/1504 34/459/34 1555/460/1523 4362/458/4264
f 4362/458/4264 1555/460/1523 246/461/246 2191/462/2157
f 2190/454/2156 4362/458/4264 2191/462/2157 541/455/541
f 541/455/541 2191/462/2157 4363/463/4265 2192/464/2158
f 2191/462/2157 246/461/246 1556/303/1524 4363/463/4265
f 4363/463/4265 1556/303/1524 38/304/38 1550/465/1518
f 2192/464/2158 4363/463/4265 1550/465/1518 243/466/243
f 394/452/394 2193/456/2159 4364/467/4266 1851/468/1817
f 2193/456/2159 541/455/541 2192/464/2158 4364/467/4266
f 4364/467/4266 2192/464/2158 243/466/243 1549/469/1517
f 1851/468/1817 4364/467/4266 1549/469/1517 103/470/103
f 100/289/100 1525/288/1493 4365/471/4267 1848/289/1814
f 1525/288/1493 231/429/231 2194/472/2160 4365/471/4267
f 4365/471/4267 2194/472/2160 542/473/542 2197/474/2163
f 1848/289/1814 4365/471/4267 2197/474/2163 393/475/393
f 231/429/231 1526/428/1494 4366/476/4268 2194/472/2160
f 1526/428/1494 32/355/32 1544/477/1512 4366/476/4268
f 4366/476/4268 1544/477/1512 240/278/240 2195/478/2161
f 2194/472/2160 4366/476/4268 2195/478/2161 542/473/542
f 542/473/542 2195/478/2161 4367/479/4269 2196/480/2162
f 2195/478/2161 240/481/240 1543/482/1511 4367/479/4269
f 4367/479/4269 1543/482/1511 36/36/36 1540/483/1508
f 2196/480/2162 4367/479/4269 1540/483/1508 238/484/238
f 393/475/393 2197/474/2163 4368/485/4270 1849/289/1815
f 2197/474/2163 542/473/542 2196/480/2162 4368/485/4270
f 4368/485/4270 2196/480/2162 238/484/238 1539/486/1507
f 1849/289/1815 4368/485/4270 1539/486/1507 102/487/102
f 99/448/99 1521/447/1489 4369/488/4271 1846/489/1812
f 1521/447/1489 229/444/229 2198/490/2164 4369/488/4271
f 4369/488/4271 2198/490/2164 543/491/543 2201/492/2167
f 1846/489/1812 4369/488/4271 2201/492/2167 392/493/392
f 229/444/229 1522/443/1490 4370/494/4272 2198/490/2164
f 1522/443/1490 30/68/30 1499/495/1467 4370/494/4272
f 4370/494/4272 1499/495/1467 218/495/218 2199/496/2165
f 2198/490/2164 4370/494/4272 2199/496/2165 543/491/543
f 543/491/543 2199/496/2165 4371/497/4273 2200/498/2166
f 2199/496/2165 218/68/218 1500/499/1468 4371/497/4273
f 4371/497/4273 1500/499/1468 34/459/34 1536/457/1504
f 2200/498/2166 4371/497/4273 1536/457/1504 236/453/236
f 392/493/392 2201/492/2167 4372/500/4274 1847/501/1813
f 2201/492/2167 543/491/543 2200/498/2166 4372/500/4274
f 4372/500/4274 2200/498/2166 236/453/236 1535/450/1503
f 1847/501/1813 4372/500/4274 1535/450/1503 101/449/101
f 104/487/104 1553/288/1521 4373/502/4275 1844/503/1810
f 1553/288/1521 245/504/245 2202/505/2168 4373/502/4275
f 4373/502/4275 2202/505/2168 544/506/544 2205/507/2171
f 1844/503/1810 4373/502/4275 2205/507/2171 391/275/391
f 245/504/245 1554/508/1522 4374/509/4276 2202/505/2168
f 1554/508/1522 40/510/40 1569/511/1537 4374/509/4276
f 4374/509/4276 1569/511/1537 253/512/253 2203/513/2169
f 2202/505/2168 4374/509/4276 2203/513/2169 544/514/544
f 544/514/544 2203/513/2169 4375/515/4277 2204/516/2170
f 2203/513/2169 253/512/253 1570/517/1538 4375/515/4277
f 4375/515/4277 1570/517/1538 44/518/44 1568/519/1536
f 2204/516/2170 4375/515/4277 1568/519/1536 252/520/252
f 391/275/391 2205/507/2171 4376/521/4278 1845/522/1811
f 2205/507/2171 544/514/544 2204/516/2170 4376/521/4278
f 4376/521/4278 2204/516/2170 252/520/252 1567/523/1535
f 1845/522/1811 4376/521/4278 1567/523/1535 107/524/107
f 684/525/684 1537/526/1505 4377/527/4279 2810/525/2774
f 1537/526/1505 237/5/237 2206/528/2172 4377/527/4279
f 4377/527/4279 2206/528/2172 545/529/545 2209/530/2175
f 2810/525/2774 4377/527/4279 2209/530/2175 709/206/709
f 237/5/237 1538/351/1506 4378/531/4280 2206/528/2172
f 1538/351/1506 35/350/35 1558/349/1526 4378/531/4280
f 4378/531/4280 1558/349/1526 247/343/247 2207/532/2173
f 2206/528/2172 4378/531/4280 2207/532/2173 545/529/545
f 545/529/545 2207/532/2173 4379/533/4281 2208/534/2174
f 2207/532/2173 247/343/247 1557/535/1525 4379/533/4281
f 4379/533/4281 1557/535/1525 39/536/39 1552/537/1520
f 2208/534/2174 4379/533/4281 1552/537/1520 244/538/244
f 709/206/709 2209/530/2175 4380/539/4282 2809/540/2773
f 2209/530/2175 545/529/545 2208/534/2174 4380/539/4282
f 4380/539/4282 2208/534/2174 244/538/244 1551/541/1519
f 2809/540/2773 4380/539/4282 1551/541/1519 686/540/686
f 102/487/102 1539/486/1507 4381/542/4283 1842/543/1808
f 1539/486/1507 238/484/238 2210/544/2176 4381/542/4283
f 4381/542/4283 2210/544/2176 546/429/546 2213/545/2179
f 1842/543/1808 4381/542/4283 2213/545/2179 390/289/390
f 238/484/238 1540/483/1508 4382/546/4284 2210/544/2176
f 1540/483/1508 36/36/36 1560/37/1528 4382/546/4284
f 4382/546/4284 1560/37/1528 248/37/248 2211/547/2177
f 2210/544/2176 4382/546/4284 2211/547/2177 546/429/546
f 546/429/546 2211/547/2177 4383/548/4285 2212/549/2178
f 2211/547/2177 248/37/248 1559/550/1527 4383/548/4285
f 4383/548/4285 1559/550/1527 40/510/40 1554/508/1522
f 2212/549/2178 4383/548/4285 1554/508/1522 245/504/245
f 390/289/390 2213/545/2179 4384/551/4286 1843/552/1809
f 2213/545/2179 546/549/546 2212/549/2178 4384/551/4286
f 4384/551/4286 2212/549/2178 245/504/245 1553/288/1521
f 1843/552/1809 4384/551/4286 1553/288/1521 104/487/104
f 107/553/107 1567/554/1535 4385/555/4287 1840/556/1806
f 1567/554/1535 252/557/252 2214/558/2180 4385/555/4287
f 4385/555/4287 2214/558/2180 547/559/547 2217/560/2183
f 1840/556/1806 4385/555/4287 2217/560/2183 389/561/389
f 252/557/252 1568/562/1536 4386/563/4288 2214/558/2180
f 1568/562/1536 44/564/44 1583/565/1551 4386/563/4288
f 4386/563/4288 1583/565/1551 260/566/260 2215/567/2181
f 2214/558/2180 4386/563/4288 2215/567/2181 547/559/547
f 547/568/547 2215/569/2181 4387/570/4289 2216/571/2182
f 2215/569/2181 260/572/260 1584/573/1552 4387/570/4289
f 4387/570/4289 1584/573/1552 48/574/48 1582/575/1550
f 2216/571/2182 4387/570/4289 1582/575/1550 259/576/259
f 389/561/389 2217/560/2183 4388/577/4290 1841/578/1807
f 2217/560/2183 547/559/547 2216/579/2182 4388/577/4290
f 4388/577/4290 2216/579/2182 259/576/259 1581/580/1549
f 1841/578/1807 4388/577/4290 1581/580/1549 109/581/109
f 103/470/103 1549/469/1517 4389/582/4291 1838/583/1804
f 1549/469/1517 243/466/243 2218/584/2184 4389/582/4291
f 4389/582/4291 2218/584/2184 548/585/548 2221/586/2187
f 1838/583/1804 4389/582/4291 2221/586/2187 388/452/388
f 243/466/243 1550/465/1518 4390/587/4292 2218/584/2184
f 1550/465/1518 38/304/38 1573/588/1541 4390/587/4292
f 4390/587/4292 1573/588/1541 255/589/255 2219/590/2185
f 2218/584/2184 4390/587/4292 2219/590/2185 548/585/548
f 548/585/548 2219/590/2185 4391/591/4293 2220/592/2186
f 2219/590/2185 255/589/255 1574/593/1542 4391/591/4293
f 4391/591/4293 1574/593/1542 42/304/42 1564/594/1532
f 2220/592/2186 4391/591/4293 1564/594/1532 250/595/250
f 388/452/388 2221/586/2187 4392/596/4294 1839/597/1805
f 2221/586/2187 548/585/548 2220/592/2186 4392/596/4294
f 4392/596/4294 2220/592/2186 250/595/250 1563/598/1531
f 1839/597/1805 4392/596/4294 1563/598/1531 106/599/106
f 686/540/686 1551/541/1519 4393/600/4295 2808/601/2772
f 1551/541/1519 244/538/244 2222/602/2188 4393/600/4295
f 4393/600/4295 2222/602/2188 549/603/549 2225/604/2191
f 2808/601/2772 4393/600/4295 2225/604/2191 710/605/710
f 244/538/244 1552/537/1520 4394/606/4296 2222/602/2188
f 1552/537/1520 39/536/39 1576/607/1544 4394/606/4296
f 4394/606/4296 1576/607/1544 256/607/256 2223/10/2189
f 2222/602/2188 4394/606/4296 2223/10/2189 549/603/549
f 549/608/549 2223/10/2189 4395/351/4297 2224/608/2190
f 2223/10/2189 256/607/256 1575/609/1543 4395/351/4297
f 4395/351/4297 1575/609/1543 43/350/43 1566/351/1534
f 2224/608/2190 4395/351/4297 1566/351/1534 251/266/251
f 710/605/710 2225/604/2191 4396/610/4298 2807/611/2771
f 2225/604/2191 549/603/549 2224/608/2190 4396/610/4298
f 4396/610/4298 2224/608/2190 251/5/251 1565/612/1533
f 2807/611/2771 4396/610/4298 1565/612/1533 687/613/687
f 108/614/108 1837/615/1803 4397/616/4299 1761/617/1727
f 1837/615/1803 387/618/387 2226/619/2192 4397/616/4299
f 4397/616/4299 2226/619/2192 550/620/550 2229/621/2195
f 1761/617/1727 4397/616/4299 2229/621/2195 349/622/349
f 700/623/700 2754/624/2718 4398/625/4300 2806/626/2770
f 2754/624/2718 109/627/109 1581/628/1549 4398/625/4300
f 4398/625/4300 1581/628/1549 259/629/259 2765/630/2729
f 2806/626/2770 4398/625/4300 2765/630/2729 711/631/711
f 711/632/711 2765/633/2729 4399/634/4301 2805/635/2769
f 2765/633/2729 259/636/259 1582/637/1550 4399/634/4301
f 4399/634/4301 1582/637/1550 48/574/48 2742/638/2706
f 2805/635/2769 4399/634/4301 2742/638/2706 688/639/688
f 349/640/349 2229/641/2195 4400/642/4302 1760/643/1726
f 2229/641/2195 550/620/550 2228/644/2194 4400/642/4302
f 4400/642/4302 2228/644/2194 258/645/258 1580/646/1548
f 1760/643/1726 4400/642/4302 1580/646/1548 47/647/47
f 106/648/106 1563/649/1531 4401/650/4303 1834/651/1800
f 1563/649/1531 250/652/250 2230/653/2196 4401/650/4303
f 4401/650/4303 2230/653/2196 551/654/551 2233/655/2199
f 1834/651/1800 4401/650/4303 2233/655/2199 386/656/386
f 250/595/250 1564/594/1532 4402/657/4304 2230/658/2196
f 1564/594/1532 42/304/42 1587/589/1555 4402/657/4304
f 4402/657/4304 1587/589/1555 262/588/262 2231/659/2197
f 2230/658/2196 4402/657/4304 2231/659/2197 551/660/551
f 551/660/551 2231/659/2197 4403/661/4305 2232/662/2198
f 2231/659/2197 262/588/262 1588/304/1556 4403/661/4305
f 4403/661/4305 1588/304/1556 46/61/46 1578/663/1546
f 2232/662/2198 4403/661/4305 1578/663/1546 257/664/257
f 386/656/386 2233/655/2199 4404/665/4306 1835/666/1801
f 2233/655/2199 551/654/551 2232/667/2198 4404/665/4306
f 4404/665/4306 2232/667/2198 257/668/257 1577/669/1545
f 1835/666/1801 4404/665/4306 1577/669/1545 108/670/108
f 687/613/687 1565/612/1533 4405/671/4307 2804/672/2768
f 1565/612/1533 251/5/251 2234/673/2200 4405/671/4307
f 4405/671/4307 2234/673/2200 552/674/552 2237/675/2203
f 2804/672/2768 4405/671/4307 2237/675/2203 712/676/712
f 251/5/251 1566/351/1534 4406/677/4308 2234/673/2200
f 1566/351/1534 43/607/43 1590/678/1558 4406/677/4308
f 4406/677/4308 1590/678/1558 263/679/263 2235/680/2201
f 2234/673/2200 4406/677/4308 2235/680/2201 552/674/552
f 552/674/552 2235/680/2201 4407/681/4309 2236/682/2202
f 2235/680/2201 263/679/263 1589/683/1557 4407/681/4309
f 4407/681/4309 1589/683/1557 47/647/47 1580/646/1548
f 2236/682/2202 4407/681/4309 1580/646/1548 258/684/258
f 712/685/712 2237/686/2203 4408/687/4310 2803/688/2767
f 2237/686/2203 552/674/552 2236/682/2202 4408/687/4310
f 4408/687/4310 2236/682/2202 258/689/258 1579/690/1547
f 2803/688/2767 4408/687/4310 1579/690/1547 688/691/688
f 1/108/1 1427/107/1395 4409/692/4311 1597/693/1565
f 1427/107/1395 182/106/182 2238/694/2204 4409/692/4311
f 4409/692/4311 2238/694/2204 553/695/553 2241/696/2207
f 1597/693/1565 4409/692/4311 2241/696/2207 267/697/267
f 676/102/676 1428/101/1396 4410/698/4312 2802/699/2766
f 1428/101/1396 2/100/2 1601/700/1569 4410/698/4312
f 4410/698/4312 1601/700/1569 269/701/269 2767/702/2731
f 2802/699/2766 4410/698/4312 2767/702/2731 713/703/713
f 713/703/713 2767/702/2731 4411/704/4313 2801/705/2765
f 2767/702/2731 269/701/269 1602/706/1570 4411/704/4313
f 4411/704/4313 1602/706/1570 51/707/51 1592/708/1560
f 2801/705/2765 4411/704/4313 1592/708/1560 689/709/689
f 267/697/267 2241/696/2207 4412/710/4314 1598/108/1566
f 2241/696/2207 553/695/553 2240/711/2206 4412/710/4314
f 4412/710/4314 2240/711/2206 264/712/264 1591/713/1559
f 1598/108/1566 4412/710/4314 1591/713/1559 50/108/50
f 88/149/88 1451/714/1419 4413/715/4315 1832/716/1798
f 1451/714/1419 194/717/194 2242/718/2208 4413/715/4315
f 4413/715/4315 2242/718/2208 554/719/554 2245/720/2211
f 1832/716/1798 4413/715/4315 2245/720/2211 385/721/385
f 194/717/194 1452/722/1420 4414/723/4316 2242/718/2208
f 1452/722/1420 10/724/10 1463/724/1431 4414/723/4316
f 4414/723/4316 1463/724/1431 200/724/200 2243/725/2209
f 2242/718/2208 4414/723/4316 2243/725/2209 554/719/554
f 554/726/554 2243/725/2209 4415/727/4317 2244/728/2210
f 2243/725/2209 200/724/200 1464/724/1432 4415/727/4317
f 4415/727/4317 1464/724/1432 52/724/52 1594/722/1562
f 2244/728/2210 4415/727/4317 1594/722/1562 265/729/265
f 385/721/385 2245/720/2211 4416/730/4318 1833/731/1799
f 2245/720/2211 554/719/554 2244/728/2210 4416/730/4318
f 4416/730/4318 2244/728/2210 265/729/265 1593/732/1561
f 1833/731/1799 4416/730/4318 1593/732/1561 110/733/110
f 689/734/689 2800/735/2764 4417/736/4319 2743/737/2707
f 2800/735/2764 714/738/714 2246/739/2212 4417/736/4319
f 4417/736/4319 2246/739/2212 555/740/555 2249/741/2215
f 2743/737/2707 4417/736/4319 2249/741/2215 264/742/264
f 714/738/714 2799/743/2763 4418/744/4320 2246/739/2212
f 2799/743/2763 690/745/690 2744/746/2708 4418/744/4320
f 4418/744/4320 2744/746/2708 275/747/275 2247/748/2213
f 2246/739/2212 4418/744/4320 2247/748/2213 555/740/555
f 555/740/555 2247/748/2213 4419/749/4321 2248/750/2214
f 2247/748/2213 275/747/275 1613/751/1581 4419/749/4321
f 4419/749/4321 1613/751/1581 54/752/54 1595/752/1563
f 2248/750/2214 4419/749/4321 1595/752/1563 266/240/266
f 264/742/264 2249/741/2215 4420/753/4322 1591/754/1559
f 2249/741/2215 555/740/555 2248/750/2214 4420/753/4322
f 4420/753/4322 2248/750/2214 266/240/266 1596/755/1564
f 1591/754/1559 4420/753/4322 1596/755/1564 50/135/50
f 105/253/105 1561/252/1529 4421/756/4323 1830/757/1796
f 1561/252/1529 249/247/249 2250/758/2216 4421/756/4323
f 4421/756/4323 2250/758/2216 556/759/556 2253/760/2219
f 1830/757/1796 4421/756/4323 2253/760/2219 384/761/384
f 249/762/249 1562/246/1530 4422/763/4324 2250/758/2216
f 1562/246/1530 50/135/50 1596/764/1564 4422/763/4324
f 4422/763/4324 1596/764/1564 266/240/266 2251/765/2217
f 2250/758/2216 4422/763/4324 2251/765/2217 556/758/556
f 556/759/556 2251/765/2217 4423/766/4325 2252/767/2218
f 2251/765/2217 266/752/266 1595/752/1563 4423/766/4325
f 4423/766/4325 1595/752/1563 54/240/54 1604/768/1572
f 2252/767/2218 4423/766/4325 1604/768/1572 270/769/270
f 384/761/384 2253/760/2219 4424/770/4326 1831/771/1797
f 2253/760/2219 556/759/556 2252/767/2218 4424/770/4326
f 4424/770/4326 2252/767/2218 270/769/270 1603/772/1571
f 1831/771/1797 4424/770/4326 1603/772/1571 111/773/111
f 111/774/111 1603/772/1571 4425/775/4327 1828/776/1794
f 1603/772/1571 270/777/270 2254/778/2220 4425/775/4327
f 4425/775/4327 2254/778/2220 557/779/557 2257/780/2223
f 1828/776/1794 4425/775/4327 2257/780/2223 383/781/383
f 270/769/270 1604/768/1572 4426/782/4328 2254/783/2220
f 1604/768/1572 54/240/54 1606/784/1574 4426/782/4328
f 4426/782/4328 1606/784/1574 271/785/271 2255/786/2221
f 2254/783/2220 4426/782/4328 2255/786/2221 557/787/557
f 557/787/557 2255/786/2221 4427/788/4329 2256/789/2222
f 2255/786/2221 271/785/271 1605/790/1573 4427/788/4329
f 4427/788/4329 1605/790/1573 56/791/56 1618/792/1586
f 2256/789/2222 4427/788/4329 1618/792/1586 277/793/277
f 383/794/383 2257/795/2223 4428/796/4330 1829/797/1795
f 2257/795/2223 557/787/557 2256/789/2222 4428/796/4330
f 4428/796/4330 2256/789/2222 277/793/277 1617/798/1585
f 1829/797/1795 4428/796/4330 1617/798/1585 113/799/113
f 125/269/125 1704/269/1671 4429/800/4331 1826/801/1792
f 1704/269/1671 321/269/321 2258/802/2224 4429/800/4331
f 4429/800/4331 2258/802/2224 558/803/558 2261/804/2227
f 1826/801/1792 4429/800/4331 2261/804/2227 382/805/382
f 321/269/321 1705/269/1672 4430/806/4332 2258/802/2224
f 1705/269/1672 84/269/84 1621/807/1589 4430/806/4332
f 4430/806/4332 1621/807/1589 279/808/279 2259/809/2225
f 2258/802/2224 4430/806/4332 2259/809/2225 558/803/558
f 558/810/558 2259/811/2225 4431/812/4333 2260/813/2226
f 2259/811/2225 279/814/279 1622/811/1590 4431/812/4333
f 4431/812/4333 1622/811/1590 60/810/60 1610/813/1578
f 2260/813/2226 4431/812/4333 1610/813/1578 273/815/273
f 382/805/382 2261/816/2227 4432/817/4334 1827/818/1793
f 2261/816/2227 558/810/558 2260/813/2226 4432/817/4334
f 4432/817/4334 2260/813/2226 273/815/273 1609/819/1577
f 1827/818/1793 4432/817/4334 1609/819/1577 112/820/112
f 692/821/692 2746/822/2710 4433/823/4335 2798/824/2762
f 2746/822/2710 288/825/288 2262/826/2228 4433/823/4335
f 4433/823/4335 2262/826/2228 559/827/559 2265/828/2231
f 2798/824/2762 4433/823/4335 2265/828/2231 715/829/715
f 288/825/288 1639/830/1607 4434/831/4336 2262/826/2228
f 1639/830/1607 68/832/68 1650/833/1617 4434/831/4336
f 4434/831/4336 1650/833/1617 293/834/293 2263/835/2229
f 2262/826/2228 4434/831/4336 2263/835/2229 559/827/559
f 559/827/559 2263/835/2229 4435/836/4337 2264/837/2230
f 2263/835/2229 293/834/293 1649/838/1616 4435/836/4337
f 4435/836/4337 1649/838/1616 64/839/64 1647/840/1614
f 2264/837/2230 4435/836/4337 1647/840/1614 292/841/292
f 715/842/715 2265/843/2231 4436/844/4338 2797/845/2761
f 2265/843/2231 559/827/559 2264/837/2230 4436/844/4338
f 4436/844/4338 2264/837/2230 292/841/292 2747/846/2711
f 2797/845/2761 4436/844/4338 2747/846/2711 693/847/693
f 54/240/54 1613/848/1581 4437/849/4339 1606/784/1574
f 1613/848/1581 275/747/275 2266/850/2232 4437/849/4339
f 4437/849/4339 2266/850/2232 560/851/560 2269/852/2235
f 1606/784/1574 4437/849/4339 2269/852/2235 271/785/271
f 690/745/690 1614/853/1582 4438/854/4340 2796/855/2760
f 1614/853/1582 55/269/55 1636/856/1604 4438/854/4340
f 4438/854/4340 1636/856/1604 286/857/286 2770/858/2734
f 2796/855/2760 4438/854/4340 2770/858/2734 716/859/716
f 716/859/716 2770/858/2734 4439/860/4341 2795/861/2759
f 2770/858/2734 286/857/286 1635/862/1603 4439/860/4341
f 4439/860/4341 1635/862/1603 61/863/61 1616/864/1584
f 2795/861/2759 4439/860/4341 1616/864/1584 691/865/691
f 271/785/271 2269/852/2235 4440/866/4342 1605/790/1573
f 2269/852/2235 560/851/560 2268/867/2234 4440/866/4342
f 4440/866/4342 2268/867/2234 276/868/276 1615/869/1583
f 1605/790/1573 4440/866/4342 1615/869/1583 56/791/56
f 68/870/68 1639/871/1607 4441/872/4343 1660/873/1627
f 1639/871/1607 288/874/288 2270/875/2236 4441/872/4343
f 4441/872/4343 2270/875/2236 561/876/561 2273/877/2239
f 1660/873/1627 4441/872/4343 2273/877/2239 298/878/298
f 692/821/692 1640/879/1608 4442/880/4344 2794/881/2758
f 1640/879/1608 69/882/69 1643/883/1611 4442/880/4344
f 4442/880/4344 1643/883/1611 290/883/290 2771/884/2735
f 2794/881/2758 4442/880/4344 2771/884/2735 717/885/717
f 717/885/717 2771/884/2735 4443/886/4345 2793/887/2757
f 2771/884/2735 290/883/290 1644/883/1612 4443/886/4345
f 4443/886/4345 1644/883/1612 73/882/73 1654/888/1621
f 2793/887/2757 4443/886/4345 1654/888/1621 694/889/694
f 298/878/298 2273/877/2239 4444/890/4346 1659/891/1626
f 2273/877/2239 561/876/561 2272/892/2238 4444/890/4346
f 4444/890/4346 2272/892/2238 295/893/295 1653/894/1620
f 1659/891/1626 4444/890/4346 1653/894/1620 72/895/72
f 159/896/159 2033/897/1999 4445/898/4347 1990/899/1956
f 2033/897/1999 485/900/485 2274/901/2240 4445/898/4347
f 4445/898/4347 2274/901/2240 562/902/562 2277/903/2243
f 1990/899/1956 4445/898/4347 2277/903/2243 464/904/464
f 485/900/485 2032/905/1998 4446/906/4348 2274/907/2240
f 2032/905/1998 157/908/157 2003/909/1969 4446/906/4348
f 4446/906/4348 2003/909/1969 470/910/470 2275/911/2241
f 2274/907/2240 4446/906/4348 2275/911/2241 562/902/562
f 562/902/562 2275/911/2241 4447/912/4349 2276/913/2242
f 2275/911/2241 470/910/470 2002/914/1968 4447/912/4349
f 4447/912/4349 2002/914/1968 151/915/151 1984/916/1950
f 2276/913/2242 4447/912/4349 1984/916/1950 461/917/461
f 464/904/464 2277/918/2243 4448/919/4350 1991/920/1957
f 2277/918/2243 562/902/562 2276/913/2242 4448/919/4350
f 4448/919/4350 2276/913/2242 461/917/461 1985/921/1951
f 1991/920/1957 4448/919/4350 1985/921/1951 156/922/156
f 119/923/119 1655/714/1622 4449/924/4351 1822/925/1788
f 1655/714/1622 296/717/296 2278/926/2244 4449/924/4351
f 4449/924/4351 2278/926/2244 563/927/563 2281/928/2247
f 1822/925/1788 4449/924/4351 2281/928/2247 380/929/380
f 296/717/296 1656/722/1623 4450/930/4352 2278/926/2244
f 1656/722/1623 74/724/74 1671/724/1638 4450/930/4352
f 4450/930/4352 1671/724/1638 304/724/304 2279/722/2245
f 2278/926/2244 4450/930/4352 2279/722/2245 563/927/563
f 563/927/563 2279/722/2245 4451/931/4353 2280/932/2246
f 2279/722/2245 304/724/304 1672/724/1639 4451/931/4353
f 4451/931/4353 1672/724/1639 78/724/78 1670/722/1637
f 2280/932/2246 4451/931/4353 1670/722/1637 303/933/303
f 380/929/380 2281/928/2247 4452/934/4354 1823/935/1789
f 2281/928/2247 563/927/563 2280/932/2246 4452/934/4354
f 4452/934/4354 2280/932/2246 303/933/303 1669/936/1636
f 1823/935/1789 4452/934/4354 1669/936/1636 121/929/121
f 118/937/118 1641/938/1609 4453/939/4355 1820/940/1786
f 1641/938/1609 289/941/289 2282/942/2248 4453/939/4355
f 4453/939/4355 2282/942/2248 564/943/564 2285/944/2251
f 1820/940/1786 4453/939/4355 2285/944/2251 379/945/379
f 289/946/289 1642/947/1610 4454/948/4356 2282/942/2248
f 1642/947/1610 70/949/70 1661/950/1628 4454/948/4356
f 4454/948/4356 1661/950/1628 299/951/299 2283/952/2249
f 2282/942/2248 4454/948/4356 2283/952/2249 564/953/564
f 564/953/564 2283/952/2249 4455/954/4357 2284/955/2250
f 2283/952/2249 299/951/299 1662/724/1629 4455/954/4357
f 4455/954/4357 1662/724/1629 74/724/74 1656/722/1623
f 2284/955/2250 4455/954/4357 1656/722/1623 296/717/296
f 379/945/379 2285/956/2251 4456/957/4358 1821/958/1787
f 2285/956/2251 564/953/564 2284/955/2250 4456/957/4358
f 4456/957/4358 2284/955/2250 296/717/296 1655/714/1622
f 1821/958/1787 4456/957/4358 1655/714/1622 119/923/119
f 160/752/160 2031/959/1997 4457/960/4359 2009/752/1975
f 2031/959/1997 484/961/484 2286/962/2252 4457/960/4359
f 4457/960/4359 2286/962/2252 565/963/565 2289/964/2255
f 2009/752/1975 4457/960/4359 2289/964/2255 473/240/473
f 484/961/484 2030/965/1996 4458/966/4360 2286/962/2252
f 2030/965/1996 159/896/159 1990/899/1956 4458/966/4360
f 4458/966/4360 1990/899/1956 464/904/464 2287/967/2253
f 2286/962/2252 4458/966/4360 2287/967/2253 565/963/565
f 565/963/565 2287/967/2253 4459/968/4361 2288/969/2254
f 2287/967/2253 464/904/464 1991/970/1957 4459/968/4361
f 4459/968/4361 1991/970/1957 156/971/156 1982/972/1948
f 2288/969/2254 4459/968/4361 1982/972/1948 460/973/460
f 473/240/473 2289/964/2255 4460/974/4362 2008/245/1974
f 2289/964/2255 565/963/565 2288/969/2254 4460/974/4362
f 4460/974/4362 2288/969/2254 460/975/460 1983/976/1949
f 2008/245/1974 4460/974/4362 1983/976/1949 155/240/155
f 121/929/121 1669/936/1636 4461/977/4363 1816/978/1782
f 1669/936/1636 303/933/303 2290/979/2256 4461/977/4363
f 4461/977/4363 2290/979/2256 566/980/566 2293/981/2259
f 1816/978/1782 4461/977/4363 2293/981/2259 377/982/377
f 303/933/303 1670/722/1637 4462/983/4364 2290/979/2256
f 1670/722/1637 78/724/78 1684/984/1651 4462/983/4364
f 4462/983/4364 1684/984/1651 311/985/311 2291/986/2257
f 2290/979/2256 4462/983/4364 2291/986/2257 566/980/566
f 566/987/566 2291/986/2257 4463/988/4365 2292/989/2258
f 2291/986/2257 311/985/311 1685/990/1652 4463/988/4365
f 4463/988/4365 1685/990/1652 82/951/82 1682/991/1649
f 2292/989/2258 4463/988/4365 1682/991/1649 309/992/309
f 377/982/377 2293/981/2259 4464/993/4366 1817/994/1783
f 2293/981/2259 566/980/566 2292/989/2258 4464/993/4366
f 4464/993/4366 2292/989/2258 309/992/309 1681/995/1648
f 1817/994/1783 4464/993/4366 1681/995/1648 123/996/123
f 72/895/72 1653/894/1620 4465/997/4367 1658/998/1625
f 1653/894/1620 295/893/295 2294/999/2260 4465/997/4367
f 4465/997/4367 2294/999/2260 567/1000/567 2297/1001/2263
f 1658/998/1625 4465/997/4367 2297/1001/2263 297/1002/297
f 694/889/694 1654/888/1621 4466/1003/4368 2792/1004/2756
f 1654/888/1621 73/882/73 1674/883/1641 4466/1003/4368
f 4466/1003/4368 1674/883/1641 305/883/305 2772/1005/2736
f 2792/1004/2756 4466/1003/4368 2772/1005/2736 718/1006/718
f 718/1006/718 2772/1005/2736 4467/1007/4369 2791/1008/2755
f 2772/1005/2736 305/883/305 1673/883/1640 4467/1007/4369
f 4467/1007/4369 1673/883/1640 77/882/77 1668/1009/1635
f 2791/1008/2755 4467/1007/4369 1668/1009/1635 695/1010/695
f 297/1002/297 2297/1011/2263 4468/1012/4370 1657/1013/1624
f 2297/1011/2263 567/1000/567 2296/1014/2262 4468/1012/4370
f 4468/1012/4370 2296/1014/2262 302/1015/302 1667/1016/1634
f 1657/1013/1624 4468/1012/4370 1667/1016/1634 76/1017/76
f 157/908/157 2029/1018/1995 4469/1019/4371 2003/1020/1969
f 2029/1018/1995 483/1021/483 2298/1022/2264 4469/1019/4371
f 4469/1019/4371 2298/1022/2264 568/1023/568 2301/1024/2267
f 2003/1020/1969 4469/1019/4371 2301/1024/2267 470/1025/470
f 483/1021/483 2028/1026/1994 4470/1027/4372 2298/1022/2264
f 2028/1026/1994 158/1023/158 1637/1028/1605 4470/1027/4372
f 4470/1027/4372 1637/1028/1605 287/1025/287 2299/1029/2265
f 2298/1022/2264 4470/1027/4372 2299/1029/2265 568/1023/568
f 568/1026/568 2299/1030/2265 4471/1031/4373 2300/1032/2266
f 2299/1030/2265 287/1025/287 1638/1033/1606 4471/1031/4373
f 4471/1031/4373 1638/1033/1606 153/1034/153 1986/1035/1952
f 2300/1032/2266 4471/1031/4373 1986/1035/1952 462/1026/462
f 470/910/470 2301/1029/2267 4472/1036/4374 2002/914/1968
f 2301/1029/2267 568/1026/568 2300/1032/2266 4472/1036/4374
f 4472/1036/4374 2300/1032/2266 462/1026/462 1987/1037/1953
f 2002/914/1968 4472/1036/4374 1987/1037/1953 151/915/151
f 122/1038/122 1813/1039/1779 4473/1040/4375 1789/1041/1755
f 1813/1039/1779 375/1042/375 2302/1043/2268 4473/1040/4375
f 4473/1040/4375 2302/1043/2268 569/1044/569 2305/1045/2271
f 1789/1041/1755 4473/1040/4375 2305/1045/2271 363/1046/363
f 699/1047/699 2753/1048/2717 4474/1049/4376 2790/1050/2754
f 2753/1048/2717 123/1051/123 1681/1052/1648 4474/1049/4376
f 4474/1049/4376 1681/1052/1648 309/1053/309 2773/1054/2737
f 2790/1050/2754 4474/1049/4376 2773/1054/2737 719/1055/719
f 719/1055/719 2773/1054/2737 4475/1056/4377 2789/1057/2753
f 2773/1054/2737 309/1053/309 1682/1058/1649 4475/1056/4377
f 4475/1056/4377 1682/1058/1649 82/1059/82 2751/1060/2715
f 2789/1057/2753 4475/1056/4377 2751/1060/2715 697/1061/697
f 569/1044/569 2304/1062/2270 4476/1063/4378 2876/1064/2840
f 2304/1062/2270 310/1065/310 2875/1066/2839 4476/1063/4378
f 4476/1063/4378 2875/1066/2839 747/1067/747 2873/1068/2837
f 2876/1064/2840 4476/1063/4378 2873/1068/2837 750/1069/750
f 120/1023/120 1665/1070/1632 4477/1071/4379 1810/1072/1776
f 1665/1070/1632 301/961/301 2306/1073/2272 4477/1071/4379
f 4477/1071/4379 2306/1073/2272 570/1074/570 2309/1075/2275
f 1810/1072/1776 4477/1071/4379 2309/1075/2275 374/1076/374
f 301/961/301 1666/1077/1633 4478/1078/4380 2306/1073/2272
f 1666/1077/1633 76/752/76 1688/752/1655 4478/1078/4380
f 4478/1078/4380 1688/752/1655 313/752/313 2307/1079/2273
f 2306/1073/2272 4478/1078/4380 2307/1079/2273 570/1074/570
f 570/1074/570 2307/1079/2273 4479/1080/4381 2308/1073/2274
f 2307/1079/2273 313/752/313 1689/752/1656 4479/1080/4381
f 4479/1080/4381 1689/752/1656 80/752/80 1678/1077/1645
f 2308/1073/2274 4479/1080/4381 1678/1077/1645 307/961/307
f 374/1076/374 2309/1075/2275 4480/1081/4382 1811/1082/1777
f 2309/1075/2275 570/1074/570 2308/1073/2274 4480/1081/4382
f 4480/1081/4382 2308/1073/2274 307/961/307 1677/1070/1644
f 1811/1082/1777 4480/1081/4382 1677/1070/1644 122/1023/122
f 76/1017/76 1667/1016/1634 4481/1083/4383 1688/697/1655
f 1667/1016/1634 302/1015/302 2310/1084/2276 4481/1083/4383
f 4481/1083/4383 2310/1084/2276 571/1085/571 2313/1086/2279
f 1688/697/1655 4481/1083/4383 2313/1086/2279 313/697/313
f 695/1010/695 1668/1009/1635 4482/1087/4384 2788/1088/2752
f 1668/1009/1635 77/882/77 1687/883/1654 4482/1087/4384
f 4482/1087/4384 1687/883/1654 312/883/312 2774/1089/2738
f 2788/1088/2752 4482/1087/4384 2774/1089/2738 720/1090/720
f 720/1090/720 2774/1089/2738 4483/1091/4385 2787/1092/2751
f 2774/1089/2738 312/883/312 1686/100/1653 4483/1091/4385
f 4483/1091/4385 1686/100/1653 81/100/81 1680/1093/1647
f 2787/1092/2751 4483/1091/4385 1680/1093/1647 696/102/696
f 313/697/313 2313/1086/2279 4484/1094/4386 1689/108/1656
f 2313/1086/2279 571/1085/571 2312/1095/2278 4484/1094/4386
f 4484/1094/4386 2312/1095/2278 308/106/308 1679/107/1646
f 1689/108/1656 4484/1094/4386 1679/107/1646 80/108/80
f 118/937/118 1809/1096/1775 4485/1097/4387 1641/1098/1609
f 1809/1096/1775 373/1099/373 2314/1100/2280 4485/1097/4387
f 4485/1097/4387 2314/1100/2280 572/1101/572 2317/1102/2283
f 1641/1098/1609 4485/1097/4387 2317/1102/2283 289/1103/289
f 373/1099/373 1808/1104/1774 4486/1105/4388 2314/1100/2280
f 1808/1104/1774 126/1106/126 1710/1107/1677 4486/1105/4388
f 4486/1105/4388 1710/1107/1677 324/1108/324 2315/1109/2281
f 2314/1100/2280 4486/1105/4388 2315/1109/2281 572/1101/572
f 572/1110/572 2315/1111/2281 4487/1112/4389 2316/1113/2282
f 2315/1111/2281 324/1114/324 1711/1115/1678 4487/1112/4389
f 4487/1112/4389 1711/1115/1678 65/269/65 1645/1116/1613
f 2316/1113/2282 4487/1112/4389 1645/1116/1613 291/1117/291
f 289/1103/289 2317/1118/2283 4488/1119/4390 1642/1120/1610
f 2317/1118/2283 572/1110/572 2316/1113/2282 4488/1119/4390
f 4488/1119/4390 2316/1113/2282 291/1117/291 1646/1121/199
f 1642/1120/1610 4488/1119/4390 1646/1121/199 70/949/70
f 112/820/112 1609/819/1577 4489/1122/4391 1806/1123/1772
f 1609/819/1577 273/815/273 2318/1124/2284 4489/1122/4391
f 4489/1122/4391 2318/1124/2284 573/269/573 2321/1125/2287
f 1806/1123/1772 4489/1122/4391 2321/1125/2287 372/1126/372
f 273/815/273 1610/813/1578 4490/1127/4392 2318/1124/2284
f 1610/813/1578 60/810/60 1629/1128/1597 4490/1127/4392
f 4490/1127/4392 1629/1128/1597 283/269/283 2319/269/2285
f 2318/1124/2284 4490/1127/4392 2319/269/2285 573/269/573
f 573/269/573 2319/269/2285 4491/1129/4393 2320/1130/2286
f 2319/269/2285 283/269/283 1630/1131/1598 4491/1129/4393
f 4491/1129/4393 1630/1131/1598 62/269/62 1624/1132/1592
f 2320/1130/2286 4491/1129/4393 1624/1132/1592 280/1133/280
f 372/1126/372 2321/1125/2287 4492/1134/4394 1807/1135/1773
f 2321/1125/2287 573/269/573 2320/1130/2286 4492/1134/4394
f 4492/1134/4394 2320/1130/2286 280/1136/280 1623/1137/1591
f 1807/1135/1773 4492/1134/4394 1623/1137/1591 114/1138/114
f 56/791/56 1615/869/1583 4493/1139/4395 1696/1140/1663
f 1615/869/1583 276/868/276 2322/1141/2288 4493/1139/4395
f 4493/1139/4395 2322/1141/2288 574/1142/574 2325/1143/2291
f 1696/1140/1663 4493/1139/4395 2325/1143/2291 317/1144/317
f 691/865/691 1616/864/1584 4494/1145/4396 2786/1146/2750
f 1616/864/1584 61/863/61 1694/1147/1661 4494/1145/4396
f 4494/1145/4396 1694/1147/1661 316/857/316 2775/1148/2739
f 2786/1146/2750 4494/1145/4396 2775/1148/2739 721/1149/721
f 721/1149/721 2775/1148/2739 4495/1150/4397 2785/1151/2749
f 2775/1148/2739 316/857/316 1695/856/1662 4495/1150/4397
f 4495/1150/4397 1695/856/1662 59/269/59 1693/1152/1660
f 2785/1151/2749 4495/1150/4397 1693/1152/1660 698/1153/698
f 317/1144/317 2325/1143/2291 4496/1154/4398 1697/1155/1664
f 2325/1143/2291 574/1142/574 2324/1156/2290 4496/1154/4398
f 4496/1154/4398 2324/1156/2290 315/747/315 1692/1157/1659
f 1697/1155/1664 4496/1154/4398 1692/1157/1659 58/1158/58
f 113/1159/113 1617/798/1585 4497/1160/4399 1804/1161/1770
f 1617/798/1585 277/793/277 2326/1162/2292 4497/1160/4399
f 4497/1160/4399 2326/1162/2292 575/1163/575 2329/1164/2295
f 1804/1161/1770 4497/1160/4399 2329/1164/2295 371/1165/371
f 277/793/277 1618/792/1586 4498/1166/4400 2326/1162/2292
f 1618/792/1586 56/791/56 1696/1140/1663 4498/1166/4400
f 4498/1166/4400 1696/1140/1663 317/1144/317 2327/1167/2293
f 2326/1162/2292 4498/1166/4400 2327/1167/2293 575/1163/575
f 575/1163/575 2327/1168/2293 4499/1169/4401 2328/1170/2294
f 2327/1168/2293 317/1171/317 1697/1172/1664 4499/1169/4401
f 4499/1169/4401 1697/1172/1664 58/1158/58 1701/1173/1668
f 2328/1170/2294 4499/1169/4401 1701/1173/1668 319/1174/319
f 371/1165/371 2329/1164/2295 4500/1175/4402 1805/1176/1771
f 2329/1164/2295 575/1163/575 2328/1170/2294 4500/1175/4402
f 4500/1175/4402 2328/1170/2294 319/1177/319 1700/1178/1667
f 1805/1176/1771 4500/1175/4402 1700/1178/1667 124/1179/124
f 110/1180/110 1803/1181/1769 4501/1182/4403 1765/1183/1731
f 1803/1181/1769 370/1184/370 2330/1185/2296 4501/1182/4403
f 4501/1182/4403 2330/1185/2296 576/1186/576 2333/1187/2299
f 1765/1183/1731 4501/1182/4403 2333/1187/2299 351/1188/351
f 370/1184/370 1802/1189/1768 4502/1190/4404 2330/1185/2296
f 1802/1189/1768 125/269/125 1795/269/1761 4502/1190/4404
f 4502/1190/4404 1795/269/1761 366/269/366 2331/1191/2297
f 2330/1185/2296 4502/1190/4404 2331/1191/2297 576/1186/576
f 576/1186/576 2331/1191/2297 4503/1192/4405 2332/1193/2298
f 2331/1191/2297 366/269/366 1794/1194/1760 4503/1192/4405
f 4503/1192/4405 1794/1194/1760 55/269/55 1634/1195/1602
f 2332/1193/2298 4503/1192/4405 1634/1195/1602 285/1196/285
f 351/1188/351 2333/1187/2299 4504/1197/4406 1764/1198/1730
f 2333/1187/2299 576/1186/576 2332/1193/2298 4504/1197/4406
f 4504/1197/4406 2332/1193/2298 285/1196/285 1633/1199/1601
f 1764/1198/1730 4504/1197/4406 1633/1199/1601 51/1200/51
f 126/1201/126 1797/1202/1763 4505/1203/4407 1800/1204/1766
f 1797/1202/1763 367/1205/367 2334/1206/2300 4505/1203/4407
f 4505/1203/4407 2334/1206/2300 577/1207/577 2337/1208/2303
f 1800/1204/1766 4505/1203/4407 2337/1208/2303 369/1209/369
f 367/1205/367 1796/1210/1762 4506/1211/4408 2334/1206/2300
f 1796/1210/1762 66/269/66 1709/1212/1676 4506/1211/4408
f 4506/1211/4408 1709/1212/1676 323/269/323 2335/1213/2301
f 2334/1206/2300 4506/1211/4408 2335/1213/2301 577/1207/577
f 577/1214/577 2335/1213/2301 4507/1215/4409 2336/1216/2302
f 2335/1213/2301 323/269/323 1708/1217/1675 4507/1215/4409
f 4507/1215/4409 1708/1217/1675 59/269/59 1772/1218/1738
f 2336/1216/2302 4507/1215/4409 1772/1218/1738 355/1219/355
f 369/1209/369 2337/1208/2303 4508/1220/4410 1801/1221/1767
f 2337/1208/2303 577/1207/577 2336/1216/2302 4508/1220/4410
f 4508/1220/4410 2336/1216/2302 355/1222/355 1773/1223/1739
f 1801/1221/1767 4508/1220/4410 1773/1223/1739 114/1138/114
f 693/1224/693 2747/846/2711 4509/1225/4411 2784/1226/2748
f 2747/846/2711 292/1227/292 2338/1227/2304 4509/1225/4411
f 4509/1225/4411 2338/1227/2304 578/1227/578 2341/1228/2307
f 2784/1226/2748 4509/1225/4411 2341/1228/2307 722/1153/722
f 292/841/292 1647/840/1614 4510/1229/4412 2338/1227/2304
f 1647/840/1614 64/839/64 1707/1230/1674 4510/1229/4412
f 4510/1229/4412 1707/1230/1674 322/245/322 2339/1231/2305
f 2338/1227/2304 4510/1229/4412 2339/1231/2305 578/1227/578
f 578/1227/578 2339/1231/2305 4511/1232/4413 2340/1227/2306
f 2339/1231/2305 322/1230/322 1706/1233/1673 4511/1232/4413
f 4511/1232/4413 1706/1233/1673 58/1158/58 1692/1234/1659
f 2340/1227/2306 4511/1232/4413 1692/1234/1659 315/747/315
f 722/1153/722 2341/1228/2307 4512/1235/4414 2783/1153/2747
f 2341/1228/2307 578/1227/578 2340/1227/2306 4512/1235/4414
f 4512/1235/4414 2340/1227/2306 315/1236/315 2752/1237/2716
f 2783/1153/2747 4512/1235/4414 2752/1237/2716 698/1238/698
f 115/1026/115 1775/1239/1741 4513/1240/4415 1798/1241/1764
f 1775/1239/1741 356/1242/356 2342/1243/2308 4513/1240/4415
f 4513/1240/4415 2342/1243/2308 579/1244/579 2345/1245/2311
f 1798/1241/1764 4513/1240/4415 2345/1245/2311 368/1246/368
f 356/1242/356 1774/1247/1740 4514/1248/4416 2342/1243/2308
f 1774/1247/1740 63/1249/63 1712/1249/1679 4514/1248/4416
f 4514/1248/4416 1712/1249/1679 325/1249/325 2343/1250/2309
f 2342/1243/2308 4514/1248/4416 2343/1250/2309 579/1244/579
f 579/1251/579 2343/1250/2309 4515/1252/4417 2344/1251/2310
f 2343/1250/2309 325/1249/325 1713/1249/1680 4515/1252/4417
f 4515/1252/4417 1713/1249/1680 83/1249/83 1792/1247/1758
f 2344/1251/2310 4515/1252/4417 1792/1247/1758 365/1253/365
f 368/1246/368 2345/1245/2311 4516/1254/4418 1799/1255/1765
f 2345/1245/2311 579/1244/579 2344/1251/2310 4516/1254/4418
f 4516/1254/4418 2344/1251/2310 365/1242/365 1793/1256/1759
f 1799/1255/1765 4516/1254/4418 1793/1256/1759 124/1257/124
f 64/839/64 1628/1258/1596 4517/1259/4419 1707/1230/1674
f 1628/1258/1596 282/1260/282 2346/1261/2312 4517/1259/4419
f 4517/1259/4419 2346/1261/2312 580/1262/580 2349/1263/2315
f 1707/1230/1674 4517/1259/4419 2349/1263/2315 322/1230/322
f 282/1260/282 1627/1264/1595 4518/1265/4420 2346/1261/2312
f 1627/1264/1595 115/1026/115 1798/1241/1764 4518/1265/4420
f 4518/1265/4420 1798/1241/1764 368/1246/368 2347/1266/2313
f 2346/1261/2312 4518/1265/4420 2347/1266/2313 580/1262/580
f 580/1267/580 2347/1268/2313 4519/1269/4421 2348/1270/2314
f 2347/1268/2313 368/1271/368 1799/1272/1765 4519/1269/4421
f 4519/1269/4421 1799/1272/1765 124/1179/124 1700/1273/1667
f 2348/1270/2314 4519/1269/4421 1700/1273/1667 319/1274/319
f 322/1230/322 2349/1263/2315 4520/1275/4422 1706/1233/1673
f 2349/1263/2315 580/1262/580 2348/1270/2314 4520/1275/4422
f 4520/1275/4422 2348/1270/2314 319/1276/319 1701/1277/1668
f 1706/1233/1673 4520/1275/4422 1701/1277/1668 58/1158/58
f 65/269/65 1711/1278/1678 4521/1279/4423 1612/1280/1580
f 1711/1278/1678 324/1281/324 2350/1282/2316 4521/1279/4423
f 4521/1279/4423 2350/1282/2316 581/1283/581 2353/1284/2319
f 1612/1280/1580 4521/1279/4423 2353/1284/2319 274/1285/274
f 324/1286/324 1710/1107/1677 4522/1287/4424 2350/1288/2316
f 1710/1107/1677 126/1106/126 1800/1289/1766 4522/1287/4424
f 4522/1287/4424 1800/1289/1766 369/1290/369 2351/1291/2317
f 2350/1288/2316 4522/1287/4424 2351/1291/2317 581/1283/581
f 581/1283/581 2351/1291/2317 4523/1292/4425 2352/1293/2318
f 2351/1291/2317 369/1290/369 1801/1294/1767 4523/1292/4425
f 4523/1292/4425 1801/1294/1767 114/1138/114 1623/1295/1591
f 2352/1293/2318 4523/1292/4425 1623/1295/1591 280/1136/280
f 274/1285/274 2353/1284/2319 4524/1296/4426 1611/1280/1579
f 2353/1284/2319 581/1283/581 2352/1297/2318 4524/1296/4426
f 4524/1296/4426 2352/1297/2318 280/1133/280 1624/1132/1592
f 1611/1280/1579 4524/1296/4426 1624/1132/1592 62/269/62
f 52/724/52 1702/1298/1669 4525/1299/4427 1594/1300/1562
f 1702/1298/1669 320/1117/320 2354/1301/2320 4525/1299/4427
f 4525/1299/4427 2354/1301/2320 582/1302/582 2357/1303/2323
f 1594/1300/1562 4525/1299/4427 2357/1303/2323 265/1304/265
f 320/1117/320 1703/1116/1670 4526/1305/4428 2354/1301/2320
f 1703/1116/1670 84/269/84 1705/269/1672 4526/1305/4428
f 4526/1305/4428 1705/269/1672 321/269/321 2355/1306/2321
f 2354/1301/2320 4526/1305/4428 2355/1306/2321 582/1302/582
f 582/1302/582 2355/1306/2321 4527/1307/4429 2356/1308/2322
f 2355/1306/2321 321/269/321 1704/269/1671 4527/1307/4429
f 4527/1307/4429 1704/269/1671 125/269/125 1802/1189/1768
f 2356/1308/2322 4527/1307/4429 1802/1189/1768 370/1184/370
f 265/1304/265 2357/1303/2323 4528/1309/4430 1593/1310/1561
f 2357/1303/2323 582/1302/582 2356/1308/2322 4528/1309/4430
f 4528/1309/4430 2356/1308/2322 370/1184/370 1803/1181/1769
f 1593/1310/1561 4528/1309/4430 1803/1181/1769 110/1180/110
f 57/1311/57 1770/1312/1736 4529/1313/4431 1699/1311/1666
f 1770/1312/1736 354/1314/354 2358/1315/2324 4529/1313/4431
f 4529/1313/4431 2358/1315/2324 583/1316/583 2361/1317/2327
f 1699/1311/1666 4529/1313/4431 2361/1317/2327 318/1311/318
f 354/1318/354 1771/1319/1737 4530/1320/4432 2358/1315/2324
f 1771/1319/1737 113/799/113 1804/1161/1770 4530/1320/4432
f 4530/1320/4432 1804/1161/1770 371/1321/371 2359/1322/2325
f 2358/1315/2324 4530/1320/4432 2359/1322/2325 583/1323/583
f 583/1316/583 2359/1322/2325 4531/1324/4433 2360/1325/2326
f 2359/1322/2325 371/1165/371 1805/1176/1771 4531/1324/4433
f 4531/1324/4433 1805/1176/1771 124/1179/124 1793/1256/1759
f 2360/1325/2326 4531/1324/4433 1793/1256/1759 365/1242/365
f 318/1311/318 2361/1317/2327 4532/1326/4434 1698/1249/1665
f 2361/1317/2327 583/1316/583 2360/1325/2326 4532/1326/4434
f 4532/1326/4434 2360/1325/2326 365/1242/365 1792/1247/1758
f 1698/1249/1665 4532/1326/4434 1792/1247/1758 83/1249/83
f 61/863/61 1768/1327/1734 4533/1328/4435 1694/1147/1661
f 1768/1327/1734 353/1329/353 2362/1330/2328 4533/1328/4435
f 4533/1328/4435 2362/1330/2328 584/1331/584 2365/1332/2331
f 1694/1147/1661 4533/1328/4435 2365/1332/2331 316/857/316
f 353/1333/353 1769/1334/1735 4534/1335/4436 2362/1330/2328
f 1769/1334/1735 112/820/112 1806/1336/1772 4534/1335/4436
f 4534/1335/4436 1806/1336/1772 372/1337/372 2363/1338/2329
f 2362/1330/2328 4534/1335/4436 2363/1338/2329 584/1339/584
f 584/1339/584 2363/1338/2329 4535/1340/4437 2364/1341/2330
f 2363/1338/2329 372/1337/372 1807/1135/1773 4535/1340/4437
f 4535/1340/4437 1807/1135/1773 114/1138/114 1773/1342/1739
f 2364/1341/2330 4535/1340/4437 1773/1342/1739 355/1222/355
f 316/1343/316 2365/1332/2331 4536/1344/4438 1695/856/1662
f 2365/1332/2331 584/1339/584 2364/1341/2330 4536/1344/4438
f 4536/1344/4438 2364/1341/2330 355/1222/355 1772/1218/1738
f 1695/856/1662 4536/1344/4438 1772/1218/1738 59/269/59
f 69/1345/69 1620/1346/1588 4537/1347/4439 1780/1348/1746
f 1620/1346/1588 278/1349/278 2366/1350/2332 4537/1347/4439
f 4537/1347/4439 2366/1350/2332 585/1351/585 2369/1352/2335
f 1780/1348/1746 4537/1347/4439 2369/1352/2335 359/1353/359
f 278/1349/278 1619/1354/1587 4538/1355/4440 2366/1350/2332
f 1619/1354/1587 66/269/66 1796/1356/1762 4538/1355/4440
f 4538/1355/4440 1796/1356/1762 367/1205/367 2367/1357/2333
f 2366/1350/2332 4538/1355/4440 2367/1357/2333 585/1351/585
f 585/1351/585 2367/1358/2333 4539/1359/4441 2368/1360/2334
f 2367/1358/2333 367/1361/367 1797/1202/1763 4539/1359/4441
f 4539/1359/4441 1797/1202/1763 126/1106/126 1808/1104/1774
f 2368/1360/2334 4539/1359/4441 1808/1104/1774 373/1099/373
f 359/1362/359 2369/1363/2335 4540/1364/4442 1781/1365/1747
f 2369/1363/2335 585/1351/585 2368/1360/2334 4540/1364/4442
f 4540/1364/4442 2368/1360/2334 373/1099/373 1809/1096/1775
f 1781/1365/1747 4540/1364/4442 1809/1096/1775 118/937/118
f 75/1366/75 1784/1367/1750 4541/1368/4443 1691/1369/1658
f 1784/1367/1750 361/1370/361 2370/1371/2336 4541/1368/4443
f 4541/1368/4443 2370/1371/2336 586/1372/586 2373/1373/2339
f 1691/1369/1658 4541/1368/4443 2373/1373/2339 314/1374/314
f 361/1370/361 1785/1375/1751 4542/1376/4444 2370/1371/2336
f 1785/1375/1751 120/1023/120 1810/1072/1776 4542/1376/4444
f 4542/1376/4444 1810/1072/1776 374/1076/374 2371/1377/2337
f 2370/1371/2336 4542/1376/4444 2371/1377/2337 586/1372/586
f 586/1372/586 2371/1377/2337 4543/1378/4445 2372/1379/2338
f 2371/1377/2337 374/1076/374 1811/1082/1777 4543/1378/4445
f 4543/1378/4445 1811/1082/1777 122/1023/122 1789/1380/1755
f 2372/1379/2338 4543/1378/4445 1789/1380/1755 363/1251/363
f 314/1381/314 2373/1373/2339 4544/1382/4446 1690/1383/1657
f 2373/1373/2339 586/1372/586 2372/1379/2338 4544/1382/4446
f 4544/1382/4446 2372/1379/2338 363/1251/363 1788/1250/1754
f 1690/1383/1657 4544/1382/4446 1788/1250/1754 79/1311/79
f 80/1384/80 1679/1385/1646 4545/1386/4447 1678/1387/1645
f 1679/1385/1646 308/1388/308 2374/1389/2340 4545/1386/4447
f 4545/1386/4447 2374/1389/2340 587/1390/587 2377/1391/2343
f 1678/1387/1645 4545/1386/4447 2377/1391/2343 307/1392/307
f 696/1393/696 1680/1394/1647 4546/1395/4448 2782/1396/2746
f 1680/1394/1647 81/1397/81 1790/1398/1756 4546/1395/4448
f 4546/1395/4448 1790/1398/1756 364/1399/364 2777/1400/2741
f 2782/1396/2746 4546/1395/4448 2777/1400/2741 723/1401/723
f 723/1401/723 2777/1400/2741 4547/1402/4449 2781/1403/2745
f 2777/1400/2741 364/1399/364 1791/1404/1757 4547/1402/4449
f 4547/1402/4449 1791/1404/1757 123/1051/123 2753/1048/2717
f 2781/1403/2745 4547/1402/4449 2753/1048/2717 699/1047/699
f 307/1392/307 2377/1391/2343 4548/1405/4450 1677/1406/1644
f 2377/1391/2343 587/1390/587 2376/1407/2342 4548/1405/4450
f 4548/1405/4450 2376/1407/2342 375/1042/375 1813/1039/1779
f 1677/1406/1644 4548/1405/4450 1813/1039/1779 122/1038/122
f 71/1408/71 1776/1409/1742 4549/1410/4451 1676/1411/1643
f 1776/1409/1742 357/1412/357 2378/1413/2344 4549/1410/4451
f 4549/1410/4451 2378/1413/2344 588/1414/588 2381/1415/2347
f 1676/1411/1643 4549/1410/4451 2381/1415/2347 306/1416/306
f 357/1412/357 1777/1417/1743 4550/1418/4452 2378/1419/2344
f 1777/1417/1743 116/1420/116 1814/1421/1780 4550/1418/4452
f 4550/1418/4452 1814/1421/1780 376/1422/376 2379/1423/2345
f 2378/1419/2344 4550/1418/4452 2379/1423/2345 588/1424/588
f 588/1414/588 2379/1425/2345 4551/1426/4453 2380/1427/2346
f 2379/1425/2345 376/1422/376 1815/1428/1781 4551/1426/4453
f 4551/1426/4453 1815/1428/1781 120/1023/120 1785/1375/1751
f 2380/1427/2346 4551/1426/4453 1785/1375/1751 361/1370/361
f 306/1429/306 2381/1430/2347 4552/1431/4454 1675/1432/1642
f 2381/1430/2347 588/1424/588 2380/1433/2346 4552/1431/4454
f 4552/1431/4454 2380/1433/2346 361/1370/361 1784/1434/1750
f 1675/1432/1642 4552/1431/4454 1784/1434/1750 75/1366/75
f 77/1435/77 1786/1436/1752 4553/1437/4455 1687/1438/1654
f 1786/1436/1752 362/1439/362 2382/1440/2348 4553/1437/4455
f 4553/1437/4455 2382/1440/2348 589/1441/589 2385/1442/2351
f 1687/1438/1654 4553/1437/4455 2385/1442/2351 312/1435/312
f 362/1439/362 1787/1443/1753 4554/1444/4456 2382/1440/2348
f 1787/1443/1753 121/929/121 1816/978/1782 4554/1444/4456
f 4554/1444/4456 1816/978/1782 377/982/377 2383/1445/2349
f 2382/1440/2348 4554/1444/4456 2383/1445/2349 589/1446/589
f 589/1441/589 2383/1445/2349 4555/1447/4457 2384/1448/2350
f 2383/1445/2349 377/1449/377 1817/994/1783 4555/1447/4457
f 4555/1447/4457 1817/994/1783 123/996/123 1791/1450/1757
f 2384/1448/2350 4555/1447/4457 1791/1450/1757 364/1451/364
f 312/1435/312 2385/1442/2351 4556/1452/4458 1686/1453/1653
f 2385/1442/2351 589/1441/589 2384/1448/2350 4556/1452/4458
f 4556/1452/4458 2384/1448/2350 364/1451/364 1790/1454/1756
f 1686/1453/1653 4556/1452/4458 1790/1454/1756 81/1453/81
f 67/1455/67 1778/1456/1744 4557/1457/4459 1664/1458/1631
f 1778/1456/1744 358/1459/358 2386/1460/2352 4557/1457/4459
f 4557/1457/4459 2386/1460/2352 590/1461/590 2389/1462/2355
f 1664/1458/1631 4557/1457/4459 2389/1462/2355 300/1463/300
f 358/1459/358 1779/1464/1745 4558/1465/4460 2386/1460/2352
f 1779/1464/1745 117/1466/117 1818/1467/1784 4558/1465/4460
f 4558/1465/4460 1818/1467/1784 378/1468/378 2387/1469/2353
f 2386/1460/2352 4558/1465/4460 2387/1469/2353 590/1461/590
f 590/1461/590 2387/1469/2353 4559/1470/4461 2388/1471/2354
f 2387/1469/2353 378/1468/378 1819/1472/1785 4559/1470/4461
f 4559/1470/4461 1819/1472/1785 116/1420/116 1777/1473/1743
f 2388/1471/2354 4559/1470/4461 1777/1473/1743 357/1412/357
f 300/1463/300 2389/1462/2355 4560/1474/4462 1663/1475/1630
f 2389/1462/2355 590/1461/590 2388/1471/2354 4560/1474/4462
f 4560/1474/4462 2388/1471/2354 357/1412/357 1776/1409/1742
f 1663/1475/1630 4560/1474/4462 1776/1409/1742 71/1408/71
f 69/1345/69 1780/1476/1746 4561/1477/4463 1643/1438/1611
f 1780/1476/1746 359/1362/359 2390/1478/2356 4561/1477/4463
f 4561/1477/4463 2390/1478/2356 591/1479/591 2393/1480/2359
f 1643/1438/1611 4561/1477/4463 2393/1480/2359 290/1481/290
f 359/1362/359 1781/1482/1747 4562/1483/4464 2390/1484/2356
f 1781/1482/1747 118/937/118 1820/940/1786 4562/1483/4464
f 4562/1483/4464 1820/940/1786 379/945/379 2391/1485/2357
f 2390/1484/2356 4562/1483/4464 2391/1485/2357 591/1486/591
f 591/1479/591 2391/1487/2357 4563/1488/4465 2392/1489/2358
f 2391/1487/2357 379/945/379 1821/958/1787 4563/1488/4465
f 4563/1488/4465 1821/958/1787 119/923/119 1783/1443/1749
f 2392/1489/2358 4563/1488/4465 1783/1443/1749 360/1490/360
f 290/1481/290 2393/1480/2359 4564/1491/4466 1644/1435/1612
f 2393/1480/2359 591/1479/591 2392/1489/2358 4564/1491/4466
f 4564/1491/4466 2392/1489/2358 360/1490/360 1782/1492/1748
f 1644/1435/1612 4564/1491/4466 1782/1492/1748 73/1493/73
f 73/1493/73 1782/1492/1748 4565/1494/4467 1674/1435/1641
f 1782/1492/1748 360/1490/360 2394/1495/2360 4565/1494/4467
f 4565/1494/4467 2394/1495/2360 592/1496/592 2397/1454/2363
f 1674/1435/1641 4565/1494/4467 2397/1454/2363 305/1497/305
f 360/1439/360 1783/1443/1749 4566/1498/4468 2394/1495/2360
f 1783/1443/1749 119/923/119 1822/925/1788 4566/1498/4468
f 4566/1498/4468 1822/925/1788 380/929/380 2395/1499/2361
f 2394/1495/2360 4566/1498/4468 2395/1499/2361 592/1496/592
f 592/1496/592 2395/1499/2361 4567/1500/4469 2396/1501/2362
f 2395/1499/2361 380/929/380 1823/935/1789 4567/1500/4469
f 4567/1500/4469 1823/935/1789 121/929/121 1787/1443/1753
f 2396/1501/2362 4567/1500/4469 1787/1443/1753 362/1439/362
f 305/1497/305 2397/1454/2363 4568/1502/4470 1673/1438/1640
f 2397/1454/2363 592/1496/592 2396/1501/2362 4568/1502/4470
f 4568/1502/4470 2396/1501/2362 362/1439/362 1786/1436/1752
f 1673/1438/1640 4568/1502/4470 1786/1436/1752 77/1435/77
f 63/1249/63 1774/1247/1740 4569/1503/4471 1652/1504/1619
f 1774/1247/1740 356/1242/356 2398/1505/2364 4569/1503/4471
f 4569/1503/4471 2398/1505/2364 593/1506/593 2401/1507/2367
f 1652/1504/1619 4569/1503/4471 2401/1507/2367 294/1381/294
f 356/1242/356 1775/1239/1741 4570/1508/4472 2398/1505/2364
f 1775/1239/1741 115/1026/115 1824/1509/1790 4570/1508/4472
f 4570/1508/4472 1824/1509/1790 381/1510/381 2399/1511/2365
f 2398/1505/2364 4570/1508/4472 2399/1511/2365 593/1506/593
f 593/1506/593 2399/1511/2365 4571/1512/4473 2400/1513/2366
f 2399/1511/2365 381/1514/381 1825/1515/1791 4571/1512/4473
f 4571/1512/4473 1825/1515/1791 117/1466/117 1779/1464/1745
f 2400/1513/2366 4571/1512/4473 1779/1464/1745 358/1459/358
f 294/1381/294 2401/1507/2367 4572/1516/4474 1651/1517/1618
f 2401/1507/2367 593/1506/593 2400/1513/2366 4572/1516/4474
f 4572/1516/4474 2400/1513/2366 358/1459/358 1778/1456/1744
f 1651/1517/1618 4572/1516/4474 1778/1456/1744 67/1455/67
f 55/269/55 1794/1194/1760 4573/1518/4475 1636/856/1604
f 1794/1194/1760 366/269/366 2402/1519/2368 4573/1518/4475
f 4573/1518/4475 2402/1519/2368 594/1331/594 2405/1332/2371
f 1636/856/1604 4573/1518/4475 2405/1332/2371 286/1343/286
f 366/269/366 1795/269/1761 4574/1520/4476 2402/1519/2368
f 1795/269/1761 125/269/125 1826/801/1792 4574/1520/4476
f 4574/1520/4476 1826/801/1792 382/805/382 2403/1521/2369
f 2402/1519/2368 4574/1520/4476 2403/1521/2369 594/1339/594
f 594/1339/594 2403/1521/2369 4575/1522/4477 2404/1523/2370
f 2403/1521/2369 382/805/382 1827/1524/1793 4575/1522/4477
f 4575/1522/4477 1827/1524/1793 112/820/112 1769/1334/1735
f 2404/1523/2370 4575/1522/4477 1769/1334/1735 353/1333/353
f 286/857/286 2405/1332/2371 4576/1525/4478 1635/862/1603
f 2405/1332/2371 594/1339/594 2404/1523/2370 4576/1525/4478
f 4576/1525/4478 2404/1523/2370 353/1333/353 1768/1327/1734
f 1635/862/1603 4576/1525/4478 1768/1327/1734 61/863/61
f 53/1455/53 1766/1526/1732 4577/1527/4479 1626/1528/1594
f 1766/1526/1732 352/1529/352 2406/1530/2372 4577/1527/4479
f 4577/1527/4479 2406/1530/2372 595/1531/595 2409/1532/2375
f 1626/1528/1594 4577/1527/4479 2409/1532/2375 281/1533/281
f 352/1529/352 1767/1534/1733 4578/1535/4480 2406/1536/2372
f 1767/1534/1733 111/774/111 1828/776/1794 4578/1535/4480
f 4578/1535/4480 1828/776/1794 383/781/383 2407/1537/2373
f 2406/1536/2372 4578/1535/4480 2407/1537/2373 595/1531/595
f 595/1531/595 2407/1538/2373 4579/1539/4481 2408/1540/2374
f 2407/1538/2373 383/794/383 1829/797/1795 4579/1539/4481
f 4579/1539/4481 1829/797/1795 113/799/113 1771/1319/1737
f 2408/1540/2374 4579/1539/4481 1771/1319/1737 354/1318/354
f 281/1533/281 2409/1532/2375 4580/1541/4482 1625/1542/1593
f 2409/1532/2375 595/1531/595 2408/1540/2374 4580/1541/4482
f 4580/1541/4482 2408/1540/2374 354/1318/354 1770/1312/1736
f 1625/1542/1593 4580/1541/4482 1770/1312/1736 57/1543/57
f 49/1458/49 1754/1544/49 4581/1545/1576 1608/1458/1576
f 1754/1544/49 346/1546/346 2410/1546/2376 4581/1545/1576
f 4581/1545/1576 2410/1546/2376 596/1546/596 2413/1547/272
f 1608/1458/1576 4581/1545/1576 2413/1547/272 272/1548/272
f 346/1549/346 1755/1550/1721 4582/1551/4483 2410/1546/2376
f 1755/1550/1721 105/253/105 1830/757/1796 4582/1551/4483
f 4582/1551/4483 1830/757/1796 384/761/384 2411/1552/2377
f 2410/1546/2376 4582/1551/4483 2411/1552/2377 596/1549/596
f 596/1549/596 2411/1552/2377 4583/1553/4484 2412/1554/2378
f 2411/1552/2377 384/761/384 1831/771/1797 4583/1553/4484
f 4583/1553/4484 1831/771/1797 111/773/111 1767/1555/1733
f 2412/1554/2378 4583/1553/4484 1767/1555/1733 352/1529/352
f 272/1548/272 2413/1547/272 4584/1556/4485 1607/1458/1575
f 2413/1547/272 596/1549/596 2412/1554/2378 4584/1556/4485
f 4584/1556/4485 2412/1554/2378 352/1529/352 1766/1526/1732
f 1607/1458/1575 4584/1556/4485 1766/1526/1732 53/1455/53
f 2/157/2 1720/156/1687 4585/1557/4486 1601/1453/1569
f 1720/156/1687 329/151/329 2414/1558/2379 4585/1557/4486
f 4585/1557/4486 2414/1558/2379 597/1559/597 2417/1560/2382
f 1601/1453/1569 4585/1557/4486 2417/1560/2382 269/1438/269
f 329/151/329 1721/150/1688 4586/1561/4487 2414/1558/2379
f 1721/150/1688 88/149/88 1832/716/1798 4586/1561/4487
f 4586/1561/4487 1832/716/1798 385/721/385 2415/1562/2380
f 2414/1558/2379 4586/1561/4487 2415/1562/2380 597/1559/597
f 597/1559/597 2415/1562/2380 4587/1563/4488 2416/1564/2381
f 2415/1562/2380 385/721/385 1833/731/1799 4587/1563/4488
f 4587/1563/4488 1833/731/1799 110/733/110 1765/1450/1731
f 2416/1564/2381 4587/1563/4488 1765/1450/1731 351/1451/351
f 269/1438/269 2417/1560/2382 4588/1565/4489 1602/1453/1570
f 2417/1560/2382 597/1559/597 2416/1564/2381 4588/1565/4489
f 4588/1565/4489 2416/1564/2381 351/1451/351 1764/1454/1730
f 1602/1453/1570 4588/1565/4489 1764/1454/1730 51/1453/51
f 43/607/43 1756/1566/1722 4589/1567/4490 1590/678/1558
f 1756/1566/1722 347/1568/347 2418/1569/2383 4589/1567/4490
f 4589/1567/4490 2418/1569/2383 598/1570/598 2421/1571/2386
f 1590/678/1558 4589/1567/4490 2421/1571/2386 263/679/263
f 347/1572/347 1757/1573/1723 4590/1574/4491 2418/1569/2383
f 1757/1573/1723 106/648/106 1834/651/1800 4590/1574/4491
f 4590/1574/4491 1834/651/1800 386/656/386 2419/1575/2384
f 2418/1569/2383 4590/1574/4491 2419/1575/2384 598/1576/598
f 598/1576/598 2419/1575/2384 4591/1577/4492 2420/1578/2385
f 2419/1575/2384 386/656/386 1835/666/1801 4591/1577/4492
f 4591/1577/4492 1835/666/1801 108/670/108 1761/617/1727
f 2420/1578/2385 4591/1577/4492 1761/617/1727 349/1579/349
f 263/679/263 2421/1571/2386 4592/1580/4493 1589/683/1557
f 2421/1571/2386 598/1570/598 2420/1581/2385 4592/1580/4493
f 4592/1580/4493 2420/1581/2385 349/640/349 1760/643/1726
f 1589/683/1557 4592/1580/4493 1760/643/1726 47/647/47
f 46/61/46 1548/1582/1516 4593/1583/4494 1578/663/1546
f 1548/1582/1516 242/1584/242 2422/1585/2387 4593/1583/4494
f 4593/1583/4494 2422/1585/2387 599/1586/599 2425/1587/2390
f 1578/663/1546 4593/1583/4494 2425/1587/2390 257/1588/257
f 685/1589/685 2739/1590/2703 4594/1591/4495 2780/1592/2744
f 2739/1590/2703 45/1593/45 1762/1594/1728 4594/1591/4495
f 4594/1591/4495 1762/1594/1728 350/1595/350 2778/1596/2742
f 2780/1592/2744 4594/1591/4495 2778/1596/2742 724/1597/724
f 724/1598/724 2778/1596/2742 4595/1599/4496 2779/1600/2743
f 2778/1596/2742 350/1595/350 1763/1601/1729 4595/1599/4496
f 4595/1599/4496 1763/1601/1729 109/627/109 2754/624/2718
f 2779/1600/2743 4595/1599/4496 2754/624/2718 700/623/700
f 257/1602/257 2425/1603/2390 4596/1604/4497 1577/669/1545
f 2425/1603/2390 599/1605/599 2424/1606/2389 4596/1604/4497
f 4596/1604/4497 2424/1606/2389 387/618/387 1837/615/1803
f 1577/669/1545 4596/1604/4497 1837/615/1803 108/614/108
f 39/1607/39 1750/1608/1717 4597/1609/4498 1576/607/1544
f 1750/1608/1717 344/1610/344 2426/1611/2391 4597/1609/4498
f 4597/1609/4498 2426/1611/2391 600/1612/600 2429/1613/2394
f 1576/607/1544 4597/1609/4498 2429/1613/2394 256/607/256
f 344/1610/344 1751/1614/1718 4598/1615/4499 2426/1611/2391
f 1751/1614/1718 103/470/103 1838/583/1804 4598/1615/4499
f 4598/1615/4499 1838/583/1804 388/452/388 2427/1616/2392
f 2426/1611/2391 4598/1615/4499 2427/1616/2392 600/1612/600
f 600/1612/600 2427/1616/2392 4599/1617/4500 2428/1618/2393
f 2427/1616/2392 388/452/388 1839/597/1805 4599/1617/4500
f 4599/1617/4500 1839/597/1805 106/599/106 1757/1619/1723
f 2428/1618/2393 4599/1617/4500 1757/1619/1723 347/1568/347
f 256/607/256 2429/1613/2394 4600/1620/4501 1575/609/1543
f 2429/1613/2394 600/1612/600 2428/1618/2393 4600/1620/4501
f 4600/1620/4501 2428/1618/2393 347/1568/347 1756/1566/1722
f 1575/609/1543 4600/1620/4501 1756/1566/1722 43/607/43
f 41/1621/41 1758/1622/1724 4601/1623/4502 1586/1624/1554
f 1758/1622/1724 348/1625/348 2430/1626/2395 4601/1623/4502
f 4601/1623/4502 2430/1626/2395 601/1627/601 2433/1628/2398
f 1586/1624/1554 4601/1623/4502 2433/1628/2398 261/1629/261
f 348/1630/348 1759/1631/1725 4602/1632/4503 2430/1633/2395
f 1759/1631/1725 107/553/107 1840/556/1806 4602/1632/4503
f 4602/1632/4503 1840/556/1806 389/561/389 2431/1634/2396
f 2430/1633/2395 4602/1632/4503 2431/1634/2396 601/1635/601
f 601/1635/601 2431/1634/2396 4603/1636/4504 2432/1637/2397
f 2431/1634/2396 389/561/389 1841/578/1807 4603/1636/4504
f 4603/1636/4504 1841/578/1807 109/581/109 1763/1638/1729
f 2432/1637/2397 4603/1636/4504 1763/1638/1729 350/1595/350
f 261/1629/261 2433/1628/2398 4604/1639/4505 1585/1640/1553
f 2433/1628/2398 601/1627/601 2432/1637/2397 4604/1639/4505
f 4604/1639/4505 2432/1637/2397 350/1641/350 1762/1594/1728
f 1585/1640/1553 4604/1639/4505 1762/1594/1728 45/1593/45
f 33/1642/33 1748/1643/1715 4605/1644/4506 1534/1645/1502
f 1748/1643/1715 343/1646/343 2434/1647/2399 4605/1644/4506
f 4605/1644/4506 2434/1647/2399 602/1646/602 2437/1648/2402
f 1534/1645/1502 4605/1644/4506 2437/1648/2402 235/1649/235
f 343/1647/343 1749/1650/1716 4606/1651/4507 2434/1647/2399
f 1749/1650/1716 102/487/102 1842/543/1808 4606/1651/4507
f 4606/1651/4507 1842/543/1808 390/289/390 2435/1652/2400
f 2434/1647/2399 4606/1651/4507 2435/1652/2400 602/1647/602
f 602/1646/602 2435/1652/2400 4607/1653/4508 2436/1654/2401
f 2435/1652/2400 390/289/390 1843/552/1809 4607/1653/4508
f 4607/1653/4508 1843/552/1809 104/487/104 1753/1655/1720
f 2436/1654/2401 4607/1653/4508 1753/1655/1720 345/1656/345
f 235/1649/235 2437/1648/2402 4608/1657/4509 1533/1658/1501
f 2437/1648/2402 602/1646/602 2436/1654/2401 4608/1657/4509
f 4608/1657/4509 2436/1654/2401 345/1656/345 1752/1659/1719
f 1533/1658/1501 4608/1657/4509 1752/1659/1719 37/1660/37
f 37/1660/37 1752/1659/1719 4609/1661/4510 1572/1662/1540
f 1752/1659/1719 345/1656/345 2438/1663/2403 4609/1661/4510
f 4609/1661/4510 2438/1663/2403 603/1664/603 2441/1665/2406
f 1572/1662/1540 4609/1661/4510 2441/1665/2406 254/1666/254
f 345/1667/345 1753/1655/1720 4610/1668/4511 2438/1663/2403
f 1753/1655/1720 104/487/104 1844/503/1810 4610/1668/4511
f 4610/1668/4511 1844/503/1810 391/275/391 2439/1669/2404
f 2438/1663/2403 4610/1668/4511 2439/1669/2404 603/1670/603
f 603/1664/603 2439/1669/2404 4611/1671/4512 2440/1672/2405
f 2439/1669/2404 391/275/391 1845/522/1811 4611/1671/4512
f 4611/1671/4512 1845/522/1811 107/524/107 1759/1673/1725
f 2440/1672/2405 4611/1671/4512 1759/1673/1725 348/1625/348
f 254/1666/254 2441/1665/2406 4612/1674/4513 1571/1675/1539
f 2441/1665/2406 603/1664/603 2440/1672/2405 4612/1674/4513
f 4612/1674/4513 2440/1672/2405 348/1625/348 1758/1622/1724
f 1571/1675/1539 4612/1674/4513 1758/1622/1724 41/1621/41
f 31/329/31 1742/1676/1709 4613/1677/4514 1541/344/1509
f 1742/1676/1709 340/1678/340 2442/1679/2407 4613/1677/4514
f 4613/1677/4514 2442/1679/2407 604/1680/604 2445/1681/2410
f 1541/344/1509 4613/1677/4514 2445/1681/2410 239/345/239
f 340/1678/340 1743/1682/1710 4614/1683/4515 2442/1679/2407
f 1743/1682/1710 99/448/99 1846/489/1812 4614/1683/4515
f 4614/1683/4515 1846/489/1812 392/493/392 2443/1684/2408
f 2442/1679/2407 4614/1683/4515 2443/1684/2408 604/1680/604
f 604/1680/604 2443/1684/2408 4615/1685/4516 2444/1686/2409
f 2443/1684/2408 392/493/392 1847/501/1813 4615/1685/4516
f 4615/1685/4516 1847/501/1813 101/449/101 1747/1687/1714
f 2444/1686/2409 4615/1685/4516 1747/1687/1714 342/1688/342
f 239/345/239 2445/1681/2410 4616/1689/4517 1542/349/1510
f 2445/1681/2410 604/1680/604 2444/1686/2409 4616/1689/4517
f 4616/1689/4517 2444/1686/2409 342/1688/342 1746/1690/1713
f 1542/349/1510 4616/1689/4517 1746/1690/1713 35/350/35
f 29/1691/29 1744/1692/1711 4617/1693/4518 1546/1694/1514
f 1744/1692/1711 341/1656/341 2446/1695/2411 4617/1693/4518
f 4617/1693/4518 2446/1695/2411 605/1646/605 2449/1696/2414
f 1546/1694/1514 4617/1693/4518 2449/1696/2414 241/1649/241
f 341/1667/341 1745/1655/1712 4618/1697/4519 2446/1695/2411
f 1745/1655/1712 100/289/100 1848/289/1814 4618/1697/4519
f 4618/1697/4519 1848/289/1814 393/475/393 2447/1652/2412
f 2446/1695/2411 4618/1697/4519 2447/1652/2412 605/1647/605
f 605/1646/605 2447/1652/2412 4619/1698/4520 2448/1699/2413
f 2447/1652/2412 393/475/393 1849/289/1815 4619/1698/4520
f 4619/1698/4520 1849/289/1815 102/289/102 1749/1650/1716
f 2448/1699/2413 4619/1698/4520 1749/1650/1716 343/1646/343
f 241/1649/241 2449/1696/2414 4620/1700/4521 1545/1701/1513
f 2449/1696/2414 605/1646/605 2448/1699/2413 4620/1700/4521
f 4620/1700/4521 2448/1699/2413 343/1646/343 1748/1643/1715
f 1545/1701/1513 4620/1700/4521 1748/1643/1715 33/1642/33
f 35/350/35 1746/1690/1713 4621/1702/4522 1558/349/1526
f 1746/1690/1713 342/1688/342 2450/1703/2415 4621/1702/4522
f 4621/1702/4522 2450/1703/2415 606/1612/606 2453/1704/2418
f 1558/349/1526 4621/1702/4522 2453/1704/2418 247/349/247
f 342/1688/342 1747/1687/1714 4622/1705/4523 2450/1703/2415
f 1747/1687/1714 101/470/101 1850/452/1816 4622/1705/4523
f 4622/1705/4523 1850/452/1816 394/1706/394 2451/1616/2416
f 2450/1703/2415 4622/1705/4523 2451/1616/2416 606/1612/606
f 606/1612/606 2451/1616/2416 4623/1707/4524 2452/1708/2417
f 2451/1616/2416 394/452/394 1851/468/1817 4623/1707/4524
f 4623/1707/4524 1851/468/1817 103/470/103 1751/1614/1718
f 2452/1708/2417 4623/1707/4524 1751/1614/1718 344/1610/344
f 247/343/247 2453/1704/2418 4624/1709/4525 1557/535/1525
f 2453/1704/2418 606/1612/606 2452/1708/2417 4624/1709/4525
f 4624/1709/4525 2452/1708/2417 344/1610/344 1750/1608/1717
f 1557/535/1525 4624/1709/4525 1750/1608/1717 39/536/39
f 27/322/27 1738/1710/1705 4625/1711/4526 1527/323/1495
f 1738/1710/1705 338/1712/338 2454/1713/2419 4625/1711/4526
f 4625/1711/4526 2454/1713/2419 607/1714/607 2457/1715/2422
f 1527/323/1495 4625/1711/4526 2457/1715/2422 232/324/232
f 338/1712/338 1739/1716/1706 4626/1717/4527 2454/1713/2419
f 1739/1716/1706 97/1718/97 1852/431/1818 4626/1717/4527
f 4626/1717/4527 1852/431/1818 395/431/395 2455/1719/2420
f 2454/1713/2419 4626/1717/4527 2455/1719/2420 607/1714/607
f 607/1714/607 2455/1719/2420 4627/1720/4528 2456/1721/2421
f 2455/1719/2420 395/431/395 1853/446/1819 4627/1720/4528
f 4627/1720/4528 1853/446/1819 99/448/99 1743/1682/1710
f 2456/1721/2421 4627/1720/4528 1743/1682/1710 340/1678/340
f 232/324/232 2457/1715/2422 4628/1722/4529 1528/328/1496
f 2457/1715/2422 607/1714/607 2456/1721/2421 4628/1722/4529
f 4628/1722/4529 2456/1721/2421 340/1678/340 1742/1676/1709
f 1528/328/1496 4628/1722/4529 1742/1676/1709 31/329/31
f 25/1723/25 1740/1724/1707 4629/1725/4530 1462/1726/1430
f 1740/1724/1707 339/1727/339 2458/1728/2423 4629/1725/4530
f 4629/1725/4530 2458/1728/2423 608/1729/608 2461/1730/2426
f 1462/1726/1430 4629/1725/4530 2461/1730/2426 199/1666/199
f 339/1727/339 1741/1731/1708 4630/1732/4531 2458/1733/2423
f 1741/1731/1708 98/26/98 1854/417/1820 4630/1732/4531
f 4630/1732/4531 1854/417/1820 396/366/396 2459/1734/2424
f 2458/1733/2423 4630/1732/4531 2459/1734/2424 608/1735/608
f 608/1735/608 2459/1734/2424 4631/1736/4532 2460/1737/2425
f 2459/1734/2424 396/366/396 1855/287/1821 4631/1736/4532
f 4631/1736/4532 1855/287/1821 100/289/100 1745/1655/1712
f 2460/1737/2425 4631/1736/4532 1745/1655/1712 341/1656/341
f 199/1666/199 2461/1738/2426 4632/1739/4533 1461/1740/1429
f 2461/1738/2426 608/1735/608 2460/1737/2425 4632/1739/4533
f 4632/1739/4533 2460/1737/2425 341/1656/341 1744/1692/1711
f 1461/1740/1429 4632/1739/4533 1744/1692/1711 29/1691/29
f 23/19/23 1734/1613/1701 4633/1741/4534 1520/408/1488
f 1734/1613/1701 336/1742/336 2462/1743/2427 4633/1741/4534
f 4633/1741/4534 2462/1743/2427 609/1744/609 2465/1745/2430
f 1520/408/1488 4633/1741/4534 2465/1745/2430 228/409/228
f 336/1742/336 1735/1687/1702 4634/1746/4535 2462/1743/2427
f 1735/1687/1702 95/310/95 1856/381/1822 4634/1746/4535
f 4634/1746/4535 1856/381/1822 397/396/397 2463/1747/2428
f 2462/1743/2427 4634/1746/4535 2463/1747/2428 609/1744/609
f 609/1744/609 2463/1747/2428 4635/1748/4536 2464/1749/2429
f 2463/1747/2428 397/396/397 1857/398/1823 4635/1748/4536
f 4635/1748/4536 1857/398/1823 97/400/97 1739/1716/1706
f 2464/1749/2429 4635/1748/4536 1739/1716/1706 338/1712/338
f 228/409/228 2465/1745/2430 4636/1750/4537 1519/413/1487
f 2465/1745/2430 609/1744/609 2464/1749/2429 4636/1750/4537
f 4636/1750/4537 2464/1749/2429 338/1712/338 1738/1710/1705
f 1519/413/1487 4636/1750/4537 1738/1710/1705 27/322/27
f 21/1751/21 1736/1752/1703 4637/1753/4538 1516/1754/1484
f 1736/1752/1703 337/1755/337 2466/1756/2431 4637/1753/4538
f 4637/1753/4538 2466/1756/2431 610/1757/610 2469/1758/2434
f 1516/1754/1484 4637/1753/4538 2469/1758/2434 226/1759/226
f 337/1755/337 1737/1760/1704 4638/1761/4539 2466/1756/2431
f 1737/1760/1704 96/360/96 1858/362/1824 4638/1761/4539
f 4638/1761/4539 1858/362/1824 398/1762/398 2467/1763/2432
f 2466/1756/2431 4638/1761/4539 2467/1763/2432 610/1757/610
f 610/1757/610 2467/1763/2432 4639/1764/4540 2468/1765/2433
f 2467/1763/2432 398/366/398 1859/378/1825 4639/1764/4540
f 4639/1764/4540 1859/378/1825 98/26/98 1741/1731/1708
f 2468/1765/2433 4639/1764/4540 1741/1731/1708 339/1727/339
f 226/1766/226 2469/1758/2434 4640/1767/4541 1515/1768/1483
f 2469/1758/2434 610/1757/610 2468/1765/2433 4640/1767/4541
f 4640/1767/4541 2468/1765/2433 339/1727/339 1740/1769/1707
f 1515/1768/1483 4640/1767/4541 1740/1769/1707 25/1723/25
f 21/269/21 1496/269/1464 4641/269/4542 1736/269/1703
f 1496/269/1464 216/269/216 2470/269/2435 4641/269/4542
f 4641/269/4542 2470/269/2435 611/269/611 2473/269/2438
f 1736/269/1703 4641/269/4542 2473/269/2438 337/269/337
f 216/269/216 1495/269/1463 4642/269/4543 2470/269/2435
f 1495/269/1463 17/269/17 1732/269/1699 4642/269/4543
f 4642/269/4543 1732/269/1699 335/269/335 2471/269/2436
f 2470/269/2435 4642/269/4543 2471/269/2436 611/269/611
f 611/269/611 2471/269/2436 4643/269/4544 2472/269/2437
f 2471/269/2436 335/269/335 1733/269/1700 4643/269/4544
f 4643/269/4544 1733/269/1700 94/269/94 1860/269/1826
f 2472/269/2437 4643/269/4544 1860/269/1826 399/269/399
f 337/269/337 2473/269/2438 4644/269/4545 1737/269/1704
f 2473/269/2438 611/269/611 2472/269/2437 4644/269/4545
f 4644/269/4545 2472/269/2437 399/269/399 1861/269/1827
f 1737/269/1704 4644/269/4545 1861/269/1827 96/269/96
f 18/269/18 1477/269/1445 4645/269/4546 1480/269/1448
f 1477/269/1445 207/269/207 2474/269/2439 4645/269/4546
f 4645/269/4546 2474/269/2439 612/269/612 2477/269/2442
f 1480/269/1448 4645/269/4546 2477/269/2442 208/269/208
f 207/269/207 1478/269/1446 4646/269/4547 2474/269/2439
f 1478/269/1446 22/269/22 1502/269/1470 4646/269/4547
f 4646/269/4547 1502/269/1470 219/269/219 2475/269/2440
f 2474/269/2439 4646/269/4547 2475/269/2440 612/269/612
f 612/269/612 2475/269/2440 4647/269/4548 2476/269/2441
f 2475/269/2440 219/269/219 1501/269/1469 4647/269/4548
f 4647/269/4548 1501/269/1469 95/269/95 1862/269/1828
f 2476/269/2441 4647/269/4548 1862/269/1828 400/269/400
f 208/269/208 2477/269/2442 4648/269/4549 1479/269/1447
f 2477/269/2442 612/269/612 2476/269/2441 4648/269/4549
f 4648/269/4549 2476/269/2441 400/269/400 1863/269/1829
f 1479/269/1447 4648/269/4549 1863/269/1829 93/269/93
f 15/12/15 1726/1770/1693 4649/1771/4550 1485/13/1453
f 1726/1770/1693 332/1772/332 2478/1773/2443 4649/1771/4550
f 4649/1771/4550 2478/1773/2443 613/1774/613 2481/1775/2446
f 1485/13/1453 4649/1771/4550 2481/1775/2446 211/14/211
f 332/1772/332 1727/1776/1694 4650/1777/4551 2478/1773/2443
f 1727/1776/1694 91/1778/91 1864/291/1830 4650/1777/4551
f 4650/1777/4551 1864/291/1830 401/295/401 2479/1779/2444
f 2478/1773/2443 4650/1777/4551 2479/1779/2444 613/1774/613
f 613/1774/613 2479/1779/2444 4651/1780/4552 2480/1781/2445
f 2479/1779/2444 401/295/401 1865/308/1831 4651/1780/4552
f 4651/1780/4552 1865/308/1831 93/310/93 1731/1687/1698
f 2480/1781/2445 4651/1780/4552 1731/1687/1698 334/1742/334
f 211/14/211 2481/1775/2446 4652/1782/4553 1486/18/1454
f 2481/1775/2446 613/1774/613 2480/1781/2445 4652/1782/4553
f 4652/1782/4553 2480/1781/2445 334/1742/334 1730/1613/1697
f 1486/18/1454 4652/1782/4553 1730/1613/1697 19/19/19
f 13/1783/13 1728/1784/1695 4653/1785/4554 1490/1786/1458
f 1728/1784/1695 333/1787/333 2482/1788/2447 4653/1785/4554
f 4653/1785/4554 2482/1788/2447 614/1789/614 2485/1790/2450
f 1490/1786/1458 4653/1785/4554 2485/1790/2450 213/1791/213
f 333/1787/333 1729/1792/1696 4654/1793/4555 2482/1788/2447
f 1729/1792/1696 92/49/92 1866/271/1832 4654/1793/4555
f 4654/1793/4555 1866/271/1832 402/275/402 2483/1794/2448
f 2482/1788/2447 4654/1793/4555 2483/1794/2448 614/1789/614
f 614/1789/614 2483/1794/2448 4655/1795/4556 2484/1796/2449
f 2483/1794/2448 402/275/402 1867/287/1833 4655/1795/4556
f 4655/1795/4556 1867/287/1833 94/289/94 1733/1797/1700
f 2484/1796/2449 4655/1795/4556 1733/1797/1700 335/1798/335
f 213/1791/213 2485/1790/2450 4656/1799/4557 1489/1800/1457
f 2485/1790/2450 614/1789/614 2484/1796/2449 4656/1799/4557
f 4656/1799/4557 2484/1796/2449 335/1798/335 1732/1801/1699
f 1489/1800/1457 4656/1799/4557 1732/1801/1699 17/1751/17
f 9/1543/9 1714/1802/1681 4657/1803/4558 1600/1804/1568
f 1714/1802/1681 326/1805/326 2486/1806/2451 4657/1803/4558
f 4657/1803/4558 2486/1806/2451 615/1807/615 2489/1808/268
f 1600/1804/1568 4657/1803/4558 2489/1808/268 268/1809/268
f 326/1805/326 1715/1810/1682 4658/1811/4559 2486/1812/2451
f 1715/1810/1682 85/229/85 1868/232/1834 4658/1811/4559
f 4658/1811/4559 1868/232/1834 403/237/403 2487/1813/2452
f 2486/1812/2451 4658/1811/4559 2487/1813/2452 615/1814/615
f 615/1807/615 2487/1815/2452 4659/1816/4560 2488/1817/2453
f 2487/1815/2452 403/248/403 1869/251/1835 4659/1816/4560
f 4659/1816/4560 1869/251/1835 105/253/105 1755/1550/1721
f 2488/1817/2453 4659/1816/4560 1755/1550/1721 346/1549/346
f 268/1809/268 2489/1808/268 4660/1818/1567 1599/1819/1567
f 2489/1808/268 615/1807/615 2488/1817/2453 4660/1818/1567
f 4660/1818/1567 2488/1817/2453 346/1549/346 1754/1544/49
f 1599/1819/1567 4660/1818/1567 1754/1544/49 49/1458/49
f 89/50/89 1878/53/1844 4661/1820/4561 1716/1821/1683
f 1878/53/1844 408/71/408 2490/1822/2454 4661/1820/4561
f 4661/1820/4561 2490/1822/2454 616/1823/616 2493/1824/2457
f 1716/1821/1683 4661/1820/4561 2493/1824/2457 327/1825/327
f 408/1826/408 1879/1827/1845 4662/1828/4562 2490/1829/2454
f 1879/1827/1845 86/207/86 1898/1830/1864 4662/1828/4562
f 4662/1828/4562 1898/1830/1864 418/1831/418 2491/1832/2455
f 2490/1829/2454 4662/1828/4562 2491/1832/2455 616/1833/616
f 616/1823/616 2491/1834/2455 4663/1835/4563 2492/1836/2456
f 2491/1834/2455 418/1837/418 1899/1838/1865 4663/1835/4563
f 4663/1835/4563 1899/1838/1865 130/1839/130 1895/1840/1861
f 2492/1836/2456 4663/1835/4563 1895/1840/1861 416/1841/416
f 327/1842/327 2493/1843/2457 4664/1844/4564 1717/1845/1684
f 2493/1843/2457 616/1833/616 2492/1846/2456 4664/1844/4564
f 4664/1844/4564 2492/1846/2456 416/1847/416 1894/1848/1860
f 1717/1845/1684 4664/1844/4564 1894/1848/1860 131/1849/131
f 12/1593/12 1718/1850/1685 4665/1851/4565 1432/1852/1400
f 1718/1850/1685 328/1853/328 2494/1854/2458 4665/1851/4565
f 4665/1851/4565 2494/1854/2458 617/1855/617 2497/1856/2461
f 1432/1852/1400 4665/1851/4565 2497/1856/2461 184/1857/184
f 328/1858/328 1719/1859/1686 4666/1860/4566 2494/1861/2458
f 1719/1859/1686 87/136/87 1872/1862/1838 4666/1860/4566
f 4666/1860/4566 1872/1862/1838 405/1863/405 2495/1864/2459
f 2494/1861/2458 4666/1860/4566 2495/1864/2459 617/1865/617
f 617/1855/617 2495/1866/2459 4667/1867/4567 2496/1868/2460
f 2495/1866/2459 405/172/405 1873/182/1839 4667/1867/4567
f 4667/1867/4567 1873/182/1839 90/26/90 1725/1869/1692
f 2496/1868/2460 4667/1867/4567 1725/1869/1692 331/1870/331
f 184/1857/184 2497/1856/2461 4668/1871/4568 1431/1872/1399
f 2497/1856/2461 617/1855/617 2496/1868/2460 4668/1871/4568
f 4668/1871/4568 2496/1868/2460 331/1870/331 1724/1873/1691
f 1431/1872/1399 4668/1871/4568 1724/1873/1691 8/1874/8
f 12/1593/12 1458/1875/1426 4669/1876/4569 1718/1877/1685
f 1458/1875/1426 197/1878/197 2498/1879/2462 4669/1876/4569
f 4669/1876/4569 2498/1879/2462 618/1880/618 2501/1881/2465
f 1718/1877/1685 4669/1876/4569 2501/1881/2465 328/1882/328
f 197/1878/197 1457/1883/1425 4670/1884/4570 2498/1879/2462
f 1457/1883/1425 10/724/10 1452/722/1420 4670/1884/4570
f 4670/1884/4570 1452/722/1420 194/717/194 2499/1885/2463
f 2498/1879/2462 4670/1884/4570 2499/1885/2463 618/1880/618
f 618/1880/618 2499/1885/2463 4671/1886/4571 2500/1887/2464
f 2499/1885/2463 194/717/194 1451/1888/1419 4671/1886/4571
f 4671/1886/4571 1451/1888/1419 88/149/88 1874/146/1840
f 2500/1887/2464 4671/1886/4571 1874/146/1840 406/145/406
f 328/1882/328 2501/1889/2465 4672/1890/4572 1719/1891/1686
f 2501/1889/2465 618/1892/618 2500/1893/2464 4672/1890/4572
f 4672/1890/4572 2500/1893/2464 406/140/406 1875/137/1841
f 1719/1891/1686 4672/1890/4572 1875/137/1841 87/136/87
f 9/1543/9 1460/1894/1428 4673/1895/4573 1714/1896/1681
f 1460/1894/1428 198/1897/198 2502/1898/2466 4673/1895/4573
f 4673/1895/4573 2502/1898/2466 619/1899/619 2505/1900/2469
f 1714/1896/1681 4673/1895/4573 2505/1900/2469 326/1805/326
f 198/1897/198 1459/1901/1427 4674/1902/4574 2502/1898/2466
f 1459/1901/1427 11/61/11 1454/1903/1422 4674/1902/4574
f 4674/1902/4574 1454/1903/1422 195/1904/195 2503/1905/2467
f 2502/1898/2466 4674/1902/4574 2503/1905/2467 619/1899/619
f 619/1899/619 2503/1905/2467 4675/1906/4575 2504/1907/2468
f 2503/1905/2467 195/1904/195 1453/1908/1421 4675/1906/4575
f 4675/1906/4575 1453/1908/1421 89/50/89 1876/118/1842
f 2504/1907/2468 4675/1906/4575 1876/118/1842 407/113/407
f 326/1805/326 2505/1909/2469 4676/1910/4576 1715/1911/1682
f 2505/1909/2469 619/1912/619 2504/1913/2468 4676/1910/4576
f 4676/1910/4576 2504/1913/2468 407/113/407 1877/110/1843
f 1715/1911/1682 4676/1910/4576 1877/110/1843 85/109/85
f 5/19/5 1722/1914/1689 4677/1915/4577 1897/1916/1863
f 1722/1914/1689 330/1917/330 2506/1918/2470 4677/1915/4577
f 4677/1915/4577 2506/1918/2470 620/1919/620 2509/1920/2473
f 1897/1916/1863 4677/1915/4577 2509/1920/2473 417/1921/417
f 330/1917/330 1723/1922/1690 4678/1923/4578 2506/1918/2470
f 1723/1922/1690 89/50/89 1716/1821/1683 4678/1923/4578
f 4678/1923/4578 1716/1821/1683 327/1825/327 2507/1924/2471
f 2506/1918/2470 4678/1923/4578 2507/1924/2471 620/1919/620
f 620/1925/620 2507/1926/2471 4679/1927/4579 2508/1928/2472
f 2507/1926/2471 327/1842/327 1717/1845/1684 4679/1927/4579
f 4679/1927/4579 1717/1845/1684 131/1849/131 1889/1929/1855
f 2508/1928/2472 4679/1927/4579 1889/1929/1855 413/1930/413
f 417/1921/417 2509/1920/2473 4680/1931/4580 1896/1932/1862
f 2509/1920/2473 620/1919/620 2508/1933/2472 4680/1931/4580
f 4680/1931/4580 2508/1933/2472 413/1934/413 1888/1935/1854
f 1896/1932/1862 4680/1931/4580 1888/1935/1854 128/1936/128
f 8/1874/8 1724/1873/1691 4681/1937/4581 1476/1938/1444
f 1724/1873/1691 331/1870/331 2510/1939/2474 4681/1937/4581
f 4681/1937/4581 2510/1939/2474 621/1940/621 2513/1941/2477
f 1476/1938/1444 4681/1937/4581 2513/1941/2477 206/1938/206
f 331/1870/331 1725/1869/1692 4682/1942/4582 2510/1939/2474
f 1725/1869/1692 90/26/90 1880/29/1846 4682/1942/4582
f 4682/1942/4582 1880/29/1846 409/26/409 2511/1943/2475
f 2510/1939/2474 4682/1942/4582 2511/1943/2475 621/1940/621
f 621/1940/621 2511/1943/2475 4683/1944/4583 2512/1945/2476
f 2511/1943/2475 409/26/409 1881/47/1847 4683/1944/4583
f 4683/1944/4583 1881/47/1847 92/49/92 1729/1792/1696
f 2512/1945/2476 4683/1944/4583 1729/1792/1696 333/1787/333
f 206/1938/206 2513/1941/2477 4684/1946/4584 1475/1938/1443
f 2513/1941/2477 621/1940/621 2512/1945/2476 4684/1946/4584
f 4684/1946/4584 2512/1945/2476 333/1787/333 1728/1784/1695
f 1475/1938/1443 4684/1946/4584 1728/1784/1695 13/1783/13
f 132/1947/132 1891/1948/1857 4685/1949/4585 1925/1950/1891
f 1891/1948/1857 414/1951/414 2514/1952/2478 4685/1949/4585
f 4685/1949/4585 2514/1952/2478 622/1953/622 2517/1954/2481
f 1925/1950/1891 4685/1949/4585 2517/1954/2481 431/1955/431
f 414/1951/414 1890/1956/1856 4686/1957/4586 2514/1952/2478
f 1890/1956/1856 129/1958/129 1922/1959/1888 4686/1957/4586
f 4686/1957/4586 1922/1959/1888 430/1960/430 2515/1961/2479
f 2514/1952/2478 4686/1957/4586 2515/1961/2479 622/1953/622
f 622/1953/622 2515/1961/2479 4687/1962/4587 2516/1708/2480
f 2515/1961/2479 430/1960/430 1923/1963/1889 4687/1962/4587
f 4687/1962/4587 1923/1963/1889 135/1964/135 1914/1965/1880
f 2516/1708/2480 4687/1962/4587 1914/1965/1880 426/1708/426
f 431/1955/431 2517/1954/2481 4688/1966/4588 1924/1967/1890
f 2517/1954/2481 622/1953/622 2516/1708/2480 4688/1966/4588
f 4688/1966/4588 2516/1708/2480 426/1708/426 1915/1968/1881
f 1924/1967/1890 4688/1966/4588 1915/1968/1881 138/1969/138
f 131/1970/131 1894/1971/1860 4689/1972/4589 1921/1973/1887
f 1894/1971/1860 416/1841/416 2518/1974/2482 4689/1972/4589
f 4689/1972/4589 2518/1974/2482 623/1975/623 2521/1976/2485
f 1921/1973/1887 4689/1972/4589 2521/1976/2485 429/1955/429
f 416/1841/416 1895/1840/1861 4690/1977/4590 2518/1974/2482
f 1895/1840/1861 130/1839/130 1886/1978/1852 4690/1977/4590
f 4690/1977/4590 1886/1978/1852 412/1979/412 2519/1980/2483
f 2518/1974/2482 4690/1977/4590 2519/1980/2483 623/1975/623
f 623/1975/623 2519/1980/2483 4691/1981/4591 2520/1982/2484
f 2519/1980/2483 412/1979/412 1887/1983/1853 4691/1981/4591
f 4691/1981/4591 1887/1983/1853 136/1839/136 1919/1984/1885
f 2520/1982/2484 4691/1981/4591 1919/1984/1885 428/1985/428
f 429/1955/429 2521/1976/2485 4692/1986/4592 1920/1987/1886
f 2521/1976/2485 623/1975/623 2520/1982/2484 4692/1986/4592
f 4692/1986/4592 2520/1982/2484 428/1985/428 1918/1988/1884
f 1920/1987/1886 4692/1986/4592 1918/1988/1884 137/1989/137
f 86/1990/86 1870/210/1836 4693/1991/4593 1898/1992/1864
f 1870/210/1836 404/214/404 2522/1993/2486 4693/1991/4593
f 4693/1991/4593 2522/1993/2486 624/1994/624 2525/1995/2489
f 1898/1992/1864 4693/1991/4593 2525/1995/2489 418/1837/418
f 404/1996/404 1871/226/1837 4694/1997/4594 2522/1993/2486
f 1871/226/1837 91/228/91 1900/1998/1866 4694/1997/4594
f 4694/1997/4594 1900/1998/1866 419/1999/419 2523/2000/2487
f 2522/1993/2486 4694/1997/4594 2523/2000/2487 624/2001/624
f 624/1994/624 2523/2000/2487 4695/2002/4595 2524/2003/2488
f 2523/2000/2487 419/1999/419 1901/2004/1867 4695/2002/4595
f 4695/2002/4595 1901/2004/1867 132/2005/132 1893/2006/1859
f 2524/2003/2488 4695/2002/4595 1893/2006/1859 415/2007/415
f 418/1837/418 2525/1995/2489 4696/2008/4596 1899/1838/1865
f 2525/1995/2489 624/1994/624 2524/2003/2488 4696/2008/4596
f 4696/2008/4596 2524/2003/2488 415/2007/415 1892/2009/1858
f 1899/1838/1865 4696/2008/4596 1892/2009/1858 130/1839/130
f 4/19/4 1449/2010/1417 4697/2011/4597 1903/2012/1869
f 1449/2010/1417 193/2013/193 2526/2014/2490 4697/2011/4597
f 4697/2011/4597 2526/2014/2490 625/2015/625 2529/2016/2493
f 1903/2012/1869 4697/2011/4597 2529/2016/2493 420/2017/420
f 193/196/193 1450/2018/1418 4698/2019/4598 2526/2014/2490
f 1450/2018/1418 5/19/5 1897/1916/1863 4698/2019/4598
f 4698/2019/4598 1897/1916/1863 417/1921/417 2527/2020/2491
f 2526/2014/2490 4698/2019/4598 2527/2020/2491 625/2021/625
f 625/2015/625 2527/2020/2491 4699/2022/4599 2528/2023/2492
f 2527/2020/2491 417/2024/417 1896/1932/1862 4699/2022/4599
f 4699/2022/4599 1896/1932/1862 128/2025/128 1883/2026/1849
f 2528/2023/2492 4699/2022/4599 1883/2026/1849 410/2027/410
f 420/2017/420 2529/2016/2493 4700/2028/4600 1902/2029/1868
f 2529/2016/2493 625/2015/625 2528/2023/2492 4700/2028/4600
f 4700/2028/4600 2528/2023/2492 410/2027/410 1882/2030/1848
f 1902/2029/1868 4700/2028/4600 1882/2030/1848 127/2031/127
f 15/12/15 1471/2032/1439 4701/2033/4601 1905/2034/1871
f 1471/2032/1439 204/261/204 2530/2035/2494 4701/2033/4601
f 4701/2033/4601 2530/2035/2494 626/2036/626 2533/2037/2497
f 1905/2034/1871 4701/2033/4601 2533/2037/2497 421/2024/421
f 204/261/204 1472/2038/1440 4702/2039/4602 2530/2035/2494
f 1472/2038/1440 4/19/4 1903/2012/1869 4702/2039/4602
f 4702/2039/4602 1903/2012/1869 420/2017/420 2531/2040/2495
f 2530/2035/2494 4702/2039/4602 2531/2040/2495 626/2036/626
f 626/2036/626 2531/2040/2495 4703/2041/4603 2532/2042/2496
f 2531/2040/2495 420/2043/420 1902/2029/1868 4703/2041/4603
f 4703/2041/4603 1902/2029/1868 127/2031/127 1885/2044/1851
f 2532/2042/2496 4703/2041/4603 1885/2044/1851 411/2027/411
f 421/2024/421 2533/2037/2497 4704/2045/4604 1904/2046/1870
f 2533/2037/2497 626/2036/626 2532/2042/2496 4704/2045/4604
f 4704/2045/4604 2532/2042/2496 411/2027/411 1884/2026/1850
f 1904/2046/1870 4704/2045/4604 1884/2026/1850 129/2047/129
f 91/1778/91 1727/1776/1694 4705/2048/4605 1900/1998/1866
f 1727/1776/1694 332/2049/332 2534/2050/2498 4705/2048/4605
f 4705/2048/4605 2534/2050/2498 627/2051/627 2537/2052/2501
f 1900/1998/1866 4705/2048/4605 2537/2052/2501 419/1999/419
f 332/2049/332 1726/2053/1693 4706/2054/4606 2534/2050/2498
f 1726/2053/1693 15/12/15 1905/2034/1871 4706/2054/4606
f 4706/2054/4606 1905/2034/1871 421/2024/421 2535/2055/2499
f 2534/2050/2498 4706/2054/4606 2535/2055/2499 627/2051/627
f 627/2051/627 2535/2055/2499 4707/2056/4607 2536/2057/2500
f 2535/2055/2499 421/2024/421 1904/2046/1870 4707/2056/4607
f 4707/2056/4607 1904/2046/1870 129/1958/129 1890/1956/1856
f 2536/2057/2500 4707/2056/4607 1890/1956/1856 414/1951/414
f 419/1999/419 2537/2052/2501 4708/2058/4608 1901/2004/1867
f 2537/2052/2501 627/2051/627 2536/2057/2500 4708/2058/4608
f 4708/2058/4608 2536/2057/2500 414/1951/414 1891/1948/1857
f 1901/2004/1867 4708/2058/4608 1891/1948/1857 132/1947/132
f 134/2047/134 1912/2059/1878 4709/2060/4609 1949/2061/1915
f 1912/2059/1878 425/1612/425 2538/1612/2502 4709/2060/4609
f 4709/2060/4609 2538/1612/2502 628/1612/628 2541/2062/2505
f 1949/2061/1915 4709/2060/4609 2541/2062/2505 443/2063/443
f 425/1612/425 1913/2064/1879 4710/2065/4610 2538/1612/2502
f 1913/2064/1879 137/2066/137 1946/2067/1912 4710/2065/4610
f 4710/2065/4610 1946/2067/1912 442/2068/442 2539/2069/2503
f 2538/1612/2502 4710/2065/4610 2539/2069/2503 628/1612/628
f 628/1612/628 2539/2069/2503 4711/2070/4611 2540/2071/2504
f 2539/2069/2503 442/2068/442 1947/2072/1913 4711/2070/4611
f 4711/2070/4611 1947/2072/1913 143/2073/143 1937/2074/1903
f 2540/2071/2504 4711/2070/4611 1937/2074/1903 437/2075/437
f 443/2063/443 2541/2062/2505 4712/2076/4612 1948/2077/1914
f 2541/2062/2505 628/1612/628 2540/2071/2504 4712/2076/4612
f 4712/2076/4612 2540/2071/2504 437/2075/437 1936/2078/1902
f 1948/2077/1914 4712/2076/4612 1936/2078/1902 140/2079/140
f 136/1839/136 1916/2009/1882 4713/2080/4613 1945/2081/1911
f 1916/2009/1882 427/2082/427 2542/2083/2506 4713/2080/4613
f 4713/2080/4613 2542/2083/2506 629/2084/629 2545/2085/2509
f 1945/2081/1911 4713/2080/4613 2545/2085/2509 441/2086/441
f 427/2007/427 1917/2087/1883 4714/2088/4614 2542/2083/2506
f 1917/2087/1883 138/1969/138 1910/2089/1876 4714/2088/4614
f 4714/2088/4614 1910/2089/1876 424/2090/424 2543/2091/2507
f 2542/2083/2506 4714/2088/4614 2543/2091/2507 629/2084/629
f 629/2084/629 2543/2091/2507 4715/2092/4615 2544/2093/2508
f 2543/2091/2507 424/2090/424 1911/2094/1877 4715/2092/4615
f 4715/2092/4615 1911/2094/1877 144/2095/144 1941/2096/1907
f 2544/2093/2508 4715/2092/4615 1941/2096/1907 439/2097/439
f 441/2086/441 2545/2085/2509 4716/2098/4616 1944/2099/1910
f 2545/2085/2509 629/2084/629 2544/2093/2508 4716/2098/4616
f 4716/2098/4616 2544/2093/2508 439/2097/439 1940/2100/1906
f 1944/2099/1910 4716/2098/4616 1940/2100/1906 142/2101/142
f 127/2031/127 1882/2030/1848 4717/2102/4617 1929/2038/1895
f 1882/2030/1848 410/2027/410 2546/2103/2510 4717/2102/4617
f 4717/2102/4617 2546/2103/2510 630/2104/630 2549/2105/2513
f 1929/2038/1895 4717/2102/4617 2549/2105/2513 433/609/433
f 410/2027/410 1883/2026/1849 4718/2106/4618 2546/2103/2510
f 1883/2026/1849 128/1936/128 1926/2107/1892 4718/2106/4618
f 4718/2106/4618 1926/2107/1892 432/2108/432 2547/2109/2511
f 2546/2103/2510 4718/2106/4618 2547/2109/2511 630/2104/630
f 630/2104/630 2547/2109/2511 4719/2110/4619 2548/2111/2512
f 2547/2109/2511 432/2108/432 1927/2112/1893 4719/2110/4619
f 4719/2110/4619 1927/2112/1893 134/1958/134 1907/2113/1873
f 2548/2111/2512 4719/2110/4619 1907/2113/1873 422/2114/422
f 433/609/433 2549/2105/2513 4720/2115/4620 1928/343/1894
f 2549/2105/2513 630/2104/630 2548/2111/2512 4720/2115/4620
f 4720/2115/4620 2548/2111/2512 422/2114/422 1906/2116/1872
f 1928/343/1894 4720/2115/4620 1906/2116/1872 133/12/133
f 130/2117/130 1892/2009/1858 4721/2118/4621 1886/1978/1852
f 1892/2009/1858 415/2007/415 2550/2119/2514 4721/2118/4621
f 4721/2118/4621 2550/2119/2514 631/1975/631 2553/1980/2517
f 1886/1978/1852 4721/2118/4621 2553/1980/2517 412/1979/412
f 415/2007/415 1893/2006/1859 4722/2120/4622 2550/2119/2514
f 1893/2006/1859 132/1947/132 1925/1950/1891 4722/2120/4622
f 4722/2120/4622 1925/1950/1891 431/1955/431 2551/2121/2515
f 2550/2119/2514 4722/2120/4622 2551/2121/2515 631/1975/631
f 631/1975/631 2551/2121/2515 4723/2122/4623 2552/2123/2516
f 2551/2121/2515 431/1955/431 1924/1967/1890 4723/2122/4623
f 4723/2122/4623 1924/1967/1890 138/1969/138 1917/2087/1883
f 2552/2123/2516 4723/2122/4623 1917/2087/1883 427/2007/427
f 412/1979/412 2553/1980/2517 4724/2124/4624 1887/1983/1853
f 2553/1980/2517 631/1975/631 2552/2123/2516 4724/2124/4624
f 4724/2124/4624 2552/2123/2516 427/2007/427 1916/2009/1882
f 1887/1983/1853 4724/2124/4624 1916/2009/1882 136/2117/136
f 128/1936/128 1888/1935/1854 4725/2125/4625 1926/2107/1892
f 1888/1935/1854 413/1934/413 2554/2126/2518 4725/2125/4625
f 4725/2125/4625 2554/2126/2518 632/2127/632 2557/2128/2521
f 1926/2107/1892 4725/2125/4625 2557/2128/2521 432/2108/432
f 413/1934/413 1889/2129/1855 4726/2130/4626 2554/2126/2518
f 1889/2129/1855 131/1970/131 1921/1973/1887 4726/2130/4626
f 4726/2130/4626 1921/1973/1887 429/1955/429 2555/2131/2519
f 2554/2126/2518 4726/2130/4626 2555/2131/2519 632/2127/632
f 632/2127/632 2555/2131/2519 4727/2132/4627 2556/1610/2520
f 2555/2131/2519 429/1955/429 1920/1987/1886 4727/2132/4627
f 4727/2132/4627 1920/1987/1886 137/1989/137 1913/2064/1879
f 2556/1610/2520 4727/2132/4627 1913/2064/1879 425/1612/425
f 432/2108/432 2557/2128/2521 4728/2133/4628 1927/2112/1893
f 2557/2128/2521 632/2127/632 2556/1610/2520 4728/2133/4628
f 4728/2133/4628 2556/1610/2520 425/1612/425 1912/2059/1878
f 1927/2112/1893 4728/2133/4628 1912/2059/1878 134/1958/134
f 129/1958/129 1884/2026/1850 4729/2134/4629 1922/1959/1888
f 1884/2026/1850 411/2027/411 2558/2135/2522 4729/2134/4629
f 4729/2134/4629 2558/2135/2522 633/2136/633 2561/2137/2525
f 1922/1959/1888 4729/2134/4629 2561/2137/2525 430/1960/430
f 411/2027/411 1885/2044/1851 4730/2138/4630 2558/2135/2522
f 1885/2044/1851 127/2031/127 1929/2038/1895 4730/2138/4630
f 4730/2138/4630 1929/2038/1895 433/609/433 2559/2139/2523
f 2558/2135/2522 4730/2138/4630 2559/2139/2523 633/2136/633
f 633/2136/633 2559/2139/2523 4731/2140/4631 2560/2141/2524
f 2559/2139/2523 433/609/433 1928/343/1894 4731/2140/4631
f 4731/2140/4631 1928/343/1894 133/12/133 1909/2142/1875
f 2560/2141/2524 4731/2140/4631 1909/2142/1875 423/2143/423
f 430/1960/430 2561/2137/2525 4732/2144/4632 1923/1963/1889
f 2561/2137/2525 633/2136/633 2560/2141/2524 4732/2144/4632
f 4732/2144/4632 2560/2141/2524 423/2143/423 1908/2145/1874
f 1923/1963/1889 4732/2144/4632 1908/2145/1874 135/1964/135
f 144/2095/144 1939/2146/1905 4733/2147/4633 1965/2148/1931
f 1939/2146/1905 438/2075/438 2562/1612/2526 4733/2147/4633
f 4733/2147/4633 2562/1612/2526 634/2071/634 2565/2149/2529
f 1965/2148/1931 4733/2147/4633 2565/2149/2529 451/2150/451
f 438/2075/438 1938/2151/1904 4734/2152/4634 2562/1612/2526
f 1938/2151/1904 141/1936/141 1962/2153/1928 4734/2152/4634
f 4734/2152/4634 1962/2153/1928 450/2154/450 2563/2155/2527
f 2562/1612/2526 4734/2152/4634 2563/2155/2527 634/2071/634
f 634/2071/634 2563/2155/2527 4735/2156/4635 2564/2071/2528
f 2563/2155/2527 450/2154/450 1963/2157/1929 4735/2156/4635
f 4735/2156/4635 1963/2157/1929 145/12/145 1958/2158/1924
f 2564/2071/2528 4735/2156/4635 1958/2158/1924 448/1610/448
f 451/2150/451 2565/2149/2529 4736/2159/4636 1964/2160/1930
f 2565/2149/2529 634/2071/634 2564/2071/2528 4736/2159/4636
f 4736/2159/4636 2564/2071/2528 448/1610/448 1959/1616/1925
f 1964/2160/1930 4736/2159/4636 1959/1616/1925 148/449/148
f 140/1702/140 1936/2078/1902 4737/2161/4637 1931/2162/1897
f 1936/2078/1902 437/2075/437 2566/2163/2530 4737/2161/4637
f 4737/2161/4637 2566/2163/2530 635/1612/635 2569/2164/2533
f 1931/2162/1897 4737/2161/4637 2569/2164/2533 434/2165/434
f 437/2075/437 1937/2074/1903 4738/2166/4638 2566/2163/2530
f 1937/2074/1903 143/2167/143 1942/2168/1908 4738/2166/4638
f 4738/2166/4638 1942/2168/1908 440/2169/440 2567/2170/2531
f 2566/2163/2530 4738/2166/4638 2567/2170/2531 635/1612/635
f 635/1612/635 2567/2170/2531 4739/2171/4639 2568/1611/2532
f 2567/2170/2531 440/2169/440 1943/2172/1909 4739/2171/4639
f 4739/2171/4639 1943/2172/1909 142/2101/142 1935/2173/1901
f 2568/1611/2532 4739/2171/4639 1935/2173/1901 436/2071/436
f 434/2174/434 2569/2164/2533 4740/2175/4640 1930/2176/1896
f 2569/2164/2533 635/2177/635 2568/1611/2532 4740/2175/4640
f 4740/2175/4640 2568/1611/2532 436/1611/436 1934/2178/1900
f 1930/2176/1896 4740/2175/4640 1934/2178/1900 139/2179/139
f 135/1964/135 1908/2145/1874 4741/2180/4641 1953/2181/1919
f 1908/2145/1874 423/2143/423 2570/2182/2534 4741/2180/4641
f 4741/2180/4641 2570/2182/2534 636/2183/636 2573/2184/2537
f 1953/2181/1919 4741/2180/4641 2573/2184/2537 445/1936/445
f 423/2143/423 1909/2142/1875 4742/2185/4642 2570/2182/2534
f 1909/2142/1875 133/12/133 1950/2186/1916 4742/2185/4642
f 4742/2185/4642 1950/2186/1916 444/2187/444 2571/2188/2535
f 2570/2182/2534 4742/2185/4642 2571/2188/2535 636/2183/636
f 636/2183/636 2571/2188/2535 4743/2189/4643 2572/2190/2536
f 2571/2188/2535 444/2187/444 1951/2191/1917 4743/2189/4643
f 4743/2189/4643 1951/2191/1917 139/2179/139 1933/2192/1899
f 2572/2190/2536 4743/2189/4643 1933/2192/1899 435/2193/435
f 445/2025/445 2573/2184/2537 4744/2194/4644 1952/2047/1918
f 2573/2184/2537 636/2183/636 2572/2190/2536 4744/2194/4644
f 4744/2194/4644 2572/2190/2536 435/2193/435 1932/2195/1898
f 1952/2047/1918 4744/2194/4644 1932/2195/1898 141/2025/141
f 137/1989/137 1918/1988/1884 4745/2196/4645 1946/2067/1912
f 1918/1988/1884 428/1985/428 2574/2197/2538 4745/2196/4645
f 4745/2196/4645 2574/2197/2538 637/2198/637 2577/2199/2541
f 1946/2067/1912 4745/2196/4645 2577/2199/2541 442/2200/442
f 428/1985/428 1919/1984/1885 4746/2201/4646 2574/2197/2538
f 1919/1984/1885 136/1839/136 1945/2081/1911 4746/2201/4646
f 4746/2201/4646 1945/2081/1911 441/2086/441 2575/2202/2539
f 2574/2197/2538 4746/2201/4646 2575/2202/2539 637/2198/637
f 637/2198/637 2575/2202/2539 4747/2203/4647 2576/2204/2540
f 2575/2202/2539 441/2205/441 1944/2099/1910 4747/2203/4647
f 4747/2203/4647 1944/2099/1910 142/2206/142 1943/2172/1909
f 2576/2204/2540 4747/2203/4647 1943/2172/1909 440/2169/440
f 442/2068/442 2577/2199/2541 4748/2207/4648 1947/2072/1913
f 2577/2199/2541 637/2198/637 2576/2204/2540 4748/2207/4648
f 4748/2207/4648 2576/2204/2540 440/2169/440 1942/2168/1908
f 1947/2072/1913 4748/2207/4648 1942/2168/1908 143/2073/143
f 138/2208/138 1915/2209/1881 4749/2210/4649 1910/2211/1876
f 1915/2209/1881 426/1708/426 2578/2127/2542 4749/2210/4649
f 4749/2210/4649 2578/2127/2542 638/2075/638 2581/2212/2545
f 1910/2211/1876 4749/2210/4649 2581/2212/2545 424/2090/424
f 426/1708/426 1914/1965/1880 4750/2213/4650 2578/1708/2542
f 1914/1965/1880 135/1964/135 1953/2181/1919 4750/2213/4650
f 4750/2213/4650 1953/2181/1919 445/1936/445 2579/2214/2543
f 2578/1708/2542 4750/2213/4650 2579/2214/2543 638/2075/638
f 638/2075/638 2579/2214/2543 4751/2215/4651 2580/2216/2544
f 2579/2214/2543 445/1936/445 1952/2047/1918 4751/2215/4651
f 4751/2215/4651 1952/2047/1918 141/1936/141 1938/2151/1904
f 2580/2216/2544 4751/2215/4651 1938/2151/1904 438/2075/438
f 424/2090/424 2581/2212/2545 4752/2217/4652 1911/2218/1877
f 2581/2212/2545 638/2075/638 2580/1610/2544 4752/2217/4652
f 4752/2217/4652 2580/1610/2544 438/2075/438 1939/2219/1905
f 1911/2218/1877 4752/2217/4652 1939/2219/1905 144/2220/144
f 133/12/133 1906/2116/1872 4753/2221/4653 1950/2186/1916
f 1906/2116/1872 422/2114/422 2582/2222/2546 4753/2221/4653
f 4753/2221/4653 2582/2222/2546 639/2223/639 2585/2224/2549
f 1950/2186/1916 4753/2221/4653 2585/2224/2549 444/2187/444
f 422/2114/422 1907/2113/1873 4754/2225/4654 2582/2222/2546
f 1907/2113/1873 134/1958/134 1949/2061/1915 4754/2225/4654
f 4754/2225/4654 1949/2061/1915 443/2226/443 2583/2227/2547
f 2582/2222/2546 4754/2225/4654 2583/2227/2547 639/2223/639
f 639/2223/639 2583/2227/2547 4755/2228/4655 2584/2229/2548
f 2583/2227/2547 443/2063/443 1948/2077/1914 4755/2228/4655
f 4755/2228/4655 1948/2077/1914 140/2079/140 1931/2230/1897
f 2584/2229/2548 4755/2228/4655 1931/2230/1897 434/2174/434
f 444/2187/444 2585/2224/2549 4756/2231/4656 1951/2191/1917
f 2585/2224/2549 639/2223/639 2584/2229/2548 4756/2231/4656
f 4756/2231/4656 2584/2229/2548 434/2174/434 1930/2232/1896
f 1951/2191/1917 4756/2231/4656 1930/2232/1896 139/2179/139
f 146/1607/146 1956/1608/1922 4757/1609/4657 1955/1607/1921
f 1956/1608/1922 447/1742/447 2586/1611/2550 4757/1609/4657
f 4757/1609/4657 2586/1611/2550 640/1612/640 2589/1613/2553
f 1955/1607/1921 4757/1609/4657 2589/1613/2553 446/262/446
f 447/1742/447 1957/2233/1923 4758/2234/4658 2586/1611/2550
f 1957/2233/1923 147/1979/147 1960/2235/1926 4758/2234/4658
f 4758/2234/4658 1960/2235/1926 449/1706/449 2587/1616/2551
f 2586/1611/2550 4758/2234/4658 2587/1616/2551 640/1612/640
f 640/1612/640 2587/1616/2551 4759/2236/4659 2588/2071/2552
f 2587/1616/2551 449/1706/449 1961/470/1927 4759/2236/4659
f 4759/2236/4659 1961/470/1927 148/470/148 1959/2234/1925
f 2588/2071/2552 4759/2236/4659 1959/2234/1925 448/1610/448
f 446/262/446 2589/1613/2553 4760/2237/4660 1954/2238/1920
f 2589/1613/2553 640/1612/640 2588/2071/2552 4760/2237/4660
f 4760/2237/4660 2588/2071/2552 448/1610/448 1958/2158/1924
f 1954/2238/1920 4760/2237/4660 1958/2158/1924 145/2031/145
f 139/2179/139 1934/2178/1900 4761/2239/4661 1969/2240/1935
f 1934/2178/1900 436/2071/436 2590/2241/2554 4761/2239/4661
f 4761/2239/4661 2590/2241/2554 641/2242/641 2593/2243/2557
f 1969/2240/1935 4761/2239/4661 2593/2243/2557 453/2244/453
f 436/2071/436 1935/2173/1901 4762/2245/4662 2590/2241/2554
f 1935/2173/1901 142/2101/142 1966/2246/1932 4762/2245/4662
f 4762/2245/4662 1966/2246/1932 452/2247/452 2591/2248/2555
f 2590/2241/2554 4762/2245/4662 2591/2248/2555 641/2242/641
f 641/2242/641 2591/2248/2555 4763/2249/4663 2592/2071/2556
f 2591/2248/2555 452/2247/452 1967/2250/1933 4763/2249/4663
f 4763/2249/4663 1967/2250/1933 147/310/147 1957/2233/1923
f 2592/2071/2556 4763/2249/4663 1957/2233/1923 447/1742/447
f 453/2244/453 2593/2243/2557 4764/2251/4664 1968/2252/1934
f 2593/2243/2557 641/2242/641 2592/2071/2556 4764/2251/4664
f 4764/2251/4664 2592/2071/2556 447/1742/447 1956/1608/1922
f 1968/2252/1934 4764/2251/4664 1956/1608/1922 146/536/146
f 142/2101/142 1940/2100/1906 4765/2253/4665 1966/2246/1932
f 1940/2100/1906 439/2097/439 2594/2254/2558 4765/2253/4665
f 4765/2253/4665 2594/2254/2558 642/2255/642 2597/2256/2561
f 1966/2246/1932 4765/2253/4665 2597/2256/2561 452/2247/452
f 439/2097/439 1941/2096/1907 4766/2257/4666 2594/2254/2558
f 1941/2096/1907 144/2095/144 1965/2148/1931 4766/2257/4666
f 4766/2257/4666 1965/2148/1931 451/2150/451 2595/2258/2559
f 2594/2254/2558 4766/2257/4666 2595/2258/2559 642/2255/642
f 642/2255/642 2595/2258/2559 4767/2259/4667 2596/2260/2560
f 2595/2258/2559 451/2150/451 1964/2160/1930 4767/2259/4667
f 4767/2259/4667 1964/2160/1930 148/449/148 1961/470/1927
f 2596/2260/2560 4767/2259/4667 1961/470/1927 449/1706/449
f 452/2247/452 2597/2256/2561 4768/2261/4668 1967/2250/1933
f 2597/2256/2561 642/2255/642 2596/2260/2560 4768/2261/4668
f 4768/2261/4668 2596/2260/2560 449/1706/449 1960/2235/1926
f 1967/2250/1933 4768/2261/4668 1960/2235/1926 147/310/147
f 141/1936/141 1932/2195/1898 4769/2262/4669 1962/2153/1928
f 1932/2195/1898 435/2263/435 2598/2264/2562 4769/2262/4669
f 4769/2262/4669 2598/2264/2562 643/2265/643 2601/2266/2565
f 1962/2153/1928 4769/2262/4669 2601/2266/2565 450/2154/450
f 435/2193/435 1933/2192/1899 4770/2267/4670 2598/2264/2562
f 1933/2192/1899 139/2179/139 1969/2240/1935 4770/2267/4670
f 4770/2267/4670 1969/2240/1935 453/2244/453 2599/2268/2563
f 2598/2264/2562 4770/2267/4670 2599/2268/2563 643/2265/643
f 643/2265/643 2599/2268/2563 4771/2269/4671 2600/2270/2564
f 2599/2268/2563 453/2244/453 1968/2252/1934 4771/2269/4671
f 4771/2269/4671 1968/2252/1934 146/536/146 1955/1607/1921
f 2600/2270/2564 4771/2269/4671 1955/1607/1921 446/262/446
f 450/2154/450 2601/2266/2565 4772/2271/4672 1963/2157/1929
f 2601/2266/2565 643/2265/643 2600/2270/2564 4772/2271/4672
f 4772/2271/4672 2600/2270/2564 446/262/446 1954/261/1920
f 1963/2157/1929 4772/2271/4672 1954/261/1920 145/12/145
f 177/2272/177 2097/2273/2063 4773/2274/4673 2075/2275/2041
f 2097/2273/2063 517/2272/517 2602/2272/2566 4773/2274/4673
f 4773/2274/4673 2602/2272/2566 644/2272/644 2605/2276/2569
f 2075/2275/2041 4773/2274/4673 2605/2276/2569 506/2277/506
f 517/2272/517 2096/2272/2062 4774/2272/4674 2602/2272/2566
f 2096/2272/2062 176/2278/176 2073/697/2039 4774/2272/4674
f 4774/2272/4674 2073/697/2039 505/697/505 2603/2272/2567
f 2602/2272/2566 4774/2272/4674 2603/2272/2567 644/2272/644
f 644/2272/644 2603/2272/2567 4775/2279/4675 2604/1017/2568
f 2603/2272/2567 505/697/505 2072/108/2038 4775/2279/4675
f 4775/2279/4675 2072/108/2038 171/108/171 2042/108/2008
f 2604/1017/2568 4775/2279/4675 2042/108/2008 490/697/490
f 506/2277/506 2605/2276/2569 4776/2280/4676 2074/2281/2040
f 2605/2276/2569 644/2272/644 2604/1017/2568 4776/2280/4676
f 4776/2280/4676 2604/1017/2568 490/697/490 2043/697/2009
f 2074/2281/2040 4776/2280/4676 2043/697/2009 168/1017/168
f 176/240/176 2095/2282/2061 4777/2283/4677 2073/240/2039
f 2095/2282/2061 516/2284/516 2606/2285/2570 4777/2283/4677
f 4777/2283/4677 2606/2285/2570 645/2286/645 2609/2287/2573
f 2073/240/2039 4777/2283/4677 2609/2287/2573 505/752/505
f 516/2284/516 2094/2288/2060 4778/2289/4678 2606/2285/2570
f 2094/2288/2060 175/2290/175 2054/2291/2020 4778/2289/4678
f 4778/2289/4678 2054/2291/2020 496/2292/496 2607/2293/2571
f 2606/2285/2570 4778/2289/4678 2607/2293/2571 645/2286/645
f 645/2286/645 2607/2293/2571 4779/2294/4679 2608/2295/2572
f 2607/2293/2571 496/2292/496 2055/2296/2021 4779/2294/4679
f 4779/2294/4679 2055/2296/2021 172/2297/172 2046/2298/2012
f 2608/2295/2572 4779/2294/4679 2046/2298/2012 492/2299/492
f 505/752/505 2609/2287/2573 4780/2300/4680 2072/245/2038
f 2609/2287/2573 645/2301/645 2608/2295/2572 4780/2300/4680
f 4780/2300/4680 2608/2295/2572 492/2299/492 2047/2302/2013
f 2072/245/2038 4780/2300/4680 2047/2302/2013 171/240/171
f 173/2303/173 2093/2304/2059 4781/2305/4681 2067/2306/2033
f 2093/2304/2059 515/1025/515 2610/2307/2574 4781/2305/4681
f 4781/2305/4681 2610/2307/2574 646/2308/646 2613/2309/2577
f 2067/2306/2033 4781/2305/4681 2613/2309/2577 502/2310/502
f 515/1025/515 2092/2311/2058 4782/2312/4682 2610/2307/2574
f 2092/2311/2058 174/2313/174 1974/2314/1940 4782/2312/4682
f 4782/2312/4682 1974/2314/1940 456/2315/456 2611/2316/2575
f 2610/2307/2574 4782/2312/4682 2611/2316/2575 646/2308/646
f 646/2308/646 2611/2316/2575 4783/2317/4683 2612/903/2576
f 2611/2316/2575 456/2315/456 1975/1033/1941 4783/2317/4683
f 4783/2317/4683 1975/1033/1941 169/2303/169 2050/2318/2016
f 2612/903/2576 4783/2317/4683 2050/2318/2016 494/904/494
f 502/2319/502 2613/2320/2577 4784/2321/4684 2066/2322/2032
f 2613/2320/2577 646/2308/646 2612/918/2576 4784/2321/4684
f 4784/2321/4684 2612/918/2576 494/2323/494 2051/2324/2017
f 2066/2322/2032 4784/2321/4684 2051/2324/2017 167/2325/167
f 161/2326/161 2027/2327/1993 4785/2328/4685 2011/2329/1977
f 2027/2327/1993 482/2330/482 2614/2331/2578 4785/2328/4685
f 4785/2328/4685 2614/2331/2578 647/1017/647 2617/2332/2581
f 2011/2329/1977 4785/2328/4685 2617/2332/2581 474/2333/474
f 482/2334/482 2026/2335/1992 4786/2336/4686 2614/2337/2578
f 2026/2335/1992 160/1017/160 2009/697/1975 4786/2336/4686
f 4786/2336/4686 2009/697/1975 473/697/473 2615/1017/2579
f 2614/2337/2578 4786/2336/4686 2615/1017/2579 647/2272/647
f 647/2272/647 2615/1017/2579 4787/2338/4687 2616/2272/2580
f 2615/1017/2579 473/697/473 2008/2339/1974 4787/2338/4687
f 4787/2338/4687 2008/2339/1974 155/1017/155 1978/2272/1944
f 2616/2272/2580 4787/2338/4687 1978/2272/1944 458/2272/458
f 474/2333/474 2617/2332/2581 4788/2340/4688 2010/2341/1976
f 2617/2332/2581 647/1017/647 2616/697/2580 4788/2340/4688
f 4788/2340/4688 2616/697/2580 458/2272/458 1979/2342/1945
f 2010/2341/1976 4788/2340/4688 1979/2342/1945 152/2341/152
f 158/1023/158 2025/2343/1991 4789/2344/4689 1637/1028/1605
f 2025/2343/1991 481/2345/481 2618/2346/2582 4789/2344/4689
f 4789/2344/4689 2618/2346/2582 648/2308/648 2621/2307/2585
f 1637/1028/1605 4789/2344/4689 2621/2307/2585 287/1025/287
f 481/2345/481 2024/2347/1990 4790/2348/4690 2618/2346/2582
f 2024/2347/1990 162/2349/162 1996/2350/1962 4790/2348/4690
f 4790/2348/4690 1996/2350/1962 467/2351/467 2619/2352/2583
f 2618/2346/2582 4790/2348/4690 2619/2352/2583 648/2308/648
f 648/2308/648 2619/2352/2583 4791/2353/4691 2620/2354/2584
f 2619/2352/2583 467/2351/467 1997/2355/1963 4791/2353/4691
f 4791/2353/4691 1997/2355/1963 149/2303/149 1988/2356/1954
f 2620/2354/2584 4791/2353/4691 1988/2356/1954 463/2357/463
f 287/1025/287 2621/2358/2585 4792/2359/4692 1638/1033/1606
f 2621/2358/2585 648/902/648 2620/2360/2584 4792/2359/4692
f 4792/2359/4692 2620/2360/2584 463/2361/463 1989/2362/1955
f 1638/1033/1606 4792/2359/4692 1989/2362/1955 153/1034/153
f 162/2349/162 2023/2363/1989 4793/2364/4693 1996/2350/1962
f 2023/2363/1989 480/2365/480 2622/2366/2586 4793/2364/4693
f 4793/2364/4693 2622/2366/2586 649/2367/649 2625/2368/2589
f 1996/2350/1962 4793/2364/4693 2625/2368/2589 467/2351/467
f 480/2365/480 2022/2369/1988 4794/2370/4694 2622/2366/2586
f 2022/2369/1988 163/2371/163 1998/2372/1964 4794/2370/4694
f 4794/2370/4694 1998/2372/1964 468/2373/468 2623/2374/2587
f 2622/2366/2586 4794/2370/4694 2623/2374/2587 649/2367/649
f 649/2367/649 2623/2374/2587 4795/2375/4695 2624/2376/2588
f 2623/2374/2587 468/2373/468 1999/2377/1965 4795/2375/4695
f 4795/2375/4695 1999/2377/1965 150/839/150 1971/2378/1937
f 2624/2376/2588 4795/2375/4695 1971/2378/1937 454/2379/454
f 467/2351/467 2625/2368/2589 4796/2380/4696 1997/2355/1963
f 2625/2368/2589 649/2367/649 2624/2376/2588 4796/2380/4696
f 4796/2380/4696 2624/2376/2588 454/2379/454 1970/1070/1936
f 1997/2355/1963 4796/2380/4696 1970/1070/1936 149/2303/149
f 163/2371/163 2021/2381/1987 4797/2382/4697 1998/2372/1964
f 2021/2381/1987 479/2383/479 2626/2384/2590 4797/2382/4697
f 4797/2382/4697 2626/2384/2590 650/2385/650 2629/2386/2593
f 1998/2372/1964 4797/2382/4697 2629/2386/2593 468/2373/468
f 479/2383/479 2020/2387/1986 4798/2388/4698 2626/2384/2590
f 2020/2387/1986 164/2389/164 2000/2390/1966 4798/2388/4698
f 4798/2388/4698 2000/2390/1966 469/2391/469 2627/2392/2591
f 2626/2384/2590 4798/2388/4698 2627/2392/2591 650/2385/650
f 650/2385/650 2627/2392/2591 4799/2393/4699 2628/2394/2592
f 2627/2392/2591 469/2391/469 2001/2395/1967 4799/2393/4699
f 4799/2393/4699 2001/2395/1967 154/2396/154 1977/2397/1943
f 2628/2394/2592 4799/2393/4699 1977/2397/1943 457/2398/457
f 468/2373/468 2629/2386/2593 4800/2399/4700 1999/2377/1965
f 2629/2386/2593 650/2385/650 2628/2394/2592 4800/2399/4700
f 4800/2399/4700 2628/2394/2592 457/2398/457 1976/2400/1942
f 1999/2377/1965 4800/2399/4700 1976/2400/1942 150/839/150
f 164/2390/164 2019/2401/1985 4801/2402/4701 2000/2390/1966
f 2019/2401/1985 478/2403/478 2630/2403/2594 4801/2402/4701
f 4801/2402/4701 2630/2403/2594 651/2404/651 2633/2401/2597
f 2000/2390/1966 4801/2402/4701 2633/2401/2597 469/2405/469
f 478/2406/478 2018/2407/1984 4802/2408/4702 2630/2403/2594
f 2018/2407/1984 161/2326/161 2011/2409/1977 4802/2408/4702
f 4802/2408/4702 2011/2409/1977 474/2333/474 2631/2410/2595
f 2630/2403/2594 4802/2408/4702 2631/2410/2595 651/2411/651
f 651/2411/651 2631/2410/2595 4803/2412/4703 2632/2413/2596
f 2631/2410/2595 474/2333/474 2010/2333/1976 4803/2412/4703
f 4803/2412/4703 2010/2333/1976 152/2333/152 1980/2414/1946
f 2632/2413/2596 4803/2412/4703 1980/2414/1946 459/2415/459
f 469/2391/469 2633/2401/2597 4804/2416/4704 2001/2395/1967
f 2633/2401/2597 651/2411/651 2632/2413/2596 4804/2416/4704
f 4804/2416/4704 2632/2413/2596 459/2415/459 1981/2417/1947
f 2001/2395/1967 4804/2416/4704 1981/2417/1947 154/2396/154
f 68/870/68 1660/2418/1627 4805/2419/4705 2016/2420/1982
f 1660/2418/1627 298/2421/298 2634/2422/2598 4805/2419/4705
f 4805/2419/4705 2634/2422/2598 652/2423/652 2637/2424/2601
f 2016/2420/1982 4805/2419/4705 2637/2424/2601 477/2425/477
f 298/2421/298 1659/2426/1626 4806/2427/4706 2634/2422/2598
f 1659/2426/1626 72/2428/72 1995/2429/1961 4806/2427/4706
f 4806/2427/4706 1995/2429/1961 466/2430/466 2635/2431/2599
f 2634/2422/2598 4806/2427/4706 2635/2431/2599 652/2423/652
f 652/2432/652 2635/2433/2599 4807/2434/4707 2636/2435/2600
f 2635/2433/2599 466/2436/466 1994/2437/1960 4807/2434/4707
f 4807/2434/4707 1994/2437/1960 161/2326/161 2018/2407/1984
f 2636/2435/2600 4807/2434/4707 2018/2407/1984 478/2406/478
f 477/2438/477 2637/2439/2601 4808/2440/4708 2017/2441/1983
f 2637/2439/2601 652/2432/652 2636/2435/2600 4808/2440/4708
f 4808/2440/4708 2636/2435/2600 478/2406/478 2019/2401/1985
f 2017/2441/1983 4808/2440/4708 2019/2401/1985 164/2389/164
f 64/839/64 1649/2442/1616 4809/2443/4709 2014/2444/1980
f 1649/2442/1616 293/834/293 2638/2445/2602 4809/2443/4709
f 4809/2443/4709 2638/2445/2602 653/2446/653 2641/2447/2605
f 2014/2444/1980 4809/2443/4709 2641/2447/2605 476/2448/476
f 293/2449/293 1650/2450/1617 4810/2451/4710 2638/2452/2602
f 1650/2450/1617 68/870/68 2016/2420/1982 4810/2451/4710
f 4810/2451/4710 2016/2420/1982 477/2425/477 2639/2453/2603
f 2638/2452/2602 4810/2451/4710 2639/2453/2603 653/2446/653
f 653/2446/653 2639/2454/2603 4811/2455/4711 2640/2456/2604
f 2639/2454/2603 477/2438/477 2017/2441/1983 4811/2455/4711
f 4811/2455/4711 2017/2441/1983 164/2389/164 2020/2387/1986
f 2640/2456/2604 4811/2455/4711 2020/2387/1986 479/2383/479
f 476/2448/476 2641/2447/2605 4812/2457/4712 2015/2458/1981
f 2641/2447/2605 653/2446/653 2640/2456/2604 4812/2457/4712
f 4812/2457/4712 2640/2456/2604 479/2383/479 2021/2381/1987
f 2015/2458/1981 4812/2457/4712 2021/2381/1987 163/2371/163
f 115/1026/115 1627/2459/1595 4813/2460/4713 2012/2461/1978
f 1627/2459/1595 282/2462/282 2642/2463/2606 4813/2460/4713
f 4813/2460/4713 2642/2463/2606 654/2464/654 2645/2465/2609
f 2012/2461/1978 4813/2460/4713 2645/2465/2609 475/2466/475
f 282/2462/282 1628/2467/1596 4814/2468/4714 2642/2463/2606
f 1628/2467/1596 64/839/64 2014/2444/1980 4814/2468/4714
f 4814/2468/4714 2014/2444/1980 476/2448/476 2643/2469/2607
f 2642/2463/2606 4814/2468/4714 2643/2469/2607 654/2464/654
f 654/2464/654 2643/2469/2607 4815/2470/4715 2644/2471/2608
f 2643/2469/2607 476/2448/476 2015/2458/1981 4815/2470/4715
f 4815/2470/4715 2015/2458/1981 163/2472/163 2022/2369/1988
f 2644/2471/2608 4815/2470/4715 2022/2369/1988 480/2365/480
f 475/2466/475 2645/2465/2609 4816/2473/4716 2013/2474/1979
f 2645/2465/2609 654/2464/654 2644/2471/2608 4816/2473/4716
f 4816/2473/4716 2644/2471/2608 480/2365/480 2023/2363/1989
f 2013/2474/1979 4816/2473/4716 2023/2363/1989 162/2475/162
f 117/2476/117 1825/1515/1791 4817/2477/4717 2004/2478/1970
f 1825/1515/1791 381/1510/381 2646/2479/2610 4817/2477/4717
f 4817/2477/4717 2646/2479/2610 655/2480/655 2649/2481/2613
f 2004/2478/1970 4817/2477/4717 2649/2481/2613 471/2482/471
f 381/1510/381 1824/1509/1790 4818/2483/4718 2646/2479/2610
f 1824/1509/1790 115/1026/115 2012/2461/1978 4818/2483/4718
f 4818/2483/4718 2012/2461/1978 475/2466/475 2647/2484/2611
f 2646/2479/2610 4818/2483/4718 2647/2484/2611 655/2480/655
f 655/2480/655 2647/2484/2611 4819/2485/4719 2648/2486/2612
f 2647/2484/2611 475/2466/475 2013/2474/1979 4819/2485/4719
f 4819/2485/4719 2013/2474/1979 162/2349/162 2024/2347/1990
f 2648/2486/2612 4819/2485/4719 2024/2347/1990 481/2345/481
f 471/2482/471 2649/2481/2613 4820/2487/4720 2005/2488/1971
f 2649/2481/2613 655/2480/655 2648/2486/2612 4820/2487/4720
f 4820/2487/4720 2648/2486/2612 481/2345/481 2025/2343/1991
f 2005/2488/1971 4820/2487/4720 2025/2343/1991 158/1023/158
f 72/2428/72 1658/998/1625 4821/2489/4721 1995/2429/1961
f 1658/998/1625 297/1002/297 2650/2490/2614 4821/2489/4721
f 4821/2489/4721 2650/2490/2614 656/2491/656 2653/2492/2617
f 1995/2429/1961 4821/2489/4721 2653/2492/2617 466/2430/466
f 297/2493/297 1657/2494/1624 4822/2495/4722 2650/2496/2614
f 1657/2494/1624 76/1017/76 1993/697/1959 4822/2495/4722
f 4822/2495/4722 1993/697/1959 465/697/465 2651/2497/2615
f 2650/2496/2614 4822/2495/4722 2651/2497/2615 656/2491/656
f 656/2491/656 2651/2497/2615 4823/2498/4723 2652/2499/2616
f 2651/2497/2615 465/697/465 1992/2339/1958 4823/2498/4723
f 4823/2498/4723 1992/2339/1958 160/1017/160 2026/2335/1992
f 2652/2499/2616 4823/2498/4723 2026/2335/1992 482/2334/482
f 466/2430/466 2653/2492/2617 4824/2500/4724 1994/2501/1960
f 2653/2492/2617 656/2491/656 2652/2502/2616 4824/2500/4724
f 4824/2500/4724 2652/2502/2616 482/2330/482 2027/2327/1993
f 1994/2501/1960 4824/2500/4724 2027/2327/1993 161/2326/161
f 116/1420/116 1819/2503/1785 4825/2504/4725 1632/2505/1600
f 1819/2503/1785 378/1468/378 2654/2506/2618 4825/2504/4725
f 4825/2504/4725 2654/2506/2618 657/2507/657 2657/2508/2621
f 1632/2505/1600 4825/2504/4725 2657/2508/2621 284/2509/284
f 378/1468/378 1818/1467/1784 4826/2510/4726 2654/2506/2618
f 1818/1467/1784 117/1466/117 2004/2478/1970 4826/2510/4726
f 4826/2510/4726 2004/2478/1970 471/2482/471 2655/2511/2619
f 2654/2506/2618 4826/2510/4726 2655/2511/2619 657/2507/657
f 657/2507/657 2655/2511/2619 4827/2512/4727 2656/2513/2620
f 2655/2511/2619 471/2482/471 2005/2488/1971 4827/2512/4727
f 4827/2512/4727 2005/2488/1971 158/2514/158 2028/1026/1994
f 2656/2513/2620 4827/2512/4727 2028/1026/1994 483/1032/483
f 284/2509/284 2657/2508/2621 4828/2515/4728 1631/2516/1599
f 2657/2508/2621 657/2507/657 2656/2513/2620 4828/2515/4728
f 4828/2515/4728 2656/2513/2620 483/1021/483 2029/1018/1995
f 1631/2516/1599 4828/2515/4728 2029/1018/1995 157/908/157
f 76/752/76 1666/1077/1633 4829/2517/4729 1993/752/1959
f 1666/1077/1633 301/961/301 2658/2379/2622 4829/2517/4729
f 4829/2517/4729 2658/2379/2622 658/2518/658 2661/959/2625
f 1993/752/1959 4829/2517/4729 2661/959/2625 465/752/465
f 301/961/301 1665/1070/1632 4830/2519/4730 2658/2379/2622
f 1665/1070/1632 120/2514/120 2006/2514/1972 4830/2519/4730
f 4830/2519/4730 2006/2514/1972 472/1023/472 2659/965/2623
f 2658/2379/2622 4830/2519/4730 2659/965/2623 658/2518/658
f 658/2518/658 2659/965/2623 4831/965/4731 2660/961/2624
f 2659/965/2623 472/1023/472 2007/1023/1973 4831/965/4731
f 4831/965/4731 2007/1023/1973 159/1023/159 2030/965/1996
f 2660/961/2624 4831/965/4731 2030/965/1996 484/961/484
f 465/752/465 2661/959/2625 4832/2517/4732 1992/752/1958
f 2661/959/2625 658/2520/658 2660/961/2624 4832/2517/4732
f 4832/2517/4732 2660/961/2624 484/961/484 2031/959/1997
f 1992/752/1958 4832/2517/4732 2031/959/1997 160/752/160
f 120/1023/120 1815/1428/1781 4833/2521/4733 2006/2514/1972
f 1815/1428/1781 376/2522/376 2662/2523/2626 4833/2521/4733
f 4833/2521/4733 2662/2523/2626 659/2524/659 2665/2525/2629
f 2006/2514/1972 4833/2521/4733 2665/2525/2629 472/1023/472
f 376/2522/376 1814/1421/1780 4834/2526/4734 2662/2527/2626
f 1814/1421/1780 116/2528/116 1632/2529/1600 4834/2526/4734
f 4834/2526/4734 1632/2529/1600 284/2530/284 2663/2531/2627
f 2662/2527/2626 4834/2526/4734 2663/2531/2627 659/2524/659
f 659/2524/659 2663/2531/2627 4835/2532/4735 2664/2533/2628
f 2663/2531/2627 284/2530/284 1631/2534/1599 4835/2532/4735
f 4835/2532/4735 1631/2534/1599 157/908/157 2032/905/1998
f 2664/2533/2628 4835/2532/4735 2032/905/1998 485/900/485
f 472/1023/472 2665/2525/2629 4836/2535/4736 2007/1023/1973
f 2665/2525/2629 659/2524/659 2664/2536/2628 4836/2535/4736
f 4836/2535/4736 2664/2536/2628 485/900/485 2033/897/1999
f 2007/1023/1973 4836/2535/4736 2033/897/1999 159/896/159
f 165/1026/165 2034/2537/2000 4837/2538/4737 2052/2539/2018
f 2034/2537/2000 486/2540/486 2666/2541/2630 4837/2538/4737
f 4837/2538/4737 2666/2541/2630 660/2379/660 2669/965/2633
f 2052/2539/2018 4837/2538/4737 2669/965/2633 495/1026/495
f 486/2540/486 2035/2542/2001 4838/2543/4738 2666/2541/2630
f 2035/2542/2001 166/1230/166 2040/245/2006 4838/2543/4738
f 4838/2543/4738 2040/245/2006 489/245/489 2667/959/2631
f 2666/2541/2630 4838/2543/4738 2667/959/2631 660/2379/660
f 660/961/660 2667/959/2631 4839/2544/4739 2668/961/2632
f 2667/959/2631 489/245/489 2041/245/2007 4839/2544/4739
f 4839/2544/4739 2041/245/2007 170/752/170 2039/2545/2005
f 2668/961/2632 4839/2544/4739 2039/2545/2005 488/2546/488
f 495/1026/495 2669/965/2633 4840/2547/4740 2053/1026/2019
f 2669/965/2633 660/2379/660 2668/961/2632 4840/2547/4740
f 4840/2547/4740 2668/961/2632 488/2548/488 2038/2549/2004
f 2053/1026/2019 4840/2547/4740 2038/2549/2004 169/2303/169
f 169/2303/169 2038/2549/2004 4841/2550/4741 2050/2551/2016
f 2038/2549/2004 488/2548/488 2670/2552/2634 4841/2550/4741
f 4841/2550/4741 2670/2552/2634 661/2553/661 2673/2554/2637
f 2050/2551/2016 4841/2550/4741 2673/2554/2637 494/904/494
f 488/2548/488 2039/2545/2005 4842/2555/4742 2670/2552/2634
f 2039/2545/2005 170/752/170 2045/752/2011 4842/2555/4742
f 4842/2555/4742 2045/752/2011 491/240/491 2671/2556/2635
f 2670/2552/2634 4842/2555/4742 2671/2556/2635 661/2553/661
f 661/2553/661 2671/2556/2635 4843/2557/4743 2672/2558/2636
f 2671/2556/2635 491/240/491 2044/245/2010 4843/2557/4743
f 4843/2557/4743 2044/245/2010 168/245/168 2037/2282/2003
f 2672/2558/2636 4843/2557/4743 2037/2282/2003 487/2284/487
f 494/904/494 2673/2554/2637 4844/2559/4744 2051/2560/2017
f 2673/2554/2637 661/2553/661 2672/2558/2636 4844/2559/4744
f 4844/2559/4744 2672/2558/2636 487/2284/487 2036/2561/2002
f 2051/2560/2017 4844/2559/4744 2036/2561/2002 167/2325/167
f 167/2325/167 2036/2561/2002 4845/2562/4745 2048/2563/2014
f 2036/2561/2002 487/2284/487 2674/2564/2638 4845/2562/4745
f 4845/2562/4745 2674/2564/2638 662/2565/662 2677/2566/2641
f 2048/2563/2014 4845/2562/4745 2677/2566/2641 493/2567/493
f 487/2568/487 2037/2282/2003 4846/2569/4746 2674/2564/2638
f 2037/2282/2003 168/245/168 2043/2570/2009 4846/2569/4746
f 4846/2569/4746 2043/2570/2009 490/2571/490 2675/2572/2639
f 2674/2564/2638 4846/2569/4746 2675/2572/2639 662/2565/662
f 662/2565/662 2675/2572/2639 4847/2300/4747 2676/2295/2640
f 2675/2572/2639 490/2571/490 2042/2570/2008 4847/2300/4747
f 4847/2300/4747 2042/2570/2008 171/240/171 2047/2573/2013
f 2676/2295/2640 4847/2300/4747 2047/2573/2013 492/2299/492
f 493/2574/493 2677/2566/2641 4848/2575/4748 2049/2576/2015
f 2677/2566/2641 662/2565/662 2676/2295/2640 4848/2575/4748
f 4848/2575/4748 2676/2295/2640 492/2299/492 2046/2298/2012
f 2049/2576/2015 4848/2575/4748 2046/2298/2012 172/2577/172
f 179/2514/179 2091/1070/2057 4849/2578/4749 2079/2579/2045
f 2091/1070/2057 514/961/514 2678/2580/2642 4849/2578/4749
f 4849/2578/4749 2678/2580/2642 663/2581/663 2681/2582/2645
f 2079/2579/2045 4849/2578/4749 2681/2582/2645 508/2583/508
f 514/961/514 2090/2584/2056 4850/2585/4750 2678/2580/2642
f 2090/2584/2056 178/2586/178 2060/2587/2026 4850/2585/4750
f 4850/2585/4750 2060/2587/2026 499/2588/499 2679/2589/2643
f 2678/2580/2642 4850/2585/4750 2679/2589/2643 663/2581/663
f 663/2581/663 2679/2589/2643 4851/2590/4751 2680/2591/2644
f 2679/2589/2643 499/2588/499 2061/2592/2027 4851/2590/4751
f 4851/2590/4751 2061/2592/2027 166/1230/166 2035/2542/2001
f 2680/2591/2644 4851/2590/4751 2035/2542/2001 486/2540/486
f 508/2583/508 2681/2582/2645 4852/2593/4752 2078/2594/2044
f 2681/2582/2645 663/2581/663 2680/2591/2644 4852/2593/4752
f 4852/2593/4752 2680/2591/2644 486/2540/486 2034/2537/2000
f 2078/2594/2044 4852/2593/4752 2034/2537/2000 165/1026/165
f 174/2313/174 2089/2595/2055 4853/2596/4753 1974/2314/1940
f 2089/2595/2055 513/2315/513 2682/2597/2646 4853/2596/4753
f 4853/2596/4753 2682/2597/2646 664/2598/664 2685/2599/2649
f 1974/2314/1940 4853/2596/4753 2685/2599/2649 456/2315/456
f 513/2315/513 2088/2600/2054 4854/2601/4754 2682/2597/2646
f 2088/2600/2054 179/2514/179 2079/2579/2045 4854/2601/4754
f 4854/2601/4754 2079/2579/2045 508/2583/508 2683/2602/2647
f 2682/2597/2646 4854/2601/4754 2683/2602/2647 664/2598/664
f 664/2598/664 2683/2602/2647 4855/2603/4755 2684/2604/2648
f 2683/2602/2647 508/2583/508 2078/2594/2044 4855/2603/4755
f 4855/2603/4755 2078/2594/2044 165/2539/165 2052/2539/2018
f 2684/2604/2648 4855/2603/4755 2052/2539/2018 495/1026/495
f 456/2605/456 2685/2599/2649 4856/2606/4756 1975/1033/1941
f 2685/2599/2649 664/2598/664 2684/2604/2648 4856/2606/4756
f 4856/2606/4756 2684/2604/2648 495/1026/495 2053/1026/2019
f 1975/1033/1941 4856/2606/4756 2053/1026/2019 169/1026/169
f 175/2290/175 2087/2607/2053 4857/2608/4757 2054/2291/2020
f 2087/2607/2053 512/2609/512 2686/2610/2650 4857/2608/4757
f 4857/2608/4757 2686/2610/2650 665/2611/665 2689/2612/2653
f 2054/2291/2020 4857/2608/4757 2689/2612/2653 496/2292/496
f 512/2609/512 2086/2613/2052 4858/2614/4758 2686/2610/2650
f 2086/2613/2052 173/2303/173 2067/2306/2033 4858/2614/4758
f 4858/2614/4758 2067/2306/2033 502/2310/502 2687/2615/2651
f 2686/2610/2650 4858/2614/4758 2687/2615/2651 665/2611/665
f 665/2611/665 2687/2615/2651 4859/2616/4759 2688/2617/2652
f 2687/2615/2651 502/2310/502 2066/2618/2032 4859/2616/4759
f 4859/2616/4759 2066/2618/2032 167/2325/167 2048/2563/2014
f 2688/2617/2652 4859/2616/4759 2048/2563/2014 493/2567/493
f 496/2292/496 2689/2612/2653 4860/2619/4760 2055/2296/2021
f 2689/2612/2653 665/2611/665 2688/2617/2652 4860/2619/4760
f 4860/2619/4760 2688/2617/2652 493/2567/493 2049/2620/2015
f 2055/2296/2021 4860/2619/4760 2049/2620/2015 172/2297/172
f 180/2391/180 2085/2621/2051 4861/2622/4761 2081/2623/2047
f 2085/2621/2051 511/2624/511 2690/2625/2654 4861/2622/4761
f 4861/2622/4761 2690/2625/2654 666/2626/666 2693/2627/2657
f 2081/2623/2047 4861/2622/4761 2693/2627/2657 509/2628/509
f 511/2624/511 2084/2629/2050 4862/2630/4762 2690/2625/2654
f 2084/2629/2050 177/2272/177 2075/2275/2041 4862/2630/4762
f 4862/2630/4762 2075/2275/2041 506/2277/506 2691/2631/2655
f 2690/2625/2654 4862/2630/4762 2691/2631/2655 666/2626/666
f 666/2626/666 2691/2631/2655 4863/2632/4763 2692/2633/2656
f 2691/2631/2655 506/2277/506 2074/2281/2040 4863/2632/4763
f 4863/2632/4763 2074/2281/2040 168/1017/168 2044/2339/2010
f 2692/2633/2656 4863/2632/4763 2044/2339/2010 491/693/491
f 509/2628/509 2693/2627/2657 4864/2634/4764 2080/2635/2046
f 2693/2627/2657 666/2636/666 2692/2633/2656 4864/2634/4764
f 4864/2634/4764 2692/2633/2656 491/693/491 2045/697/2011
f 2080/2635/2046 4864/2634/4764 2045/697/2011 170/2339/170
f 178/2586/178 2083/2637/2049 4865/2638/4765 2060/2587/2026
f 2083/2637/2049 510/2639/510 2694/2640/2658 4865/2638/4765
f 4865/2638/4765 2694/2640/2658 667/2641/667 2697/2642/2661
f 2060/2587/2026 4865/2638/4765 2697/2642/2661 499/2588/499
f 510/2639/510 2082/2643/2048 4866/2644/4766 2694/2640/2658
f 2082/2643/2048 180/2391/180 2081/2623/2047 4866/2644/4766
f 4866/2644/4766 2081/2623/2047 509/2628/509 2695/2645/2659
f 2694/2640/2658 4866/2644/4766 2695/2645/2659 667/2641/667
f 667/2641/667 2695/2645/2659 4867/2646/4767 2696/2647/2660
f 2695/2645/2659 509/2628/509 2080/2635/2046 4867/2646/4767
f 4867/2646/4767 2080/2635/2046 170/2339/170 2041/2648/2007
f 2696/2647/2660 4867/2646/4767 2041/2648/2007 489/2649/489
f 499/2588/499 2697/2642/2661 4868/2650/4768 2061/2592/2027
f 2697/2642/2661 667/2641/667 2696/2647/2660 4868/2650/4768
f 4868/2650/4768 2696/2647/2660 489/2649/489 2040/2651/2006
f 2061/2592/2027 4868/2650/4768 2040/2651/2006 166/1230/166
f 150/839/150 1976/2400/1942 4869/2652/4769 2076/1230/2042
f 1976/2400/1942 457/2398/457 2698/2653/2662 4869/2652/4769
f 4869/2652/4769 2698/2653/2662 668/2654/668 2701/2655/2665
f 2076/1230/2042 4869/2652/4769 2701/2655/2665 507/245/507
f 457/2398/457 1977/2397/1943 4870/2656/4770 2698/2653/2662
f 1977/2397/1943 154/2396/154 2065/2657/2031 4870/2656/4770
f 4870/2656/4770 2065/2657/2031 501/2391/501 2699/2658/2663
f 2698/2653/2662 4870/2656/4770 2699/2658/2663 668/2654/668
f 668/2654/668 2699/2658/2663 4871/2659/4771 2700/2660/2664
f 2699/2658/2663 501/2405/501 2064/2405/2030 4871/2659/4771
f 4871/2659/4771 2064/2405/2030 180/2391/180 2082/2643/2048
f 2700/2660/2664 4871/2659/4771 2082/2643/2048 510/2639/510
f 507/1230/507 2701/2655/2665 4872/2661/4772 2077/2662/2043
f 2701/2655/2665 668/2654/668 2700/2660/2664 4872/2661/4772
f 4872/2661/4772 2700/2660/2664 510/2639/510 2083/2637/2049
f 2077/2662/2043 4872/2661/4772 2083/2637/2049 178/2586/178
f 154/2396/154 1981/2417/1947 4873/2663/4773 2065/2657/2031
f 1981/2417/1947 459/2415/459 2702/2664/2666 4873/2663/4773
f 4873/2663/4773 2702/2664/2666 669/2665/669 2705/2666/2669
f 2065/2657/2031 4873/2663/4773 2705/2666/2669 501/2391/501
f 459/2415/459 1980/2414/1946 4874/2667/4774 2702/2664/2666
f 1980/2414/1946 152/2333/152 2059/2668/2025 4874/2667/4774
f 4874/2667/4774 2059/2668/2025 498/2339/498 2703/2669/2667
f 2702/2664/2666 4874/2667/4774 2703/2669/2667 669/2665/669
f 669/2670/669 2703/2669/2667 4875/2629/4775 2704/2403/2668
f 2703/2669/2667 498/108/498 2058/2339/2024 4875/2629/4775
f 4875/2629/4775 2058/2339/2024 177/2671/177 2084/2629/2050
f 2704/2403/2668 4875/2629/4775 2084/2629/2050 511/2672/511
f 501/2391/501 2705/2666/2669 4876/2673/4776 2064/2405/2030
f 2705/2666/2669 669/2665/669 2704/2403/2668 4876/2673/4776
f 4876/2673/4776 2704/2403/2668 511/2624/511 2085/2621/2051
f 2064/2405/2030 4876/2673/4776 2085/2621/2051 180/2391/180
f 156/971/156 1985/2674/1951 4877/2675/4777 2070/2676/2036
f 1985/2674/1951 461/2677/461 2706/2678/2670 4877/2675/4777
f 4877/2675/4777 2706/2678/2670 670/2679/670 2709/2680/2673
f 2070/2676/2036 4877/2675/4777 2709/2680/2673 504/2475/504
f 461/2677/461 1984/2681/1950 4878/2682/4778 2706/2678/2670
f 1984/2681/1950 151/2683/151 1973/2684/1939 4878/2682/4778
f 4878/2682/4778 1973/2684/1939 455/1026/455 2707/2685/2671
f 2706/2678/2670 4878/2682/4778 2707/2685/2671 670/2679/670
f 670/2679/670 2707/2685/2671 4879/2686/4779 2708/2687/2672
f 2707/2685/2671 455/2539/455 1972/1026/1938 4879/2686/4779
f 4879/2686/4779 1972/1026/1938 173/1026/173 2086/2613/2052
f 2708/2687/2672 4879/2686/4779 2086/2613/2052 512/2609/512
f 504/2475/504 2709/2680/2673 4880/2688/4780 2071/2689/2037
f 2709/2680/2673 670/2679/670 2708/2687/2672 4880/2688/4780
f 4880/2688/4780 2708/2687/2672 512/2609/512 2087/2607/2053
f 2071/2689/2037 4880/2688/4780 2087/2607/2053 175/2290/175
f 153/2690/153 1989/2691/1955 4881/2692/4781 2068/2693/2034
f 1989/2691/1955 463/2357/463 2710/2694/2674 4881/2692/4781
f 4881/2692/4781 2710/2694/2674 671/2695/671 2713/2696/2677
f 2068/2693/2034 4881/2692/4781 2713/2696/2677 503/2697/503
f 463/2357/463 1988/2356/1954 4882/2698/4782 2710/2694/2674
f 1988/2356/1954 149/2303/149 2063/1026/2029 4882/2698/4782
f 4882/2698/4782 2063/1026/2029 500/2539/500 2711/2699/2675
f 2710/2694/2674 4882/2698/4782 2711/2699/2675 671/2695/671
f 671/2699/671 2711/2699/2675 4883/2700/4783 2712/2600/2676
f 2711/2699/2675 500/2539/500 2062/2514/2028 4883/2700/4783
f 4883/2700/4783 2062/2514/2028 179/2514/179 2088/2600/2054
f 2712/2600/2676 4883/2700/4783 2088/2600/2054 513/2605/513
f 503/2697/503 2713/2696/2677 4884/2701/4784 2069/2702/2035
f 2713/2696/2677 671/2695/671 2712/2600/2676 4884/2701/4784
f 4884/2701/4784 2712/2600/2676 513/2315/513 2089/2595/2055
f 2069/2702/2035 4884/2701/4784 2089/2595/2055 174/2313/174
f 149/1026/149 1970/1070/1936 4885/2703/4785 2063/1026/2029
f 1970/1070/1936 454/2379/454 2714/2379/2678 4885/2703/4785
f 4885/2703/4785 2714/2379/2678 672/2379/672 2717/1070/2681
f 2063/1026/2029 4885/2703/4785 2717/1070/2681 500/2539/500
f 454/2379/454 1971/2378/1937 4886/2544/4786 2714/2379/2678
f 1971/2378/1937 150/1230/150 2076/1230/2042 4886/2544/4786
f 4886/2544/4786 2076/1230/2042 507/1230/507 2715/2704/2679
f 2714/2379/2678 4886/2544/4786 2715/2704/2679 672/2379/672
f 672/2379/672 2715/2704/2679 4887/2705/4787 2716/961/2680
f 2715/2704/2679 507/1230/507 2077/2662/2043 4887/2705/4787
f 4887/2705/4787 2077/2662/2043 178/2586/178 2090/2584/2056
f 2716/961/2680 4887/2705/4787 2090/2584/2056 514/961/514
f 500/2539/500 2717/1070/2681 4888/965/4788 2062/2514/2028
f 2717/1070/2681 672/961/672 2716/961/2680 4888/965/4788
f 4888/965/4788 2716/961/2680 514/2706/514 2091/1070/2057
f 2062/2514/2028 4888/965/4788 2091/1070/2057 179/2514/179
f 151/2683/151 1987/1037/1953 4889/2707/4789 1973/2684/1939
f 1987/1037/1953 462/1026/462 2718/1026/2682 4889/2707/4789
f 4889/2707/4789 2718/1026/2682 673/1026/673 2721/2708/2685
f 1973/2684/1939 4889/2707/4789 2721/2708/2685 455/1026/455
f 462/1026/462 1986/1035/1952 4890/2709/4790 2718/1032/2682
f 1986/1035/1952 153/1034/153 2068/2710/2034 4890/2709/4790
f 4890/2709/4790 2068/2710/2034 503/2711/503 2719/2712/2683
f 2718/1032/2682 4890/2709/4790 2719/2712/2683 673/1026/673
f 673/1026/673 2719/2712/2683 4891/2713/4791 2720/1029/2684
f 2719/2712/2683 503/2711/503 2069/2714/2035 4891/2713/4791
f 4891/2713/4791 2069/2714/2035 174/2313/174 2092/2715/2058
f 2720/1029/2684 4891/2713/4791 2092/2715/2058 515/1025/515
f 455/1026/455 2721/2708/2685 4892/1027/4792 1972/1026/1938
f 2721/2708/2685 673/1026/673 2720/1024/2684 4892/1027/4792
f 4892/1027/4792 2720/1024/2684 515/1025/515 2093/2304/2059
f 1972/1026/1938 4892/1027/4792 2093/2304/2059 173/2303/173
f 155/240/155 1983/976/1949 4893/2716/4793 2057/240/2023
f 1983/976/1949 460/973/460 2722/2717/2686 4893/2716/4793
f 4893/2716/4793 2722/2717/2686 674/973/674 2725/976/2689
f 2057/240/2023 4893/2716/4793 2725/976/2689 497/752/497
f 460/973/460 1982/972/1948 4894/2718/4794 2722/2717/2686
f 1982/972/1948 156/971/156 2070/2676/2036 4894/2718/4794
f 4894/2718/4794 2070/2676/2036 504/2475/504 2723/2288/2687
f 2722/2717/2686 4894/2718/4794 2723/2288/2687 674/973/674
f 674/973/674 2723/2288/2687 4895/2719/4795 2724/2720/2688
f 2723/2288/2687 504/2475/504 2071/2689/2037 4895/2719/4795
f 4895/2719/4795 2071/2689/2037 175/2290/175 2094/2288/2060
f 2724/2720/2688 4895/2719/4795 2094/2288/2060 516/2284/516
f 497/752/497 2725/976/2689 4896/2721/4796 2056/245/2022
f 2725/976/2689 674/973/674 2724/2720/2688 4896/2721/4796
f 4896/2721/4796 2724/2720/2688 516/2284/516 2095/2282/2061
f 2056/245/2022 4896/2721/4796 2095/2282/2061 176/240/176
f 152/2333/152 1979/2332/1945 4897/2722/4797 2059/2668/2025
f 1979/2332/1945 458/2272/458 2726/2272/2690 4897/2722/4797
f 4897/2722/4797 2726/2272/2690 675/2272/675 2729/2723/2693
f 2059/2668/2025 4897/2722/4797 2729/2723/2693 498/2339/498
f 458/2272/458 1978/2272/1944 4898/2272/4798 2726/2272/2690
f 1978/2272/1944 155/1017/155 2057/697/2023 4898/2272/4798
f 4898/2272/4798 2057/697/2023 497/697/497 2727/1017/2691
f 2726/2272/2690 4898/2272/4798 2727/1017/2691 675/2272/675
f 675/2272/675 2727/1017/2691 4899/2272/4799 2728/2272/2692
f 2727/1017/2691 497/697/497 2056/697/2022 4899/2272/4799
f 4899/2272/4799 2056/697/2022 176/2278/176 2096/2272/2062
f 2728/2272/2692 4899/2272/4799 2096/2272/2062 517/2272/517
f 498/2339/498 2729/2723/2693 4900/1017/4800 2058/2339/2024
f 2729/2723/2693 675/2272/675 2728/2272/2692 4900/1017/4800
f 4900/1017/4800 2728/2272/2692 517/2272/517 2097/2273/2063
f 2058/2339/2024 4900/1017/4800 2097/2273/2063 177/2272/177
f 599/1605/599 2423/2724/2388 4901/2725/4801 2424/1606/2389
f 2423/2724/2388 724/1598/724 2779/1600/2743 4901/2725/4801
f 4901/2725/4801 2779/1600/2743 700/623/700 1836/2726/1802
f 2424/1606/2389 4901/2725/4801 1836/2726/1802 387/618/387
f 242/1584/242 1547/2727/1515 4902/2728/4802 2422/1585/2387
f 1547/2727/1515 685/1589/685 2780/1592/2744 4902/2728/4802
f 4902/2728/4802 2780/1592/2744 724/1597/724 2423/2729/2388
f 2422/1585/2387 4902/2728/4802 2423/2729/2388 599/1586/599
f 587/2730/587 2375/2731/2341 4903/2732/4803 2376/2733/2342
f 2375/2731/2341 723/2734/723 2781/2735/2745 4903/2732/4803
f 4903/2732/4803 2781/2735/2745 699/2736/699 1812/2737/1778
f 2376/2733/2342 4903/2732/4803 1812/2737/1778 375/2738/375
f 308/1388/308 2750/2739/2714 4904/2740/4804 2374/1389/2340
f 2750/2739/2714 696/1393/696 2782/1396/2746 4904/2740/4804
f 4904/2740/4804 2782/1396/2746 723/1401/723 2375/2731/2341
f 2374/1389/2340 4904/2740/4804 2375/2731/2341 587/1390/587
f 323/269/323 2776/2741/2740 4905/2742/4805 1708/1217/1675
f 2776/2741/2740 722/1153/722 2783/1153/2747 4905/2742/4805
f 4905/2742/4805 2783/1153/2747 698/1153/698 1693/2743/1660
f 1708/1217/1675 4905/2742/4805 1693/2743/1660 59/269/59
f 66/269/66 1648/2744/1615 4906/2745/4806 1709/1212/1676
f 1648/2744/1615 693/847/693 2784/1226/2748 4906/2745/4806
f 4906/2745/4806 2784/1226/2748 722/1153/722 2776/2741/2740
f 1709/1212/1676 4906/2745/4806 2776/2741/2740 323/269/323
f 574/1142/574 2323/2746/2289 4907/2747/4807 2324/1156/2290
f 2323/2746/2289 721/1149/721 2785/1151/2749 4907/2747/4807
f 4907/2747/4807 2785/1151/2749 698/1153/698 2752/1237/2716
f 2324/1156/2290 4907/2747/4807 2752/1237/2716 315/747/315
f 276/868/276 2745/2748/2709 4908/2749/4808 2322/1141/2288
f 2745/2748/2709 691/865/691 2786/1146/2750 4908/2749/4808
f 4908/2749/4808 2786/1146/2750 721/1149/721 2323/2746/2289
f 2322/1141/2288 4908/2749/4808 2323/2746/2289 574/1142/574
f 571/1085/571 2311/2750/2277 4909/2751/4809 2312/1095/2278
f 2311/2750/2277 720/1090/720 2787/1092/2751 4909/2751/4809
f 4909/2751/4809 2787/1092/2751 696/102/696 2750/2752/2714
f 2312/1095/2278 4909/2751/4809 2750/2752/2714 308/106/308
f 302/2753/302 2749/2754/2713 4910/2755/4810 2310/2756/2276
f 2749/2754/2713 695/1010/695 2788/2757/2752 4910/2755/4810
f 4910/2755/4810 2788/2757/2752 720/2758/720 2311/2759/2277
f 2310/2756/2276 4910/2755/4810 2311/2759/2277 571/1085/571
f 569/1044/569 2303/2760/2269 4911/2761/4811 2304/2762/2270
f 2303/2760/2269 719/1055/719 2789/1057/2753 4911/2761/4811
f 4911/2761/4811 2789/1057/2753 697/1061/697 1683/2763/1650
f 2304/2762/2270 4911/2761/4811 1683/2763/1650 310/1065/310
f 375/1042/375 1812/2764/1778 4912/2765/4812 2302/1043/2268
f 1812/2764/1778 699/1047/699 2790/1050/2754 4912/2765/4812
f 4912/2765/4812 2790/1050/2754 719/1055/719 2303/2760/2269
f 2302/1043/2268 4912/2765/4812 2303/2760/2269 569/1044/569
f 567/1000/567 2295/2766/2261 4913/2767/4813 2296/2768/2262
f 2295/2766/2261 718/1006/718 2791/2769/2755 4913/2767/4813
f 4913/2767/4813 2791/2769/2755 695/1010/695 2749/2754/2713
f 2296/2768/2262 4913/2767/4813 2749/2754/2713 302/2753/302
f 295/893/295 2748/2770/2712 4914/2771/4814 2294/999/2260
f 2748/2770/2712 694/889/694 2792/2772/2756 4914/2771/4814
f 4914/2771/4814 2792/2772/2756 718/1006/718 2295/2766/2261
f 2294/999/2260 4914/2771/4814 2295/2766/2261 567/1000/567
f 561/876/561 2271/2773/2237 4915/2774/4815 2272/892/2238
f 2271/2773/2237 717/2775/717 2793/2776/2757 4915/2774/4815
f 4915/2774/4815 2793/2776/2757 694/889/694 2748/2770/2712
f 2272/892/2238 4915/2774/4815 2748/2770/2712 295/893/295
f 288/874/288 2746/822/2710 4916/2777/4816 2270/875/2236
f 2746/822/2710 692/2778/692 2794/2779/2758 4916/2777/4816
f 4916/2777/4816 2794/2779/2758 717/2775/717 2271/2773/2237
f 2270/875/2236 4916/2777/4816 2271/2773/2237 561/876/561
f 560/851/560 2267/2780/2233 4917/2749/4817 2268/867/2234
f 2267/2780/2233 716/859/716 2795/861/2759 4917/2749/4817
f 4917/2749/4817 2795/861/2759 691/865/691 2745/2748/2709
f 2268/867/2234 4917/2749/4817 2745/2748/2709 276/868/276
f 275/747/275 2744/746/2708 4918/2781/4818 2266/850/2232
f 2744/746/2708 690/745/690 2796/855/2760 4918/2781/4818
f 4918/2781/4818 2796/855/2760 716/859/716 2267/2780/2233
f 2266/850/2232 4918/2781/4818 2267/2780/2233 560/851/560
f 278/2782/278 2769/2783/2733 4919/2784/4819 1619/2785/1587
f 2769/2783/2733 715/842/715 2797/845/2761 4919/2784/4819
f 4919/2784/4819 2797/845/2761 693/847/693 1648/2744/1615
f 1619/2785/1587 4919/2784/4819 1648/2744/1615 66/269/66
f 69/882/69 1640/2786/1608 4920/2787/4820 1620/2788/1588
f 1640/2786/1608 692/2789/692 2798/2790/2762 4920/2787/4820
f 4920/2787/4820 2798/2790/2762 715/842/715 2769/2783/2733
f 1620/2788/1588 4920/2787/4820 2769/2783/2733 278/2782/278
f 285/1196/285 1634/1195/1602 4921/2791/4821 2768/2792/2732
f 1634/1195/1602 55/269/55 1614/2793/1582 4921/2791/4821
f 4921/2791/4821 1614/2793/1582 690/745/690 2799/743/2763
f 2768/2792/2732 4921/2791/4821 2799/743/2763 714/738/714
f 51/1200/51 1633/1199/1601 4922/2794/4822 1592/2795/1560
f 1633/1199/1601 285/1196/285 2768/2792/2732 4922/2794/4822
f 4922/2794/4822 2768/2792/2732 714/738/714 2800/735/2764
f 1592/2795/1560 4922/2794/4822 2800/735/2764 689/734/689
f 553/695/553 2239/2796/2205 4923/2797/4823 2240/711/2206
f 2239/2796/2205 713/703/713 2801/705/2765 4923/2797/4823
f 4923/2797/4823 2801/705/2765 689/709/689 2743/2798/2707
f 2240/711/2206 4923/2797/4823 2743/2798/2707 264/712/264
f 182/106/182 2730/2752/2694 4924/2799/4824 2238/694/2204
f 2730/2752/2694 676/102/676 2802/699/2766 4924/2799/4824
f 4924/2799/4824 2802/699/2766 713/703/713 2239/2796/2205
f 2238/694/2204 4924/2799/4824 2239/2796/2205 553/695/553
f 260/572/260 2766/2800/2730 4925/2801/4825 1584/573/1552
f 2766/2800/2730 712/676/712 2803/2802/2767 4925/2801/4825
f 4925/2801/4825 2803/2802/2767 688/2803/688 2742/2804/2706
f 1584/573/1552 4925/2801/4825 2742/2804/2706 48/574/48
f 44/564/44 2741/2805/2705 4926/2806/4826 1583/565/1551
f 2741/2805/2705 687/613/687 2804/2807/2768 4926/2806/4826
f 4926/2806/4826 2804/2807/2768 712/685/712 2766/2808/2730
f 1583/565/1551 4926/2806/4826 2766/2808/2730 260/566/260
f 550/620/550 2227/2809/2193 4927/2810/4827 2228/2811/2194
f 2227/2809/2193 711/631/711 2805/2812/2769 4927/2810/4827
f 4927/2810/4827 2805/2812/2769 688/2803/688 1579/690/1547
f 2228/2811/2194 4927/2810/4827 1579/690/1547 258/2813/258
f 387/618/387 1836/2726/1802 4928/2814/4828 2226/619/2192
f 1836/2726/1802 700/623/700 2806/626/2770 4928/2814/4828
f 4928/2814/4828 2806/626/2770 711/631/711 2227/2809/2193
f 2226/619/2192 4928/2814/4828 2227/2809/2193 550/620/550
f 253/2815/253 2764/2816/2728 4929/2817/4829 1570/2818/1538
f 2764/2816/2728 710/259/710 2807/611/2771 4929/2817/4829
f 4929/2817/4829 2807/611/2771 687/613/687 2741/2805/2705
f 1570/2818/1538 4929/2817/4829 2741/2805/2705 44/564/44
f 40/510/40 2740/2819/2704 4930/2820/4830 1569/511/1537
f 2740/2819/2704 686/540/686 2808/601/2772 4930/2820/4830
f 4930/2820/4830 2808/601/2772 710/605/710 2764/2821/2728
f 1569/511/1537 4930/2820/4830 2764/2821/2728 253/512/253
f 248/37/248 2763/2822/2727 4931/2823/4831 1559/550/1527
f 2763/2822/2727 709/525/709 2809/540/2773 4931/2823/4831
f 4931/2823/4831 2809/540/2773 686/2824/686 2740/2819/2704
f 1559/550/1527 4931/2823/4831 2740/2819/2704 40/510/40
f 36/36/36 2738/2825/2702 4932/2826/4832 1560/37/1528
f 2738/2825/2702 684/525/684 2810/525/2774 4932/2826/4832
f 4932/2826/4832 2810/525/2774 709/206/709 2763/2822/2727
f 1560/37/1528 4932/2826/4832 2763/2822/2727 248/38/248
f 225/369/225 2762/2827/2726 4933/2828/4833 1514/373/1482
f 2762/2827/2726 708/406/708 2811/414/2775 4933/2828/4833
f 4933/2828/4833 2811/414/2775 682/311/682 2736/2829/2700
f 1514/373/1482 4933/2828/4833 2736/2829/2700 28/374/28
f 24/92/24 2735/2822/2699 4934/2830/4834 1513/368/1481
f 2735/2822/2699 681/25/681 2812/402/2776 4934/2830/4834
f 4934/2830/4834 2812/402/2776 708/406/708 2762/2827/2726
f 1513/368/1481 4934/2830/4834 2762/2827/2726 225/369/225
f 237/5/237 1537/2831/1505 4935/2832/4835 2169/337/2135
f 1537/2831/1505 684/2833/684 2761/2834/2725 4935/2832/4835
f 4935/2832/4835 2761/2834/2725 727/2833/727 2828/2835/2792
f 2169/337/2135 4935/2832/4835 2828/2835/2792 728/338/728
f 32/355/32 2737/2836/2701 4936/2837/4836 2813/356/2777
f 2737/2836/2701 683/206/683 2814/525/2778 4936/2837/4836
f 4936/2837/4836 2814/525/2778 725/2838/725 2834/2839/2798
f 2813/356/2777 4936/2837/4836 2834/2839/2798 731/357/731
f 233/423/233 2760/2840/2724 4937/2841/4837 1529/427/1497
f 2760/2840/2724 706/319/706 2815/332/2779 4937/2841/4837
f 4937/2841/4837 2815/332/2779 683/206/683 2737/2836/2701
f 1529/427/1497 4937/2841/4837 2737/2836/2701 32/355/32
f 28/374/28 2736/2829/2700 4938/2842/4838 1530/422/1498
f 2736/2829/2700 682/311/682 2816/314/2780 4938/2842/4838
f 4938/2842/4838 2816/314/2780 706/319/706 2760/2840/2724
f 1530/422/1498 4938/2842/4838 2760/2840/2724 233/423/233
f 217/269/217 1497/269/1465 4939/269/4839 2759/269/2723
f 1497/269/1465 20/269/20 2734/269/2698 4939/269/4839
f 4939/269/4839 2734/269/2698 680/269/680 2817/269/2781
f 2759/269/2723 4939/269/4839 2817/269/2781 705/269/705
f 24/269/24 1498/269/1466 4940/269/4840 2735/269/2699
f 1498/269/1466 217/269/217 2759/269/2723 4940/269/4840
f 4940/269/4840 2759/269/2723 705/269/705 2818/269/2782
f 2735/269/2699 4940/269/4840 2818/269/2782 681/269/681
f 205/37/205 2758/2843/2722 4941/2844/4841 1474/42/1442
f 2758/2843/2722 704/259/704 2819/268/2783 4941/2844/4841
f 4941/2844/4841 2819/268/2783 679/1/679 2733/2845/2697
f 1474/42/1442 4941/2844/4841 2733/2845/2697 16/43/16
f 7/2846/7 2731/2822/2695 4942/2847/4842 1473/37/1441
f 2731/2822/2695 677/206/677 2820/255/2784 4942/2847/4842
f 4942/2847/4842 2820/255/2784 704/259/704 2758/2843/2722
f 1473/37/1441 4942/2847/4842 2758/2843/2722 205/37/205
f 185/175/185 2757/2848/2721 4943/2849/4843 1434/180/1402
f 2757/2848/2721 703/2850/703 2821/204/2785 4943/2849/4843
f 4943/2849/4843 2821/204/2785 677/525/677 2731/2822/2695
f 1434/180/1402 4943/2849/4843 2731/2822/2695 7/36/7
f 6/92/6 2732/2851/2696 4944/2852/4844 1433/174/1401
f 2732/2851/2696 678/184/678 2822/187/2786 4944/2852/4844
f 4944/2852/4844 2822/187/2786 703/192/703 2757/2848/2721
f 1433/174/1401 4944/2852/4844 2757/2848/2721 185/175/185
f 521/85/521 2111/2853/2077 4945/2854/4845 2112/105/2078
f 2111/2853/2077 702/96/702 2823/98/2787 4945/2854/4845
f 4945/2854/4845 2823/98/2787 676/102/676 2730/2752/2694
f 2112/105/2078 4945/2854/4845 2730/2752/2694 182/106/182
f 190/2855/190 1443/2856/1411 4946/2857/4846 2110/2858/2076
f 1443/2856/1411 678/2859/678 2824/2860/2788 4946/2857/4846
f 4946/2857/4846 2824/2860/2788 702/2861/702 2111/2862/2077
f 2110/2858/2076 4946/2857/4846 2111/2862/2077 521/2863/521
f 212/278/212 2755/2864/2719 4947/2865/4847 1487/282/1455
f 2755/2864/2719 701/9/701 2825/23/2789 4947/2865/4847
f 4947/2865/4847 2825/23/2789 680/25/680 2734/2836/2698
f 1487/282/1455 4947/2865/4847 2734/2836/2698 20/36/20
f 16/43/16 2733/2845/2697 4948/2866/4848 1488/277/1456
f 2733/2845/2697 679/1/679 2826/4/2790 4948/2866/4848
f 4948/2866/4848 2826/4/2790 701/9/701 2755/2864/2719
f 1488/277/1456 4948/2866/4848 2755/2864/2719 212/278/212
f 728/338/728 2828/2835/2792 4949/2867/4849 2836/337/2800
f 2828/2835/2792 727/2833/727 2856/525/2820 4949/2867/4849
f 4949/2867/4849 2856/525/2820 735/206/735 2844/2868/2808
f 2836/337/2800 4949/2867/4849 2844/2868/2808 736/5/736
f 730/359/730 2830/358/2794 4950/2869/4850 2868/359/2832
f 2830/358/2794 731/357/731 2867/2870/2831 4950/2869/4850
f 4950/2869/4850 2867/2870/2831 743/2871/743 2860/2872/2824
f 2868/359/2832 4950/2869/4850 2860/2872/2824 742/359/742
f 732/340/732 2832/339/2796 4951/2873/4851 2833/2874/2797
f 2832/339/2796 728/338/728 2836/337/2800 4951/2873/4851
f 4951/2873/4851 2836/337/2800 736/5/736 2848/334/2812
f 2833/2874/2797 4951/2873/4851 2848/334/2812 740/333/740
f 731/357/731 2834/2839/2798 4952/2875/4852 2837/2876/2801
f 2834/2839/2798 725/2838/725 2838/2877/2802 4952/2875/4852
f 4952/2875/4852 2838/2877/2802 707/2878/707 2850/2879/2814
f 2837/2876/2801 4952/2875/4852 2850/2879/2814 739/2880/739
f 684/2833/684 2738/2881/2702 4953/2882/4853 2761/2834/2725
f 2738/2881/2702 36/36/36 2841/2883/2805 4953/2882/4853
f 4953/2882/4853 2841/2883/2805 729/2884/729 2835/2885/2799
f 2761/2834/2725 4953/2882/4853 2835/2885/2799 727/2833/727
f 230/330/230 2166/2886/2132 4954/2887/4854 2842/2888/2806
f 2166/2886/2132 535/333/535 2840/336/2804 4954/2887/4854
f 4954/2887/4854 2840/336/2804 732/340/732 2831/2889/2795
f 2842/2888/2806 4954/2887/4854 2831/2889/2795 726/2890/726
f 683/206/683 1523/24/1491 4955/2891/4855 2814/525/2778
f 1523/24/1491 230/330/230 2842/2888/2806 4955/2891/4855
f 4955/2891/4855 2842/2888/2806 726/2890/726 2827/2892/2791
f 2814/525/2778 4955/2891/4855 2827/2892/2791 725/2838/725
f 36/36/36 1543/482/1511 4956/2893/4856 2841/2883/2805
f 1543/482/1511 240/278/240 2839/354/2803 4956/2893/4856
f 4956/2893/4856 2839/354/2803 730/359/730 2829/2894/2793
f 2841/2883/2805 4956/2893/4856 2829/2894/2793 729/2884/729
f 707/2878/707 2843/2895/2807 4957/2896/4857 2854/2897/2818
f 2843/2895/2807 734/2898/734 2847/2899/2811 4957/2896/4857
f 4957/2896/4857 2847/2899/2811 740/333/740 2849/2900/2813
f 2854/2897/2818 4957/2896/4857 2849/2900/2813 741/2901/741
f 741/2901/741 2849/2900/2813 4958/2902/4858 2853/2903/2817
f 2849/2900/2813 740/347/740 2848/334/2812 4958/2902/4858
f 4958/2902/4858 2848/334/2812 736/266/736 2844/24/2808
f 2853/2903/2817 4958/2902/4858 2844/24/2808 735/206/735
f 738/481/738 2852/2904/2816 4959/2905/4859 2845/482/2809
f 2852/2904/2816 741/2901/741 2853/2903/2817 4959/2905/4859
f 4959/2905/4859 2853/2903/2817 735/206/735 2851/2822/2815
f 2845/482/2809 4959/2905/4859 2851/2822/2815 737/2846/737
f 739/2880/739 2850/2879/2814 4960/2906/4860 2846/2907/2810
f 2850/2879/2814 707/2878/707 2854/2897/2818 4960/2906/4860
f 4960/2906/4860 2854/2897/2818 741/2901/741 2852/2904/2816
f 2846/2907/2810 4960/2906/4860 2852/2904/2816 738/278/738
f 727/2833/727 2835/2885/2799 4961/2908/4861 2856/525/2820
f 2835/2885/2799 729/2884/729 2857/2909/2821 4961/2908/4861
f 4961/2908/4861 2857/2909/2821 737/36/737 2851/2822/2815
f 2856/525/2820 4961/2908/4861 2851/2822/2815 735/206/735
f 726/2890/726 2831/2889/2795 4962/2910/4862 2858/2911/2822
f 2831/2889/2795 732/340/732 2833/2874/2797 4962/2910/4862
f 4962/2910/4862 2833/2874/2797 740/333/740 2847/2912/2811
f 2858/2911/2822 4962/2910/4862 2847/2912/2811 734/2898/734
f 738/278/738 2845/482/2809 4963/2913/4863 2866/2914/2830
f 2845/482/2809 737/36/737 2855/2915/2819 4963/2913/4863
f 4963/2913/4863 2855/2915/2819 745/2916/745 2862/2917/2826
f 2866/2914/2830 4963/2913/4863 2862/2917/2826 746/2918/746
f 725/2838/725 2827/2892/2791 4964/2919/4864 2838/2877/2802
f 2827/2892/2791 726/2890/726 2858/2911/2822 4964/2919/4864
f 4964/2919/4864 2858/2911/2822 734/2898/734 2843/2895/2807
f 2838/2877/2802 4964/2919/4864 2843/2895/2807 707/2878/707
f 742/359/742 2860/2872/2824 4965/2920/4865 2864/359/2828
f 2860/2872/2824 743/2871/743 2861/2921/2825 4965/2920/4865
f 4965/2920/4865 2861/2921/2825 744/2871/744 2863/2872/2827
f 2864/359/2828 4965/2920/4865 2863/2872/2827 746/359/746
f 733/2916/733 2859/2922/2823 4966/2923/4866 2865/2924/2829
f 2859/2922/2823 742/359/742 2864/359/2828 4966/2923/4866
f 4966/2923/4866 2864/359/2828 746/359/746 2862/2922/2826
f 2865/2924/2829 4966/2923/4866 2862/2922/2826 745/2916/745
f 731/357/731 2837/2925/2801 4967/2926/4867 2867/2870/2831
f 2837/2925/2801 739/2927/739 2869/2928/2833 4967/2926/4867
f 4967/2926/4867 2869/2928/2833 744/2871/744 2861/2929/2825
f 2867/2870/2831 4967/2926/4867 2861/2929/2825 743/2871/743
f 737/36/737 2857/2930/2821 4968/2931/4868 2855/2915/2819
f 2857/2930/2821 729/2884/729 2870/2932/2834 4968/2931/4868
f 4968/2931/4868 2870/2932/2834 733/2916/733 2865/2933/2829
f 2855/2915/2819 4968/2931/4868 2865/2933/2829 745/2916/745
f 739/2927/739 2846/2934/2810 4969/2935/4869 2869/2928/2833
f 2846/2934/2810 738/278/738 2866/2914/2830 4969/2935/4869
f 4969/2935/4869 2866/2914/2830 746/2918/746 2863/2936/2827
f 2869/2928/2833 4969/2935/4869 2863/2936/2827 744/2871/744
f 729/2884/729 2829/2894/2793 4970/2937/4870 2870/2932/2834
f 2829/2894/2793 730/359/730 2868/359/2832 4970/2937/4870
f 4970/2937/4870 2868/359/2832 742/359/742 2859/2922/2823
f 2870/2932/2834 4970/2937/4870 2859/2922/2823 733/2916/733
f 749/1046/749 2874/2938/2838 4971/2939/4871 2883/2940/2847
f 2874/2938/2838 750/1069/750 2882/1069/2846 4971/2939/4871
f 4971/2939/4871 2882/1069/2846 754/1069/754 2881/2938/2845
f 2883/2940/2847 4971/2939/4871 2881/2938/2845 753/1046/753
f 79/1543/79 1788/1250/1754 4972/2941/4872 2878/2942/2842
f 1788/1250/1754 363/2943/363 2877/2943/2841 4972/2941/4872
f 4972/2941/4872 2877/2943/2841 749/1251/749 2872/2944/2836
f 2878/2942/2842 4972/2941/4872 2872/2944/2836 748/2945/748
f 363/1046/363 2305/1045/2271 4973/2946/4873 2877/2940/2841
f 2305/1045/2271 569/1044/569 2876/1064/2840 4973/2946/4873
f 4973/2946/4873 2876/1064/2840 750/1069/750 2874/2938/2838
f 2877/2940/2841 4973/2946/4873 2874/2938/2838 749/1046/749
f 754/1069/754 2880/1068/2844 4974/2947/4874 2890/2948/2854
f 2880/1068/2844 751/1067/751 2889/2949/2853 4974/2947/4874
f 4974/2947/4874 2889/2949/2853 755/1065/755 2887/2950/2851
f 2890/2948/2854 4974/2947/4874 2887/2950/2851 758/2951/758
f 748/2945/748 2872/2944/2836 4975/2952/4875 2884/2953/2848
f 2872/2944/2836 749/1251/749 2883/2943/2847 4975/2952/4875
f 4975/2952/4875 2883/2943/2847 753/1251/753 2879/2944/2843
f 2884/2953/2848 4975/2952/4875 2879/2944/2843 752/2945/752
f 750/2954/750 2873/2955/2837 4976/2956/4876 2882/2957/2846
f 2873/2955/2837 747/1067/747 2885/2958/2849 4976/2956/4876
f 4976/2956/4876 2885/2958/2849 751/1067/751 2880/2955/2844
f 2882/2957/2846 4976/2956/4876 2880/2955/2844 754/2954/754
f 757/1046/757 2888/2959/2852 4977/2960/4877 2886/2961/2850
f 2888/2959/2852 758/2951/758 2887/2962/2851 4977/2960/4877
f 4977/2960/4877 2887/2962/2851 755/1065/755 2871/2963/2835
f 2886/2961/2850 4977/2960/4877 2871/2963/2835 756/2964/756
f 753/1046/753 2881/2938/2845 4978/2965/4878 2891/2940/2855
f 2881/2938/2845 754/1069/754 2890/2948/2854 4978/2965/4878
f 4978/2965/4878 2890/2948/2854 758/2951/758 2888/2959/2852
f 2891/2940/2855 4978/2965/4878 2888/2959/2852 757/1046/757
f 752/2945/752 2879/2944/2843 4979/2941/4879 2892/2966/2856
f 2879/2944/2843 753/1251/753 2891/2943/2855 4979/2941/4879
f 4979/2941/4879 2891/2943/2855 757/2943/757 2886/1250/2850
f 2892/2966/2856 4979/2941/4879 2886/1250/2850 756/1543/756
f 1353/2967/1321 4209/2968/4111 4980/2969/4880 2921/2970/2885
f 4209/2968/4111 1373/9/1341 3486/8/3422 4980/2969/4880
f 4980/2969/4880 3486/8/3422 1192/7/1168 3483/6/3419
f 2921/2970/2885 4980/2969/4880 3483/6/3419 911/5/903
f 911/5/903 3483/6/3419 4981/2971/4881 2922/10/2886
f 3483/6/3419 1192/7/1168 3484/15/3420 4981/2971/4881
f 4981/2971/4881 3484/15/3420 918/14/910 2935/13/2899
f 2922/10/2886 4981/2971/4881 2935/13/2899 765/12/765
f 1192/7/1168 3485/17/3421 4982/2972/4882 3484/15/3420
f 3485/17/3421 916/21/908 2932/20/2896 4982/2972/4882
f 4982/2972/4882 2932/20/2896 767/19/767 2936/2973/2900
f 3484/15/3420 4982/2972/4882 2936/2973/2900 918/14/910
f 1373/9/1341 4208/23/4110 4983/2974/4883 3486/8/3422
f 4208/23/4110 1354/25/1322 2931/24/2895 4983/2974/4883
f 4983/2974/4883 2931/24/2895 916/21/908 3485/17/3421
f 3486/8/3422 4983/2974/4883 3485/17/3421 1192/7/1168
f 806/26/806 3265/29/3228 4984/2975/4884 2917/27/2881
f 3265/29/3228 1083/26/1075 3490/33/3426 4984/2975/4884
f 4984/2975/4884 3490/33/3426 1193/32/1169 3487/2976/3423
f 2917/27/2881 4984/2975/4884 3487/2976/3423 909/30/901
f 909/30/901 3487/2976/3423 4985/2977/4885 2918/2978/2882
f 3487/2976/3423 1193/32/1169 3488/39/3424 4985/2977/4885
f 4985/2977/4885 3488/39/3424 914/37/906 2927/2979/2891
f 2918/2978/2882 4985/2977/4885 2927/2979/2891 764/2980/764
f 1193/32/1169 3489/41/3425 4986/2981/4886 3488/39/3424
f 3489/41/3425 912/2982/904 2924/44/2888 4986/2981/4886
f 4986/2981/4886 2924/44/2888 766/2983/766 2928/2984/2892
f 3488/39/3424 4986/2981/4886 2928/2984/2892 914/37/906
f 1083/26/1075 3266/2985/3229 4987/2986/4887 3490/33/3426
f 3266/2985/3229 808/26/808 2923/2987/2887 4987/2986/4887
f 4987/2986/4887 2923/2987/2887 912/2982/904 3489/41/3425
f 3490/33/3426 4987/2986/4887 3489/41/3425 1193/32/1169
f 805/2988/805 3263/53/3226 4988/2989/4888 2915/2990/2879
f 3263/53/3226 1082/2991/1074 3494/2992/3430 4988/2989/4888
f 4988/2989/4888 3494/2992/3430 1194/56/1170 3491/55/3427
f 2915/2990/2879 4988/2989/4888 3491/55/3427 908/54/900
f 908/54/900 3491/55/3427 4989/60/4889 2916/2993/2880
f 3491/55/3427 1194/56/1170 3492/64/3428 4989/60/4889
f 4989/60/4889 3492/64/3428 183/63/183 1429/62/1397
f 2916/2993/2880 4989/60/4889 1429/62/1397 11/61/11
f 1194/56/1170 3493/2994/3429 4990/2995/4890 3492/64/3428
f 3493/2994/3429 900/2996/892 2900/2997/2864 4990/2995/4890
f 4990/2995/4890 2900/2997/2864 3/495/3 1430/67/1398
f 3492/64/3428 4990/2995/4890 1430/67/1398 183/63/183
f 1082/2991/1074 3264/2998/3227 4991/2999/4891 3494/2992/3430
f 3264/2998/3227 802/3000/802 2899/3001/2863 4991/2999/4891
f 4991/2999/4891 2899/3001/2863 900/2996/892 3493/2994/3429
f 3494/2992/3430 4991/2999/4891 3493/2994/3429 1194/56/1170
f 762/19/762 2908/82/2872 4992/81/4892 2906/80/2870
f 2908/82/2872 904/87/896 3498/3002/3434 4992/81/4892
f 4992/81/4892 3498/3002/3434 1195/3003/1171 3495/3004/3431
f 2906/80/2870 4992/81/4892 3495/3004/3431 903/188/895
f 1352/3005/1320 4207/91/4109 4993/3006/4893 4117/2851/4019
f 4207/91/4109 1374/2861/1342 4139/95/4041 4993/3006/4893
f 4993/3006/4893 4139/95/4041 905/94/897 2909/93/2873
f 4117/2851/4019 4993/3006/4893 2909/93/2873 763/92/763
f 1374/2861/1342 4206/3007/4108 4994/3008/4894 4139/95/4041
f 4206/3007/4108 1350/102/1318 2896/101/2860 4994/3008/4894
f 4994/3008/4894 2896/101/2860 760/100/760 2910/99/2874
f 4139/95/4041 4994/3008/4894 2910/99/2874 905/94/897
f 904/87/896 2907/104/2871 4995/3009/4895 3498/3002/3434
f 2907/104/2871 759/108/759 2895/107/2859 4995/3009/4895
f 4995/3009/4895 2895/107/2859 898/106/890 3497/105/3433
f 3498/3002/3434 4995/3009/4895 3497/105/3433 1195/3003/1171
f 801/109/801 2893/3010/2857 4996/3011/4896 3262/3012/3225
f 2893/3010/2857 897/3013/889 3502/116/3438 4996/3011/4896
f 4996/3011/4896 3502/116/3438 1196/115/1172 3499/3014/3435
f 3262/3012/3225 4996/3011/4896 3499/3014/3435 1081/3015/1073
f 1081/3016/1073 3499/3017/3435 4997/3018/4897 3261/3019/3224
f 3499/3017/3435 1196/3020/1172 3500/3021/3436 4997/3018/4897
f 4997/3018/4897 3500/3021/3436 1004/3022/996 3108/3023/3072
f 3261/3019/3224 4997/3018/4897 3108/3023/3072 805/2988/805
f 1196/3020/1172 3501/126/3437 4998/125/4898 3500/3021/3436
f 3501/126/3437 904/129/896 2908/128/2872 4998/125/4898
f 4998/125/4898 2908/128/2872 762/19/762 3107/3024/3071
f 3500/3021/3436 4998/125/4898 3107/3024/3071 1004/3022/996
f 897/3013/889 2894/3025/2858 4999/132/4899 3502/131/3438
f 2894/3025/2858 759/135/759 2907/134/2871 4999/132/4899
f 4999/132/4899 2907/134/2871 904/129/896 3501/126/3437
f 3502/131/3438 4999/132/4899 3501/126/3437 1196/3020/1172
f 803/136/803 2903/3026/2867 5000/138/4900 3260/3027/3223
f 2903/3026/2867 902/3028/894 3506/3029/3442 5000/138/4900
f 5000/138/4900 3506/3029/3442 1197/142/1173 3503/3030/3439
f 3260/3027/3223 5000/138/4900 3503/3030/3439 1080/145/1072
f 1080/3031/1072 3503/141/3439 5001/3032/4901 3259/3033/3222
f 3503/141/3439 1197/3034/1173 3504/3035/3440 5001/3032/4901
f 5001/3032/4901 3504/3035/3440 1003/151/995 3106/150/3070
f 3259/3033/3222 5001/3032/4901 3106/150/3070 804/149/804
f 1197/3034/1173 3505/155/3441 5002/3036/4902 3504/3035/3440
f 3505/155/3441 905/159/897 2910/158/2874 5002/3036/4902
f 5002/3036/4902 2910/158/2874 760/157/760 3105/156/3069
f 3504/3035/3440 5002/3036/4902 3105/156/3069 1003/151/995
f 902/3037/894 2904/3038/2868 5003/161/4903 3506/3029/3442
f 2904/3038/2868 763/92/763 2909/163/2873 5003/161/4903
f 5003/161/4903 2909/163/2873 905/159/897 3505/155/3441
f 3506/3029/3442 5003/161/4903 3505/155/3441 1197/3034/1173
f 803/136/803 3257/1862/3220 5004/3039/4904 2903/3040/2867
f 3257/1862/3220 1079/3041/1071 3510/3042/3446 5004/3039/4904
f 5004/3039/4904 3510/3042/3446 1198/170/1174 3507/3043/3443
f 2903/3040/2867 5004/3039/4904 3507/3043/3443 902/3044/894
f 902/3044/894 3507/3043/3443 5005/3045/4905 2904/162/2868
f 3507/3043/3443 1198/170/1174 3508/176/3444 5005/3045/4905
f 5005/3045/4905 3508/176/3444 899/175/891 2897/174/2861
f 2904/162/2868 5005/3045/4905 2897/174/2861 763/92/763
f 1198/177/1174 3509/179/3445 5006/3046/4906 3508/176/3444
f 3509/179/3445 909/30/901 2918/2978/2882 5006/3046/4906
f 5006/3046/4906 2918/2978/2882 764/2980/764 2898/3047/2862
f 3508/176/3444 5006/3046/4906 2898/3047/2862 899/175/891
f 1079/3041/1071 3258/3048/3221 5007/3049/4907 3510/3042/3446
f 3258/3048/3221 806/26/806 2917/27/2881 5007/3049/4907
f 5007/3049/4907 2917/27/2881 909/183/901 3509/179/3445
f 3510/3042/3446 5007/3049/4907 3509/179/3445 1198/170/1174
f 1352/3050/1320 4205/3051/4107 5008/186/4908 2905/185/2869
f 4205/3051/4107 1375/192/1343 3514/3052/3450 5008/186/4908
f 5008/186/4908 3514/3052/3450 1199/3053/1175 3511/3054/3447
f 2905/185/2869 5008/186/4908 3511/3054/3447 903/83/895
f 903/83/895 3511/3054/3447 5009/3055/4909 2906/193/2870
f 3511/3054/3447 1199/3053/1175 3512/197/3448 5009/3055/4909
f 5009/3055/4909 3512/197/3448 906/196/898 2912/2018/2876
f 2906/193/2870 5009/3055/4909 2912/2018/2876 762/19/762
f 1199/3053/1175 3513/3056/3449 5010/3057/4910 3512/197/3448
f 3513/3056/3449 901/3058/893 2902/3059/2866 5010/3057/4910
f 5010/3057/4910 2902/3059/2866 761/19/761 2911/200/2875
f 3512/197/3448 5010/3057/4910 2911/200/2875 906/196/898
f 1375/192/1343 4204/3060/4106 5011/203/4911 3514/3052/3450
f 4204/3060/4106 1351/206/1319 2901/205/2865 5011/203/4911
f 5011/203/4911 2901/205/2865 901/3058/893 3513/3056/3449
f 3514/3052/3450 5011/203/4911 3513/3056/3449 1199/3053/1175
f 802/3061/802 3255/3062/3218 5012/3063/4912 2899/3001/2863
f 3255/3062/3218 1078/1996/1070 3518/3064/3454 5012/3063/4912
f 5012/3063/4912 3518/3064/3454 1200/3065/1176 3515/3066/3451
f 2899/3001/2863 5012/3063/4912 3515/3066/3451 900/2996/892
f 900/2996/892 3515/3066/3451 5013/3067/4913 2900/2997/2864
f 3515/3066/3451 1200/3065/1176 3516/3068/3452 5013/3067/4913
f 5013/3067/4913 3516/3068/3452 186/3069/186 1435/3070/1403
f 2900/2997/2864 5013/3067/4913 1435/3070/1403 3/68/3
f 1200/3065/1176 3517/3071/3453 5014/3072/4914 3516/3068/3452
f 3517/3071/3453 910/224/902 2920/3073/2884 5014/3072/4914
f 5014/3072/4914 2920/3073/2884 14/222/14 1436/221/1404
f 3516/3068/3452 5014/3072/4914 1436/221/1404 186/3069/186
f 1078/1996/1070 3256/226/3219 5015/3074/4915 3518/3064/3454
f 3256/226/3219 807/228/807 2919/227/2883 5015/3074/4915
f 5015/3074/4915 2919/227/2883 910/3075/902 3517/3071/3453
f 3518/3064/3454 5015/3074/4915 3517/3071/3453 1200/3076/1176
f 801/3077/801 3253/3078/3216 5016/231/4916 2893/230/2857
f 3253/3078/3216 1077/237/1069 3522/3079/3458 5016/231/4916
f 5016/231/4916 3522/3079/3458 1201/235/1177 3519/3080/3455
f 2893/230/2857 5016/231/4916 3519/3080/3455 897/233/889
f 897/130/889 3519/3080/3455 5017/3081/4917 2894/3082/2858
f 3519/3080/3455 1201/3083/1177 3520/3084/3456 5017/3081/4917
f 5017/3081/4917 3520/3084/3456 959/240/951 3017/240/2981
f 2894/3082/2858 5017/3081/4917 3017/240/2981 759/135/759
f 1201/3083/1177 3521/3085/3457 5018/3086/4918 3520/3084/3456
f 3521/3085/3457 945/247/937 2990/246/2954 5018/3086/4918
f 5018/3086/4918 2990/246/2954 783/240/783 3018/245/2982
f 3520/3084/3456 5018/3086/4918 3018/245/2982 959/240/951
f 1077/3087/1069 3254/3088/3217 5019/3089/4919 3522/236/3458
f 3254/3088/3217 821/3090/821 2989/3091/2953 5019/3089/4919
f 5019/3089/4919 2989/3091/2953 945/247/937 3521/3085/3457
f 3522/236/3458 5019/3089/4919 3521/3085/3457 1201/3083/1177
f 1351/206/1319 4203/525/4105 5020/254/4920 2901/205/2865
f 4203/525/4105 1376/206/1344 3526/3092/3462 5020/254/4920
f 5020/254/4920 3526/3092/3462 1202/257/1178 3523/3093/3459
f 2901/205/2865 5020/254/4920 3523/3093/3459 901/3058/893
f 901/3058/893 3523/3093/3459 5021/3094/4921 2902/3059/2866
f 3523/3093/3459 1202/257/1178 3524/263/3460 5021/3094/4921
f 5021/3094/4921 3524/263/3460 913/262/905 2926/261/2890
f 2902/3059/2866 5021/3094/4921 2926/261/2890 761/19/761
f 1202/21/1178 3525/5/3461 5022/3095/4922 3524/263/3460
f 3525/5/3461 911/266/903 2922/10/2886 5022/3095/4922
f 5022/3095/4922 2922/10/2886 765/12/765 2925/265/2889
f 3524/263/3460 5022/3095/4922 2925/265/2889 913/261/905
f 1376/206/1344 4202/268/4104 5023/3096/4923 3526/3092/3462
f 4202/268/4104 1353/2967/1321 2921/2970/2885 5023/3096/4923
f 5023/3096/4923 2921/2970/2885 911/5/903 3525/5/3461
f 3526/3092/3462 5023/3096/4923 3525/5/3461 1202/257/1178
f 1355/269/1323 2945/269/2909 5024/269/4924 4201/269/4103
f 2945/269/2909 923/269/915 3530/269/3466 5024/269/4924
f 5024/269/4924 3530/269/3466 1203/269/1179 3527/269/3463
f 4201/269/4103 5024/269/4924 3527/269/3463 1377/269/1345
f 1377/269/1345 3527/269/3463 5025/269/4925 4200/269/4102
f 3527/269/3463 1203/269/1179 3528/269/3464 5025/269/4925
f 5025/269/4925 3528/269/3464 916/269/908 2931/269/2895
f 4200/269/4102 5025/269/4925 2931/269/2895 1354/269/1322
f 1203/269/1179 3529/269/3465 5026/269/4926 3528/269/3464
f 3529/269/3465 920/269/912 2939/269/2903 5026/269/4926
f 5026/269/4926 2939/269/2903 767/269/767 2932/269/2896
f 3528/269/3464 5026/269/4926 2932/269/2896 916/269/908
f 923/269/915 2946/269/2910 5027/269/4927 3530/269/3466
f 2946/269/2910 769/269/769 2940/269/2904 5027/269/4927
f 5027/269/4927 2940/269/2904 920/269/912 3529/269/3465
f 3530/269/3466 5027/269/4927 3529/269/3465 1203/269/1179
f 808/26/808 3251/3097/3214 5028/3098/4928 2923/2987/2887
f 3251/3097/3214 1076/285/1068 3534/3099/3470 5028/3098/4928
f 5028/3098/4928 3534/3099/3470 1204/273/1180 3531/272/3467
f 2923/2987/2887 5028/3098/4928 3531/272/3467 912/2982/904
f 912/2982/904 3531/272/3467 5029/3100/4929 2924/44/2888
f 3531/272/3467 1204/273/1180 3532/3101/3468 5029/3100/4929
f 5029/3100/4929 3532/3101/3468 919/278/911 2938/3102/2902
f 2924/44/2888 5029/3100/4929 2938/3102/2902 766/2983/766
f 1204/273/1180 3533/3103/3469 5030/280/4930 3532/3101/3468
f 3533/3103/3469 917/284/909 2934/283/2898 5030/280/4930
f 5030/280/4930 2934/283/2898 768/36/768 2937/282/2901
f 3532/3101/3468 5030/280/4930 2937/282/2901 919/278/911
f 1076/285/1068 3252/287/3215 5031/3104/4931 3534/3099/3470
f 3252/287/3215 810/289/810 2933/288/2897 5031/3104/4931
f 5031/3104/4931 2933/288/2897 917/284/909 3533/3103/3469
f 3534/3099/3470 5031/3104/4931 3533/3103/3469 1204/273/1180
f 807/228/807 3249/291/3212 5032/290/4932 2919/227/2883
f 3249/291/3212 1075/295/1067 3538/294/3474 5032/290/4932
f 5032/290/4932 3538/294/3474 1205/293/1181 3535/3105/3471
f 2919/227/2883 5032/290/4932 3535/3105/3471 910/224/902
f 910/224/902 3535/3105/3471 5033/3106/4933 2920/3073/2884
f 3535/3105/3471 1205/293/1181 3536/300/3472 5033/3106/4933
f 5033/3106/4933 3536/300/3472 214/299/214 1491/298/1459
f 2920/3073/2884 5033/3106/4933 1491/298/1459 14/222/14
f 1205/293/1181 3537/302/3473 5034/3107/4934 3536/300/3472
f 3537/302/3473 915/306/907 2930/305/2894 5034/3107/4934
f 5034/3107/4934 2930/305/2894 18/304/18 1492/303/1460
f 3536/300/3472 5034/3107/4934 1492/303/1460 214/299/214
f 1075/295/1067 3250/308/3213 5035/307/4935 3538/294/3474
f 3250/308/3213 809/310/809 2929/309/2893 5035/307/4935
f 5035/307/4935 2929/309/2893 915/306/907 3537/302/3473
f 3538/294/3474 5035/307/4935 3537/302/3473 1205/293/1181
f 1356/311/1324 4199/314/4101 5036/3108/4936 2951/312/2915
f 4199/314/4101 1378/319/1346 3542/318/3478 5036/3108/4936
f 5036/3108/4936 3542/318/3478 1206/3109/1182 3539/3110/3475
f 2951/312/2915 5036/3108/4936 3539/3110/3475 926/315/918
f 926/315/918 3539/3110/3475 5037/3111/4937 2952/320/2916
f 3539/3110/3475 1206/3109/1182 3540/3112/3476 5037/3111/4937
f 5037/3111/4937 3540/3112/3476 933/3113/925 2965/323/2929
f 2952/320/2916 5037/3111/4937 2965/323/2929 771/322/771
f 1206/3109/1182 3541/3114/3477 5038/326/4938 3540/3112/3476
f 3541/3114/3477 931/330/923 2962/10/2926 5038/326/4938
f 5038/326/4938 2962/10/2926 773/329/773 2966/3115/2930
f 3540/3112/3476 5038/326/4938 2966/3115/2930 933/3113/925
f 1378/319/1346 4198/3116/4100 5039/3117/4939 3542/318/3478
f 4198/3116/4100 1357/3118/1325 2961/3119/2925 5039/3117/4939
f 5039/3117/4939 2961/3119/2925 931/330/923 3541/3114/3477
f 3542/318/3478 5039/3117/4939 3541/3114/3477 1206/3109/1182
f 809/269/809 3116/269/3080 5040/269/4940 3248/269/3211
f 3116/269/3080 1008/269/1000 3546/269/3482 5040/269/4940
f 5040/269/4940 3546/269/3482 1207/269/1183 3543/269/3479
f 3248/269/3211 5040/269/4940 3543/269/3479 1074/269/1066
f 1074/269/1066 3543/269/3479 5041/269/4941 3247/269/3210
f 3543/269/3479 1207/269/1183 3544/269/3480 5041/269/4941
f 5041/269/4941 3544/269/3480 1010/269/1002 3120/269/3084
f 3247/269/3210 5041/269/4941 3120/269/3084 811/269/811
f 1207/269/1183 3545/269/3481 5042/269/4942 3544/269/3480
f 3545/269/3481 920/269/912 2940/269/2904 5042/269/4942
f 5042/269/4942 2940/269/2904 769/269/769 3119/269/3083
f 3544/269/3480 5042/269/4942 3119/269/3083 1010/269/1002
f 1008/269/1000 3115/269/3079 5043/269/4943 3546/269/3482
f 3115/269/3079 767/269/767 2939/269/2903 5043/269/4943
f 5043/269/4943 2939/269/2903 920/269/912 3545/269/3481
f 3546/269/3482 5043/269/4943 3545/269/3481 1207/269/1183
f 812/269/812 2947/269/2911 5044/269/4944 3246/269/3209
f 2947/269/2911 924/269/916 3550/269/3486 5044/269/4944
f 5044/269/4944 3550/269/3486 1208/269/1184 3547/269/3483
f 3246/269/3209 5044/269/4944 3547/269/3483 1073/269/1065
f 1073/269/1065 3547/269/3483 5045/269/4945 3245/269/3208
f 3547/269/3483 1208/269/1184 3548/269/3484 5045/269/4945
f 5045/269/4945 3548/269/3484 917/269/909 2933/269/2897
f 3245/269/3208 5045/269/4945 2933/269/2897 810/269/810
f 1208/269/1184 3549/269/3485 5046/269/4946 3548/269/3484
f 3549/269/3485 921/269/913 2941/269/2905 5046/269/4946
f 5046/269/4946 2941/269/2905 768/269/768 2934/269/2898
f 3548/269/3484 5046/269/4946 2934/269/2898 917/269/909
f 924/269/916 2948/269/2912 5047/269/4947 3550/269/3486
f 2948/269/2912 770/269/770 2942/269/2906 5047/269/4947
f 5047/269/4947 2942/269/2906 921/269/913 3549/269/3485
f 3550/269/3486 5047/269/4947 3549/269/3485 1208/269/1184
f 1209/333/1185 4223/336/4125 5048/2887/4948 3553/3120/3489
f 4223/336/4125 1404/340/1372 4215/3121/4117 5048/2887/4948
f 5048/2887/4948 4215/3121/4117 1400/3122/1368 3554/3123/3490
f 3553/3120/3489 5048/2887/4948 3554/3123/3490 936/5/928
f 931/5/923 3551/3124/3487 5049/3125/4949 2962/10/2926
f 3551/3124/3487 1209/347/1185 3552/346/3488 5049/3125/4949
f 5049/3125/4949 3552/346/3488 938/345/930 2975/344/2939
f 2962/10/2926 5049/3125/4949 2975/344/2939 773/343/773
f 1209/333/1185 3553/3126/3489 5050/3127/4950 3552/346/3488
f 3553/3126/3489 936/5/928 2972/351/2936 5050/3127/4950
f 5050/3127/4950 2972/351/2936 775/350/775 2976/349/2940
f 3552/346/3488 5050/3127/4950 2976/349/2940 938/345/930
f 939/278/931 4222/3128/4124 5051/3129/4951 2978/3130/2942
f 4222/3128/4124 1402/3131/1370 4213/358/4115 5051/3129/4951
f 5051/3129/4951 4213/358/4115 1403/2884/1371 4196/3132/4098
f 2978/3130/2942 5051/3129/4951 4196/3132/4098 774/355/774
f 812/360/812 3243/362/3206 5052/361/4952 2947/288/2911
f 3243/362/3206 1072/366/1064 3558/3133/3494 5052/361/4952
f 5052/361/4952 3558/3133/3494 1210/3134/1186 3555/363/3491
f 2947/288/2911 5052/361/4952 3555/363/3491 924/284/916
f 924/284/916 3555/363/3491 5053/3135/4953 2948/283/2912
f 3555/363/3491 1210/3134/1186 3556/3136/3492 5053/3135/4953
f 5053/3135/4953 3556/3136/3492 928/3137/920 2955/3138/2919
f 2948/283/2912 5053/3135/4953 2955/3138/2919 770/92/770
f 1210/3134/1186 3557/3139/3493 5054/3140/4954 3556/3136/3492
f 3557/3139/3493 927/376/919 2954/375/2918 5054/3140/4954
f 5054/3140/4954 2954/375/2918 772/374/772 2956/373/2920
f 3556/3136/3492 5054/3140/4954 2956/373/2920 928/3137/920
f 1072/366/1064 3244/417/3207 5055/3141/4955 3558/3133/3494
f 3244/417/3207 814/415/814 2953/379/2917 5055/3141/4955
f 5055/3141/4955 2953/379/2917 927/376/919 3557/3139/3493
f 3558/3133/3494 5055/3141/4955 3557/3139/3493 1210/3134/1186
f 811/310/811 3241/381/3204 5056/3142/4956 2943/309/2907
f 3241/381/3204 1071/396/1063 3562/3143/3498 5056/3142/4956
f 5056/3142/4956 3562/3143/3498 1211/3144/1187 3559/3145/3495
f 2943/309/2907 5056/3142/4956 3559/3145/3495 922/306/914
f 922/306/914 3559/3145/3495 5057/3146/4957 2944/305/2908
f 3559/3145/3495 1211/3144/1187 3560/3147/3496 5057/3146/4957
f 5057/3146/4957 3560/3147/3496 227/392/227 1517/387/1485
f 2944/305/2908 5057/3146/4957 1517/387/1485 22/304/22
f 1211/3144/1187 3561/3148/3497 5058/3149/4958 3560/3147/3496
f 3561/3148/3497 925/3150/917 2950/3151/2914 5058/3149/4958
f 5058/3149/4958 2950/3151/2914 26/68/26 1518/393/1486
f 3560/3147/3496 5058/3149/4958 1518/393/1486 227/392/227
f 1071/396/1063 3242/3152/3205 5059/3153/4959 3562/3143/3498
f 3242/3152/3205 813/1718/813 2949/3154/2913 5059/3153/4959
f 5059/3153/4959 2949/3154/2913 925/3150/917 3561/3148/3497
f 3562/3143/3498 5059/3153/4959 3561/3148/3497 1211/3144/1187
f 1355/25/1323 4195/3155/4097 5060/401/4960 2945/24/2909
f 4195/3155/4097 1380/3156/1348 3566/3157/3502 5060/401/4960
f 5060/401/4960 3566/3157/3502 1212/3158/1188 3563/3159/3499
f 2945/24/2909 5060/401/4960 3563/3159/3499 923/5/915
f 923/5/915 3563/3159/3499 5061/407/4961 2946/20/2910
f 3563/3159/3499 1212/3158/1188 3564/3160/3500 5061/407/4961
f 5061/407/4961 3564/3160/3500 929/3161/921 2958/3162/2922
f 2946/20/2910 5061/407/4961 2958/3162/2922 769/19/769
f 1212/3158/1188 3565/412/3501 5062/3163/4962 3564/3160/3500
f 3565/412/3501 926/315/918 2952/320/2916 5062/3163/4962
f 5062/3163/4962 2952/320/2916 771/322/771 2957/413/2921
f 3564/3160/3500 5062/3163/4962 2957/413/2921 929/3161/921
f 1380/3156/1348 4194/3164/4096 5063/3165/4963 3566/3157/3502
f 4194/3164/4096 1356/311/1324 2951/312/2915 5063/3165/4963
f 5063/3165/4963 2951/312/2915 926/315/918 3565/412/3501
f 3566/3157/3502 5063/3165/4963 3565/412/3501 1212/3158/1188
f 814/26/814 3239/3166/3202 5064/3167/4964 2953/379/2917
f 3239/3166/3202 1070/366/1062 3570/3168/3506 5064/3167/4964
f 5064/3167/4964 3570/3168/3506 1213/3169/1189 3567/418/3503
f 2953/379/2917 5064/3167/4964 3567/418/3503 927/376/919
f 927/376/919 3567/418/3503 5065/3170/4965 2954/375/2918
f 3567/418/3503 1213/3169/1189 3568/3136/3504 5065/3170/4965
f 5065/3170/4965 3568/3136/3504 934/3171/926 2968/422/2932
f 2954/375/2918 5065/3170/4965 2968/422/2932 772/374/772
f 1213/3169/1189 3569/3172/3505 5066/425/4966 3568/3136/3504
f 3569/3172/3505 932/429/924 2964/428/2928 5066/425/4966
f 5066/425/4966 2964/428/2928 774/355/774 2967/3173/2931
f 3568/3136/3504 5066/425/4966 2967/3173/2931 934/3171/926
f 1070/366/1062 3240/287/3203 5067/3174/4967 3570/3168/3506
f 3240/287/3203 816/289/816 2963/288/2927 5067/3174/4967
f 5067/3174/4967 2963/288/2927 932/429/924 3569/3172/3505
f 3570/3168/3506 5067/3174/4967 3569/3172/3505 1213/3169/1189
f 813/1718/813 3237/3175/3200 5068/3176/4968 2949/3154/2913
f 3237/3175/3200 1069/435/1061 3574/434/3510 5068/3176/4968
f 5068/3176/4968 3574/434/3510 1214/433/1190 3571/3177/3507
f 2949/3154/2913 5068/3176/4968 3571/3177/3507 925/3150/917
f 925/3150/917 3571/3177/3507 5069/3178/4969 2950/3151/2914
f 3571/3177/3507 1214/433/1190 3572/3179/3508 5069/3178/4969
f 5069/3178/4969 3572/3179/3508 234/438/234 1531/437/1499
f 2950/3151/2914 5069/3178/4969 1531/437/1499 26/495/26
f 1214/433/1190 3573/441/3509 5070/440/4970 3572/3179/3508
f 3573/441/3509 930/444/922 2960/3180/2924 5070/440/4970
f 5070/440/4970 2960/3180/2924 30/68/30 1532/442/1500
f 3572/3179/3508 5070/440/4970 1532/442/1500 234/438/234
f 1069/431/1061 3238/3181/3201 5071/3182/4971 3574/434/3510
f 3238/3181/3201 815/3183/815 2959/3184/2923 5071/3182/4971
f 5071/3182/4971 2959/3184/2923 930/444/922 3573/441/3509
f 3574/434/3510 5071/3182/4971 3573/441/3509 1214/433/1190
f 817/449/817 3235/452/3198 5072/3185/4972 2969/3186/2933
f 3235/452/3198 1068/452/1060 3578/3187/3514 5072/3185/4972
f 5072/3185/4972 3578/3187/3514 1215/3188/1191 3575/3189/3511
f 2969/3186/2933 5072/3185/4972 3575/3189/3511 935/3190/927
f 935/3190/927 3575/3189/3511 5073/3191/4973 2970/3192/2934
f 3575/3189/3511 1215/3193/1191 3576/3194/3512 5073/3191/4973
f 5073/3191/4973 3576/3194/3512 246/461/246 1555/460/1523
f 2970/3192/2934 5073/3191/4973 1555/460/1523 34/459/34
f 1215/3188/1191 3577/3195/3513 5074/3196/4974 3576/3194/3512
f 3577/3195/3513 940/466/932 2980/465/2944 5074/3196/4974
f 5074/3196/4974 2980/465/2944 38/304/38 1556/303/1524
f 3576/3194/3512 5074/3196/4974 1556/303/1524 246/299/246
f 1068/452/1060 3236/468/3199 5075/3197/4975 3578/3187/3514
f 3236/468/3199 819/470/819 2979/3198/2943 5075/3197/4975
f 5075/3197/4975 2979/3198/2943 940/466/932 3577/3195/3513
f 3578/3187/3514 5075/3197/4975 3577/3195/3513 1215/3188/1191
f 816/289/816 3233/289/3196 5076/471/4976 2963/288/2927
f 3233/289/3196 1067/475/1059 3582/474/3518 5076/471/4976
f 5076/471/4976 3582/474/3518 1216/473/1192 3579/3199/3515
f 2963/288/2927 5076/471/4976 3579/3199/3515 932/429/924
f 932/429/924 3579/3199/3515 5077/3200/4977 2964/428/2928
f 3579/3199/3515 1216/473/1192 3580/3201/3516 5077/3200/4977
f 5077/3200/4977 3580/3201/3516 939/481/931 2978/3202/2942
f 2964/428/2928 5077/3200/4977 2978/3202/2942 774/36/774
f 1216/473/1192 3581/3203/3517 5078/3204/4978 3580/3201/3516
f 3581/3203/3517 937/484/929 2974/3205/2938 5078/3204/4978
f 5078/3204/4978 2974/3205/2938 776/3206/776 2977/3207/2941
f 3580/3201/3516 5078/3204/4978 2977/3207/2941 939/278/931
f 1067/475/1059 3234/289/3197 5079/485/4979 3582/474/3518
f 3234/289/3197 818/487/818 2973/3208/2937 5079/485/4979
f 5079/485/4979 2973/3208/2937 937/484/929 3581/3203/3517
f 3582/474/3518 5079/485/4979 3581/3203/3517 1216/473/1192
f 815/3183/815 3231/3209/3194 5080/3210/4980 2959/3184/2923
f 3231/3209/3194 1066/493/1058 3586/492/3522 5080/3210/4980
f 5080/3210/4980 3586/492/3522 1217/491/1193 3583/3211/3519
f 2959/3184/2923 5080/3210/4980 3583/3211/3519 930/444/922
f 930/444/922 3583/3211/3519 5081/3212/4981 2960/3180/2924
f 3583/3211/3519 1217/491/1193 3584/3213/3520 5081/3212/4981
f 5081/3212/4981 3584/3213/3520 218/68/218 1499/495/1467
f 2960/3180/2924 5081/3212/4981 1499/495/1467 30/68/30
f 1217/491/1193 3585/3214/3521 5082/3215/4982 3584/3213/3520
f 3585/3214/3521 935/3190/927 2970/3192/2934 5082/3215/4982
f 5082/3215/4982 2970/3192/2934 34/459/34 1500/499/1468
f 3584/3213/3520 5082/3215/4982 1500/499/1468 218/68/218
f 1066/493/1058 3232/501/3195 5083/3216/4983 3586/492/3522
f 3232/501/3195 817/449/817 2969/3186/2933 5083/3216/4983
f 5083/3216/4983 2969/3186/2933 935/3190/927 3585/3214/3521
f 3586/492/3522 5083/3216/4983 3585/3214/3521 1217/3217/1193
f 820/487/820 3229/3218/3192 5084/502/4984 2983/288/2947
f 3229/3218/3192 1065/275/1057 3590/507/3526 5084/502/4984
f 5084/502/4984 3590/507/3526 1218/506/1194 3587/505/3523
f 2983/288/2947 5084/502/4984 3587/505/3523 942/504/934
f 942/504/934 3587/505/3523 5085/3219/4985 2984/508/2948
f 3587/505/3523 1218/514/1194 3588/3220/3524 5085/3219/4985
f 5085/3219/4985 3588/3220/3524 949/37/941 2997/3221/2961
f 2984/508/2948 5085/3219/4985 2997/3221/2961 778/510/778
f 1218/514/1194 3589/3222/3525 5086/3223/4986 3588/3220/3524
f 3589/3222/3525 948/3224/940 2996/3225/2960 5086/3223/4986
f 5086/3223/4986 2996/3225/2960 780/92/780 2998/37/2962
f 3588/3220/3524 5086/3223/4986 2998/37/2962 949/37/941
f 1065/285/1057 3230/3097/3193 5087/3226/4987 3590/507/3526
f 3230/3097/3193 823/26/823 2995/3227/2959 5087/3226/4987
f 5087/3226/4987 2995/3227/2959 948/3224/940 3589/3222/3525
f 3590/507/3526 5087/3226/4987 3589/3222/3525 1218/514/1194
f 1358/525/1326 4193/525/4095 5088/3228/4988 2971/24/2935
f 4193/525/4095 1381/525/1349 3594/24/3530 5088/3228/4988
f 5088/3228/4988 3594/24/3530 1219/330/1195 3591/3229/3527
f 2971/24/2935 5088/3228/4988 3591/3229/3527 936/5/928
f 936/5/928 3591/3229/3527 5089/3230/4989 2972/351/2936
f 3591/3229/3527 1219/330/1195 3592/10/3528 5089/3230/4989
f 5089/3230/4989 3592/10/3528 943/349/935 2986/349/2950
f 2972/351/2936 5089/3230/4989 2986/349/2950 775/350/775
f 1219/330/1195 3593/3231/3529 5090/3232/4990 3592/10/3528
f 3593/3231/3529 941/5/933 2982/3233/2946 5090/3232/4990
f 5090/3232/4990 2982/3233/2946 777/536/777 2985/609/2949
f 3592/10/3528 5090/3232/4990 2985/609/2949 943/349/935
f 1381/206/1349 4192/601/4094 5091/3234/4991 3594/24/3530
f 4192/601/4094 1359/540/1327 2981/3235/2945 5091/3234/4991
f 5091/3234/4991 2981/3235/2945 941/5/933 3593/3231/3529
f 3594/24/3530 5091/3234/4991 3593/3231/3529 1219/330/1195
f 818/487/818 3227/3236/3190 5092/3237/4992 2973/3208/2937
f 3227/3236/3190 1064/289/1056 3598/545/3534 5092/3237/4992
f 5092/3237/4992 3598/545/3534 1220/429/1196 3595/3238/3531
f 2973/3208/2937 5092/3237/4992 3595/3238/3531 937/484/929
f 937/484/929 3595/3238/3531 5093/3239/4993 2974/3205/2938
f 3595/3238/3531 1220/429/1196 3596/3240/3532 5093/3239/4993
f 5093/3239/4993 3596/3240/3532 944/3241/936 2988/3242/2952
f 2974/3205/2938 5093/3239/4993 2988/3242/2952 776/3206/776
f 1220/429/1196 3597/549/3533 5094/3243/4994 3596/3240/3532
f 3597/549/3533 942/504/934 2984/508/2948 5094/3243/4994
f 5094/3243/4994 2984/508/2948 778/510/778 2987/3244/2951
f 3596/3240/3532 5094/3243/4994 2987/3244/2951 944/3241/936
f 1064/289/1056 3228/552/3191 5095/551/4995 3598/545/3534
f 3228/552/3191 820/487/820 2983/288/2947 5095/551/4995
f 5095/551/4995 2983/288/2947 942/504/934 3597/549/3533
f 3598/545/3534 5095/551/4995 3597/549/3533 1220/549/1196
f 823/26/823 3225/3245/3188 5096/3246/4996 2995/3227/2959
f 3225/3245/3188 1063/3247/1055 3602/3248/3538 5096/3246/4996
f 5096/3246/4996 3602/3248/3538 1221/3249/1197 3599/3250/3535
f 2995/3227/2959 5096/3246/4996 3599/3250/3535 948/3224/940
f 948/3224/940 3599/3250/3535 5097/3251/4997 2996/3225/2960
f 3599/3250/3535 1221/3249/1197 3600/3252/3536 5097/3251/4997
f 5097/3251/4997 3600/3252/3536 954/572/946 3007/3253/2971
f 2996/3225/2960 5097/3251/4997 3007/3253/2971 780/92/780
f 1221/3249/1197 3601/3254/3537 5098/570/4998 3600/3252/3536
f 3601/3254/3537 953/3255/945 3006/3256/2970 5098/570/4998
f 5098/570/4998 3006/3256/2970 782/574/782 3008/3257/2972
f 3600/3252/3536 5098/570/4998 3008/3257/2972 954/572/946
f 1063/3258/1055 3226/3259/3189 5099/3260/4999 3602/3261/3538
f 3226/3259/3189 825/627/825 3005/628/2969 5099/3260/4999
f 5099/3260/4999 3005/628/2969 953/3262/945 3601/579/3537
f 3602/3261/3538 5099/3260/4999 3601/579/3537 1221/559/1197
f 819/470/819 3223/583/3186 5100/582/5000 2979/3198/2943
f 3223/583/3186 1062/452/1054 3606/3263/3542 5100/582/5000
f 5100/582/5000 3606/3263/3542 1222/585/1198 3603/584/3539
f 2979/3198/2943 5100/582/5000 3603/584/3539 940/466/932
f 940/466/932 3603/584/3539 5101/587/5001 2980/465/2944
f 3603/584/3539 1222/585/1198 3604/590/3540 5101/587/5001
f 5101/587/5001 3604/590/3540 255/589/255 1573/588/1541
f 2980/465/2944 5101/587/5001 1573/588/1541 38/304/38
f 1222/585/1198 3605/3264/3541 5102/591/5002 3604/590/3540
f 3605/3264/3541 946/3265/938 2992/3266/2956 5102/591/5002
f 5102/591/5002 2992/3266/2956 42/304/42 1574/593/1542
f 3604/590/3540 5102/591/5002 1574/593/1542 255/589/255
f 1062/452/1054 3224/597/3187 5103/3267/5003 3606/3263/3542
f 3224/597/3187 822/3268/822 2991/598/2955 5103/3267/5003
f 5103/3267/5003 2991/598/2955 946/3265/938 3605/3264/3541
f 3606/3263/3542 5103/3267/5003 3605/3264/3541 1222/585/1198
f 1359/540/1327 4191/2833/4093 5104/3269/5004 2981/3235/2945
f 4191/2833/4093 1382/206/1350 3610/24/3546 5104/3269/5004
f 5104/3269/5004 3610/24/3546 1223/608/1199 3607/608/3543
f 2981/3235/2945 5104/3269/5004 3607/608/3543 941/266/933
f 941/5/933 3607/608/3543 5105/3270/5005 2982/3233/2946
f 3607/608/3543 1223/603/1199 3608/3271/3544 5105/3270/5005
f 5105/3270/5005 3608/3271/3544 950/2238/942 3000/3272/2964
f 2982/3233/2946 5105/3270/5005 3000/3272/2964 777/536/777
f 1223/603/1199 3609/3231/3545 5106/3273/5006 3608/3271/3544
f 3609/3231/3545 947/5/939 2994/351/2958 5106/3273/5006
f 5106/3273/5006 2994/351/2958 779/350/779 2999/609/2963
f 3608/3271/3544 5106/3273/5006 2999/609/2963 950/2238/942
f 1382/206/1350 4190/605/4092 5107/3234/5007 3610/24/3546
f 4190/605/4092 1360/3274/1328 2993/24/2957 5107/3234/5007
f 5107/3234/5007 2993/24/2957 947/5/939 3609/3231/3545
f 3610/24/3546 5107/3234/5007 3609/3231/3545 1223/603/1199
f 824/670/824 3146/617/3109 5108/616/5008 3222/615/3185
f 3146/617/3109 1023/1579/1015 3614/3275/3550 5108/616/5008
f 5108/616/5008 3614/3275/3550 1224/3276/1200 3611/619/3547
f 3222/615/3185 5108/616/5008 3611/619/3547 1061/3277/1053
f 1372/3278/1340 4189/3279/4091 5109/625/5009 4137/3280/4039
f 4189/3279/4091 1383/3281/1351 4148/3282/4050 5109/625/5009
f 5109/625/5009 4148/3282/4050 953/3262/945 3005/628/2969
f 4137/3280/4039 5109/625/5009 3005/628/2969 825/581/825
f 1383/632/1351 4188/3283/4090 5110/634/5010 4148/3284/4050
f 4188/3283/4090 1361/3285/1329 4126/2804/4028 5110/634/5010
f 5110/634/5010 4126/2804/4028 782/574/782 3006/575/2970
f 4148/3284/4050 5110/634/5010 3006/575/2970 953/576/945
f 1023/3286/1015 3145/3287/3108 5111/3288/5011 3614/3275/3550
f 3145/3287/3108 781/3289/781 3004/3290/2968 5111/3288/5011
f 5111/3288/5011 3004/3290/2968 952/645/944 3613/3291/3549
f 3614/3275/3550 5111/3288/5011 3613/3291/3549 1224/3292/1200
f 822/3293/822 3219/3294/3182 5112/650/5012 2991/3295/2955
f 3219/3294/3182 1060/656/1052 3618/3296/3554 5112/650/5012
f 5112/650/5012 3618/3296/3554 1225/660/1201 3615/3297/3551
f 2991/3295/2955 5112/650/5012 3615/3297/3551 946/595/938
f 946/3265/938 3615/3298/3551 5113/3299/5013 2992/3266/2956
f 3615/3298/3551 1225/3300/1201 3616/659/3552 5113/3299/5013
f 5113/3299/5013 3616/659/3552 262/588/262 1587/589/1555
f 2992/3266/2956 5113/3299/5013 1587/589/1555 42/304/42
f 1225/3300/1201 3617/3301/3553 5114/3302/5014 3616/659/3552
f 3617/3301/3553 951/3303/943 3002/3304/2966 5114/3302/5014
f 5114/3302/5014 3002/3304/2966 46/61/46 1588/304/1556
f 3616/659/3552 5114/3302/5014 1588/304/1556 262/588/262
f 1060/656/1052 3220/3305/3183 5115/3306/5015 3618/3296/3554
f 3220/3305/3183 824/670/824 3001/3307/2965 5115/3306/5015
f 5115/3306/5015 3001/3307/2965 951/668/943 3617/3308/3553
f 3618/3296/3554 5115/3306/5015 3617/3308/3553 1225/660/1201
f 1360/3274/1328 4187/3309/4089 5116/3310/5016 2993/24/2957
f 4187/3309/4089 1384/685/1352 3622/675/3558 5116/3310/5016
f 5116/3310/5016 3622/675/3558 1226/674/1202 3619/3311/3555
f 2993/24/2957 5116/3310/5016 3619/3311/3555 947/5/939
f 947/5/939 3619/3311/3555 5117/3312/5017 2994/351/2958
f 3619/3311/3555 1226/674/1202 3620/680/3556 5117/3312/5017
f 5117/3312/5017 3620/680/3556 955/679/947 3010/678/2974
f 2994/351/2958 5117/3312/5017 3010/678/2974 779/607/779
f 1226/674/1202 3621/682/3557 5118/3313/5018 3620/680/3556
f 3621/682/3557 952/684/944 3004/3314/2968 5118/3313/5018
f 5118/3313/5018 3004/3314/2968 781/3289/781 3009/3315/2973
f 3620/680/3556 5118/3313/5018 3009/3315/2973 955/679/947
f 1384/685/1352 4186/3316/4088 5119/3317/5019 3622/675/3558
f 4186/3316/4088 1361/3318/1329 3003/690/2967 5119/3317/5019
f 5119/3317/5019 3003/690/2967 952/2813/944 3621/682/3557
f 3622/675/3558 5119/3317/5019 3621/682/3557 1226/3319/1202
f 759/108/759 3017/108/2981 5120/3320/5020 2895/107/2859
f 3017/108/2981 959/697/951 3626/3321/3562 5120/3320/5020
f 5120/3320/5020 3626/3321/3562 1227/3322/1203 3623/3323/3559
f 2895/107/2859 5120/3320/5020 3623/3323/3559 898/106/890
f 1350/102/1318 4185/3324/4087 5121/3325/5021 2896/101/2860
f 4185/3324/4087 1385/3326/1353 4150/3327/4052 5121/3325/5021
f 5121/3325/5021 4150/3327/4052 960/701/952 3019/700/2983
f 2896/101/2860 5121/3325/5021 3019/700/2983 760/100/760
f 1385/3326/1353 4184/3328/4086 5122/3329/5022 4150/3327/4052
f 4184/3328/4086 1362/709/1330 3012/708/2976 5122/3329/5022
f 5122/3329/5022 3012/708/2976 784/707/784 3020/706/2984
f 4150/3327/4052 5122/3329/5022 3020/706/2984 960/701/952
f 959/697/951 3018/108/2982 5123/3330/5023 3626/3321/3562
f 3018/108/2982 783/108/783 3011/713/2975 5123/3330/5023
f 5123/3330/5023 3011/713/2975 956/712/948 3625/3331/3561
f 3626/3321/3562 5123/3330/5023 3625/3331/3561 1227/3322/1203
f 804/149/804 3217/3332/3180 5124/3333/5024 2913/714/2877
f 3217/3332/3180 1059/3334/1051 3630/3335/3566 5124/3333/5024
f 5124/3333/5024 3630/3335/3566 1228/719/1204 3627/718/3563
f 2913/714/2877 5124/3333/5024 3627/718/3563 907/717/899
f 907/717/899 3627/718/3563 5125/3336/5025 2914/722/2878
f 3627/718/3563 1228/719/1204 3628/725/3564 5125/3336/5025
f 5125/3336/5025 3628/725/3564 200/724/200 1463/724/1431
f 2914/722/2878 5125/3336/5025 1463/724/1431 10/724/10
f 1228/726/1204 3629/728/3565 5126/727/5026 3628/725/3564
f 3629/728/3565 957/729/949 3014/722/2978 5126/727/5026
f 5126/727/5026 3014/722/2978 52/724/52 1464/724/1432
f 3628/725/3564 5126/727/5026 1464/724/1432 200/724/200
f 1059/3334/1051 3218/731/3181 5127/730/5027 3630/3335/3566
f 3218/731/3181 826/733/826 3013/732/2977 5127/730/5027
f 5127/730/5027 3013/732/2977 957/729/949 3629/728/3565
f 3630/3335/3566 5127/730/5027 3629/728/3565 1228/719/1204
f 1362/734/1330 4127/737/4029 5128/736/5028 4183/3337/4085
f 4127/737/4029 956/742/948 3634/3338/3570 5128/736/5028
f 5128/736/5028 3634/3338/3570 1229/3339/1205 3631/739/3567
f 4183/3337/4085 5128/736/5028 3631/739/3567 1386/3340/1354
f 1386/3340/1354 3631/739/3567 5129/744/5029 4182/743/4084
f 3631/739/3567 1229/3339/1205 3632/748/3568 5129/744/5029
f 5129/744/5029 3632/748/3568 964/747/956 4128/746/4030
f 4182/743/4084 5129/744/5029 4128/746/4030 1363/745/1331
f 1229/3339/1205 3633/750/3569 5130/3341/5030 3632/748/3568
f 3633/750/3569 958/240/950 3015/752/2979 5130/3341/5030
f 5130/3341/5030 3015/752/2979 785/752/785 3027/848/2991
f 3632/748/3568 5130/3341/5030 3027/848/2991 964/747/956
f 956/742/948 3011/754/2975 5131/3342/5031 3634/3338/3570
f 3011/754/2975 783/135/783 3016/3343/2980 5131/3342/5031
f 5131/3342/5031 3016/3343/2980 958/240/950 3633/750/3569
f 3634/3338/3570 5131/3342/5031 3633/750/3569 1229/3339/1205
f 821/3090/821 3215/3344/3178 5132/3345/5032 2989/3091/2953
f 3215/3344/3178 1058/3346/1050 3638/3347/3574 5132/3345/5032
f 5132/3345/5032 3638/3347/3574 1230/759/1206 3635/3348/3571
f 2989/3091/2953 5132/3345/5032 3635/3348/3571 945/247/937
f 945/247/937 3635/3348/3571 5133/3349/5033 2990/246/2954
f 3635/3348/3571 1230/759/1206 3636/765/3572 5133/3349/5033
f 5133/3349/5033 3636/765/3572 958/240/950 3016/3343/2980
f 2990/246/2954 5133/3349/5033 3016/3343/2980 783/135/783
f 1230/759/1206 3637/3350/3573 5134/766/5034 3636/765/3572
f 3637/3350/3573 961/769/953 3022/3351/2986 5134/766/5034
f 5134/766/5034 3022/3351/2986 785/240/785 3015/752/2979
f 3636/765/3572 5134/766/5034 3015/752/2979 958/752/950
f 1058/3346/1050 3216/3352/3179 5135/3353/5035 3638/3347/3574
f 3216/3352/3179 827/3090/827 3021/3354/2985 5135/3353/5035
f 5135/3353/5035 3021/3354/2985 961/769/953 3637/3350/3573
f 3638/3347/3574 5135/3353/5035 3637/3350/3573 1230/759/1206
f 827/3090/827 3213/3355/3176 5136/3356/5036 3021/3354/2985
f 3213/3355/3176 1057/799/1049 3642/3357/3578 5136/3356/5036
f 5136/3356/5036 3642/3357/3578 1231/3358/1207 3639/3359/3575
f 3021/3354/2985 5136/3356/5036 3639/3359/3575 961/769/953
f 961/769/953 3639/3359/3575 5137/3360/5037 3022/3351/2986
f 3639/3359/3575 1231/3358/1207 3640/3361/3576 5137/3360/5037
f 5137/3360/5037 3640/3361/3576 962/785/954 3024/3362/2988
f 3022/3351/2986 5137/3360/5037 3024/3362/2988 785/240/785
f 1231/3358/1207 3641/3363/3577 5138/3364/5038 3640/3361/3576
f 3641/3363/3577 966/793/958 3032/792/2996 5138/3364/5038
f 5138/3364/5038 3032/792/2996 787/791/787 3023/3365/2987
f 3640/3361/3576 5138/3364/5038 3023/3365/2987 962/785/954
f 1057/799/1049 3214/3355/3177 5139/3366/5039 3642/3357/3578
f 3214/3355/3177 829/1159/829 3031/798/2995 5139/3366/5039
f 5139/3366/5039 3031/798/2995 966/793/958 3641/3363/3577
f 3642/3357/3578 5139/3366/5039 3641/3363/3577 1231/3358/1207
f 841/3367/841 3211/3368/3174 5140/3369/5040 3091/3370/3055
f 3211/3368/3174 1056/805/1048 3646/816/3582 5140/3369/5040
f 5140/3369/5040 3646/816/3582 1232/810/1208 3643/3371/3579
f 3091/3370/3055 5140/3369/5040 3643/3371/3579 996/3372/988
f 996/3373/988 3643/3371/3579 5141/3374/5041 3092/3375/3056
f 3643/3371/3579 1232/810/1208 3644/809/3580 5141/3374/5041
f 5141/3374/5041 3644/809/3580 279/808/279 1621/807/1589
f 3092/3375/3056 5141/3374/5041 1621/807/1589 84/269/84
f 1232/810/1208 3645/813/3581 5142/812/5042 3644/811/3580
f 3645/813/3581 963/815/955 3026/813/2990 5142/812/5042
f 5142/812/5042 3026/813/2990 60/810/60 1622/811/1590
f 3644/811/3580 5142/812/5042 1622/811/1590 279/814/279
f 1056/805/1048 3212/3376/3175 5143/3377/5043 3646/3378/3582
f 3212/3376/3175 828/269/828 3025/3379/2989 5143/3377/5043
f 5143/3377/5043 3025/3379/2989 963/815/955 3645/3380/3581
f 3646/3378/3582 5143/3377/5043 3645/3380/3581 1232/810/1208
f 1365/821/1333 4181/3381/4083 5144/823/5044 4130/3382/4032
f 4181/3381/4083 1387/829/1355 3650/828/3586 5144/823/5044
f 5144/823/5044 3650/828/3586 1233/827/1209 3647/826/3583
f 4130/3382/4032 5144/823/5044 3647/826/3583 974/825/966
f 974/825/966 3647/826/3583 5145/831/5045 3047/3383/3011
f 3647/826/3583 1233/827/1209 3648/3384/3584 5145/831/5045
f 5145/831/5045 3648/3384/3584 978/3385/970 3056/3386/3020
f 3047/3383/3011 5145/831/5045 3056/3386/3020 793/3387/793
f 1233/3388/1209 3649/3389/3585 5146/836/5046 3648/835/3584
f 3649/3389/3585 977/841/969 3053/3390/3017 5146/836/5046
f 5146/836/5046 3053/3390/3017 791/839/791 3055/2442/3019
f 3648/835/3584 5146/836/5046 3055/2442/3019 978/2449/970
f 1387/829/1355 4180/3391/4082 5147/3392/5047 3650/3393/3586
f 4180/3391/4082 1366/847/1334 4131/846/4033 5147/3392/5047
f 5147/3392/5047 4131/846/4033 977/841/969 3649/3389/3585
f 3650/3393/3586 5147/3392/5047 3649/3389/3585 1233/3388/1209
f 785/240/785 3024/3362/2988 5148/3394/5048 3027/848/2991
f 3024/3362/2988 962/785/954 3654/3395/3590 5148/3394/5048
f 5148/3394/5048 3654/3395/3590 1234/851/1210 3651/850/3587
f 3027/848/2991 5148/3394/5048 3651/850/3587 964/747/956
f 1363/745/1331 4179/855/4081 5149/854/5049 3028/853/2992
f 4179/855/4081 1388/3396/1356 4153/858/4055 5149/854/5049
f 5149/854/5049 4153/858/4055 972/857/964 3044/856/3008
f 3028/853/2992 5149/854/5049 3044/856/3008 786/269/786
f 1388/3396/1356 4178/3397/4080 5150/860/5050 4153/858/4055
f 4178/3397/4080 1364/865/1332 3030/864/2994 5150/860/5050
f 5150/860/5050 3030/864/2994 790/863/790 3043/862/3007
f 4153/858/4055 5150/860/5050 3043/862/3007 972/857/964
f 962/785/954 3023/3365/2987 5151/3398/5051 3654/3395/3590
f 3023/3365/2987 787/791/787 3029/869/2993 5151/3398/5051
f 5151/3398/5051 3029/869/2993 965/868/957 3653/3399/3589
f 3654/3395/3590 5151/3398/5051 3653/3399/3589 1234/851/1210
f 793/3387/793 3064/873/3028 5152/3400/5052 3047/3383/3011
f 3064/873/3028 982/3401/974 3658/3402/3594 5152/3400/5052
f 5152/3400/5052 3658/3402/3594 1235/3403/1211 3655/3404/3591
f 3047/3383/3011 5152/3400/5052 3655/3404/3591 974/825/966
f 1365/3405/1333 4177/3406/4079 5153/880/5053 3048/2786/3012
f 4177/3406/4079 1389/3407/1357 4154/3408/4056 5153/880/5053
f 5153/880/5053 4154/3408/4056 976/883/968 3051/883/3015
f 3048/2786/3012 5153/880/5053 3051/883/3015 794/882/794
f 1389/3407/1357 4176/3409/4078 5154/3410/5054 4154/3408/4056
f 4176/3409/4078 1367/3411/1335 3058/3412/3022 5154/3410/5054
f 5154/3410/5054 3058/3412/3022 796/882/796 3052/883/3016
f 4154/3408/4056 5154/3410/5054 3052/883/3016 976/883/968
f 982/3413/974 3063/3414/3027 5155/3415/5055 3658/3416/3594
f 3063/3414/3027 795/3417/795 3057/3418/3021 5155/3415/5055
f 5155/3415/5055 3057/3418/3021 979/3419/971 3657/3420/3593
f 3658/3416/3594 5155/3415/5055 3657/3420/3593 1235/3421/1211
f 875/896/875 3375/3422/3337 5156/3423/5056 3418/3424/3380
f 3375/3422/3337 1138/3425/1129 3662/3426/3598 5156/3423/5056
f 5156/3423/5056 3662/3426/3598 1236/3427/1212 3659/2613/3595
f 3418/3424/3380 5156/3423/5056 3659/2613/3595 1159/3428/1150
f 1159/3429/1150 3659/2613/3595 5157/3430/5057 3417/2600/3379
f 3659/2613/3595 1236/3431/1212 3660/3432/3596 5157/3430/5057
f 5157/3430/5057 3660/3432/3596 1144/1025/1135 3388/3433/3350
f 3417/2600/3379 5157/3430/5057 3388/3433/3350 873/1023/873
f 1236/3431/1212 3661/3434/3597 5158/3435/5058 3660/3432/3596
f 3661/3434/3597 1135/2609/1126 3369/2613/3331 5158/3435/5058
f 5158/3435/5058 3369/2613/3331 867/1023/867 3387/3436/3349
f 3660/3432/3596 5158/3435/5058 3387/3436/3349 1144/1025/1135
f 1138/3425/1129 3376/3437/3338 5159/3438/5059 3662/3426/3598
f 3376/3437/3338 872/2349/872 3370/2607/3332 5159/3438/5059
f 5159/3438/5059 3370/2607/3332 1135/2609/1126 3661/3434/3597
f 3662/3426/3598 5159/3438/5059 3661/3434/3597 1236/3431/1212
f 835/923/835 3207/925/3170 5160/3439/5060 3059/714/3023
f 3207/925/3170 1054/929/1046 3666/928/3602 5160/3439/5060
f 5160/3439/5060 3666/928/3602 1237/927/1213 3663/926/3599
f 3059/714/3023 5160/3439/5060 3663/926/3599 980/717/972
f 980/717/972 3663/926/3599 5161/930/5061 3060/722/3024
f 3663/926/3599 1237/927/1213 3664/722/3600 5161/930/5061
f 5161/930/5061 3664/722/3600 304/724/304 1671/724/1638
f 3060/722/3024 5161/930/5061 1671/724/1638 74/724/74
f 1237/927/1213 3665/926/3601 5162/931/5062 3664/722/3600
f 3665/926/3601 985/933/977 3070/722/3034 5162/931/5062
f 5162/931/5062 3070/722/3034 78/724/78 1672/724/1639
f 3664/722/3600 5162/931/5062 1672/724/1639 304/724/304
f 1054/929/1046 3208/3440/3171 5163/3441/5063 3666/928/3602
f 3208/3440/3171 837/929/837 3069/936/3033 5163/3441/5063
f 5163/3441/5063 3069/936/3033 985/933/977 3665/926/3601
f 3666/928/3602 5163/3441/5063 3665/926/3601 1237/927/1213
f 834/937/834 3205/3442/3168 5164/939/5064 3049/1098/3013
f 3205/3442/3168 1053/3443/1045 3670/944/3606 5164/939/5064
f 5164/939/5064 3670/944/3606 1238/3444/1214 3667/3445/3603
f 3049/1098/3013 5164/939/5064 3667/3445/3603 975/1103/967
f 975/1103/967 3667/942/3603 5165/3446/5065 3050/1120/3014
f 3667/942/3603 1238/3447/1214 3668/3448/3604 5165/3446/5065
f 5165/3446/5065 3668/3448/3604 299/951/299 1661/950/1628
f 3050/1120/3014 5165/3446/5065 1661/950/1628 70/949/70
f 1238/3447/1214 3669/3449/3605 5166/3450/5066 3668/3448/3604
f 3669/3449/3605 980/717/972 3060/722/3024 5166/3450/5066
f 5166/3450/5066 3060/722/3024 74/724/74 1662/724/1629
f 3668/3448/3604 5166/3450/5066 1662/724/1629 299/951/299
f 1053/3451/1045 3206/958/3169 5167/3452/5067 3670/956/3606
f 3206/958/3169 835/923/835 3059/714/3023 5167/3452/5067
f 5167/3452/5067 3059/714/3023 980/717/972 3669/3449/3605
f 3670/956/3606 5167/3452/5067 3669/3449/3605 1238/3447/1214
f 876/240/876 3394/752/3356 5168/3453/5068 3416/3454/3378
f 3394/752/3356 1147/240/1138 3674/3455/3610 5168/3453/5068
f 5168/3453/5068 3674/3455/3610 1239/963/1215 3671/3456/3607
f 3416/3454/3378 5168/3453/5068 3671/3456/3607 1158/2379/1149
f 1158/961/1149 3671/3456/3607 5169/3457/5069 3415/2519/3377
f 3671/3456/3607 1239/3458/1215 3672/3459/3608 5169/3457/5069
f 5169/3457/5069 3672/3459/3608 1138/3425/1129 3375/3422/3337
f 3415/2519/3377 5169/3457/5069 3375/3422/3337 875/896/875
f 1239/963/1215 3673/3460/3609 5170/3461/5070 3672/3459/3608
f 3673/3460/3609 1134/973/1125 3367/3462/3329 5170/3461/5070
f 5170/3461/5070 3367/3462/3329 872/2349/872 3376/3437/3338
f 3672/3459/3608 5170/3461/5070 3376/3437/3338 1138/3425/1129
f 1147/240/1138 3393/245/3355 5171/3463/5071 3674/3455/3610
f 3393/245/3355 871/240/871 3368/976/3330 5171/3463/5071
f 5171/3463/5071 3368/976/3330 1134/973/1125 3673/3460/3609
f 3674/3455/3610 5171/3463/5071 3673/3460/3609 1239/963/1215
f 837/929/837 3201/978/3164 5172/3464/5072 3069/936/3033
f 3201/978/3164 1051/982/1043 3678/3465/3614 5172/3464/5072
f 5172/3464/5072 3678/3465/3614 1240/980/1216 3675/3466/3611
f 3069/936/3033 5172/3464/5072 3675/3466/3611 985/933/977
f 985/933/977 3675/3466/3611 5173/3467/5073 3070/722/3034
f 3675/3466/3611 1240/980/1216 3676/986/3612 5173/3467/5073
f 5173/3467/5073 3676/986/3612 311/985/311 1684/984/1651
f 3070/722/3034 5173/3467/5073 1684/984/1651 78/724/78
f 1240/987/1216 3677/989/3613 5174/988/5074 3676/986/3612
f 3677/989/3613 989/992/981 3078/991/3042 5174/988/5074
f 5174/988/5074 3078/991/3042 82/951/82 1685/990/1652
f 3676/986/3612 5174/988/5074 1685/990/1652 311/985/311
f 1051/982/1043 3202/994/3165 5175/993/5075 3678/3465/3614
f 3202/994/3165 839/996/839 3077/995/3041 5175/993/5075
f 5175/993/5075 3077/995/3041 989/992/981 3677/989/3613
f 3678/3465/3614 5175/993/5075 3677/989/3613 1240/980/1216
f 795/3417/795 3062/3468/3026 5176/3469/5076 3057/3418/3021
f 3062/3468/3026 981/1002/973 3682/3470/3618 5176/3469/5076
f 5176/3469/5076 3682/3470/3618 1241/3471/1217 3679/3472/3615
f 3057/3418/3021 5176/3469/5076 3679/3472/3615 979/3473/971
f 1367/3411/1335 4175/3474/4077 5177/3475/5077 3058/3412/3022
f 4175/3474/4077 1390/3476/1358 4155/3477/4057 5177/3475/5077
f 5177/3475/5077 4155/3477/4057 986/100/978 3072/883/3036
f 3058/3412/3022 5177/3475/5077 3072/883/3036 796/882/796
f 1390/3476/1358 4174/3478/4076 5178/3479/5078 4155/3477/4057
f 4174/3478/4076 1368/1010/1336 3068/1009/3032 5178/3479/5078
f 5178/3479/5078 3068/1009/3032 798/882/798 3071/883/3035
f 4155/3477/4057 5178/3479/5078 3071/883/3035 986/100/978
f 981/1002/973 3061/2494/3025 5179/3480/5079 3682/3470/3618
f 3061/2494/3025 797/1017/797 3067/1016/3031 5179/3480/5079
f 5179/3480/5079 3067/1016/3031 984/2753/976 3681/3481/3617
f 3682/3470/3618 5179/3480/5079 3681/3481/3617 1241/3471/1217
f 873/1023/873 3388/3433/3350 5180/3482/5080 3414/1026/3376
f 3388/3433/3350 1144/1025/1135 3686/1029/3622 5180/3482/5080
f 5180/3482/5080 3686/1029/3622 1242/1026/1218 3683/3483/3619
f 3414/1026/3376 5180/3482/5080 3683/3483/3619 1157/1021/1148
f 1157/1021/1148 3683/3483/3619 5181/3484/5081 3413/3485/3375
f 3683/3483/3619 1242/1026/1218 3684/1024/3620 5181/3484/5081
f 5181/3484/5081 3684/1024/3620 973/1025/965 3045/3486/3009
f 3413/3485/3375 5181/3484/5081 3045/3486/3009 874/3487/874
f 1242/1026/1218 3685/1023/3621 5182/3488/5082 3684/1024/3620
f 3685/1023/3621 1136/1021/1127 3371/3489/3333 5182/3488/5082
f 5182/3488/5082 3371/3489/3333 869/2690/869 3046/3490/3010
f 3684/1024/3620 5182/3488/5082 3046/3490/3010 973/1025/965
f 1144/1025/1135 3387/3436/3349 5183/1027/5083 3686/1029/3622
f 3387/3436/3349 867/1023/867 3372/1026/3334 5183/1027/5083
f 5183/1027/5083 3372/1026/3334 1136/1021/1127 3685/1023/3621
f 3686/1029/3622 5183/1027/5083 3685/1023/3621 1242/1026/1218
f 838/1038/838 3174/1041/3137 5184/3491/5084 3198/1039/3161
f 3174/1041/3137 1037/3492/1029 3690/3493/3626 5184/3491/5084
f 5184/3491/5084 3690/3493/3626 1243/3494/1219 3687/3495/3623
f 3198/1039/3161 5184/3491/5084 3687/3495/3623 1049/1042/1041
f 1371/2736/1339 4173/3496/4075 5185/3497/5085 4136/1048/4038
f 4173/3496/4075 1391/3498/1359 4156/1054/4058 5185/3497/5085
f 5185/3497/5085 4156/1054/4058 989/1053/981 3077/1052/3041
f 4136/1048/4038 5185/3497/5085 3077/1052/3041 839/1051/839
f 1391/3498/1359 4172/1057/4074 5186/3499/5086 4156/1054/4058
f 4172/1057/4074 697/1061/697 2751/1060/2715 5186/3499/5086
f 5186/3499/5086 2751/1060/2715 82/1059/82 3078/1058/3042
f 4156/1054/4058 5186/3499/5086 3078/1058/3042 989/1053/981
f 1243/3494/1219 4257/3500/4159 5187/3501/5087 3689/3502/3625
f 4257/3500/4159 1420/1069/1388 4255/3503/4157 5187/3501/5087
f 5187/3501/5087 4255/3503/4157 747/1067/747 2875/1066/2839
f 3689/3502/3625 5187/3501/5087 2875/1066/2839 310/1065/310
f 836/2514/836 3195/3504/3158 5188/3505/5088 3065/1070/3029
f 3195/3504/3158 1048/3506/1040 3694/1075/3630 5188/3505/5088
f 5188/3505/5088 3694/1075/3630 1244/1074/1220 3691/3507/3627
f 3065/1070/3029 5188/3505/5088 3691/3507/3627 983/961/975
f 983/961/975 3691/3507/3627 5189/3508/5089 3066/1077/3030
f 3691/3507/3627 1244/1074/1220 3692/3509/3628 5189/3508/5089
f 5189/3508/5089 3692/3509/3628 991/752/983 3081/752/3045
f 3066/1077/3030 5189/3508/5089 3081/752/3045 797/752/797
f 1244/1074/1220 3693/1073/3629 5190/1078/5090 3692/3509/3628
f 3693/1073/3629 987/961/979 3074/1077/3038 5190/1078/5090
f 5190/1078/5090 3074/1077/3038 799/752/799 3082/752/3046
f 3692/3509/3628 5190/1078/5090 3082/752/3046 991/752/983
f 1048/1076/1040 3196/3510/3159 5191/3511/5091 3694/1075/3630
f 3196/3510/3159 838/1023/838 3073/1070/3037 5191/3511/5091
f 5191/3511/5091 3073/1070/3037 987/961/979 3693/1073/3629
f 3694/1075/3630 5191/3511/5091 3693/1073/3629 1244/1074/1220
f 797/1017/797 3081/697/3045 5192/3512/5092 3067/1016/3031
f 3081/697/3045 991/693/983 3698/3513/3634 5192/3512/5092
f 5192/3512/5092 3698/3513/3634 1245/3514/1221 3695/3515/3631
f 3067/1016/3031 5192/3512/5092 3695/3515/3631 984/2753/976
f 1368/1010/1336 4171/1088/4073 5193/1087/5093 3068/1009/3032
f 4171/1088/4073 1392/2758/1360 4157/1089/4059 5193/1087/5093
f 5193/1087/5093 4157/1089/4059 990/883/982 3080/883/3044
f 3068/1009/3032 5193/1087/5093 3080/883/3044 798/882/798
f 1392/2758/1360 4170/3516/4072 5194/3517/5094 4157/1089/4059
f 4170/3516/4072 1369/102/1337 3076/1093/3040 5194/3517/5094
f 5194/3517/5094 3076/1093/3040 800/100/800 3079/100/3043
f 4157/1089/4059 5194/3517/5094 3079/100/3043 990/883/982
f 991/693/983 3082/108/3046 5195/3513/5095 3698/3513/3634
f 3082/108/3046 799/108/799 3075/107/3039 5195/3513/5095
f 5195/3513/5095 3075/107/3039 988/3518/980 3697/3519/3633
f 3698/3513/3634 5195/3513/5095 3697/3519/3633 1245/3519/1221
f 834/3520/834 3049/3521/3013 5196/3522/5096 3194/3523/3157
f 3049/3521/3013 975/1103/967 3702/1102/3638 5196/3522/5096
f 5196/3522/5096 3702/1102/3638 1246/3524/1222 3699/1100/3635
f 3194/3523/3157 5196/3522/5096 3699/1100/3635 1047/3525/1039
f 1047/3525/1039 3699/1100/3635 5197/3526/5097 3193/1104/3156
f 3699/1100/3635 1246/3524/1222 3700/3527/3636 5197/3526/5097
f 5197/3526/5097 3700/3527/3636 999/1286/991 3097/3528/3061
f 3193/1104/3156 5197/3526/5097 3097/3528/3061 842/1106/842
f 1246/3529/1222 3701/3530/3637 5198/3531/5098 3700/3532/3636
f 3701/3530/3637 291/1117/291 1645/1116/1613 5198/3531/5098
f 5198/3531/5098 1645/1116/1613 65/269/65 3098/3533/3062
f 3700/3532/3636 5198/3531/5098 3098/3533/3062 999/3534/991
f 975/3535/967 3050/3536/3014 5199/3537/5099 3702/1118/3638
f 3050/3536/3014 70/949/70 1646/1121/199 5199/3537/5099
f 5199/3537/5099 1646/1121/199 291/1117/291 3701/3530/3637
f 3702/1118/3638 5199/3537/5099 3701/3530/3637 1246/3529/1222
f 828/269/828 3191/269/3154 5200/3538/5100 3025/3379/2989
f 3191/269/3154 1046/269/1038 3706/3539/3642 5200/3538/5100
f 5200/3538/5100 3706/3539/3642 1247/269/1223 3703/1124/3639
f 3025/3379/2989 5200/3538/5100 3703/1124/3639 963/815/955
f 963/815/955 3703/1124/3639 5201/1127/5101 3026/813/2990
f 3703/1124/3639 1247/269/1223 3704/269/3640 5201/1127/5101
f 5201/1127/5101 3704/269/3640 283/269/283 1629/1128/1597
f 3026/813/2990 5201/1127/5101 1629/1128/1597 60/810/60
f 1247/269/1223 3705/269/3641 5202/269/5102 3704/269/3640
f 3705/269/3641 968/269/960 3036/269/3000 5202/269/5102
f 5202/269/5102 3036/269/3000 62/269/62 1630/1131/1598
f 3704/269/3640 5202/269/5102 1630/1131/1598 283/269/283
f 1046/269/1038 3192/3540/3155 5203/3541/5103 3706/3539/3642
f 3192/3540/3155 830/269/830 3035/269/2999 5203/3541/5103
f 5203/3541/5103 3035/269/2999 968/269/960 3705/269/3641
f 3706/3539/3642 5203/3541/5103 3705/269/3641 1247/269/1223
f 787/791/787 3087/1140/3051 5204/1139/5104 3029/869/2993
f 3087/1140/3051 994/3542/986 3710/1143/3646 5204/1139/5104
f 5204/1139/5104 3710/1143/3646 1248/851/1224 3707/3543/3643
f 3029/869/2993 5204/1139/5104 3707/3543/3643 965/868/957
f 1364/865/1332 4169/1146/4071 5205/1145/5105 3030/864/2994
f 4169/1146/4071 1393/3544/1361 4158/3545/4060 5205/1145/5105
f 5205/1145/5105 4158/3545/4060 993/857/985 3085/1147/3049
f 3030/864/2994 5205/1145/5105 3085/1147/3049 790/863/790
f 1393/3544/1361 4168/3546/4070 5206/1150/5106 4158/3545/4060
f 4168/3546/4070 1370/1153/1338 3084/2743/3048 5206/1150/5106
f 5206/1150/5106 3084/2743/3048 789/269/789 3086/856/3050
f 4158/3545/4060 5206/1150/5106 3086/856/3050 993/857/985
f 994/3542/986 3088/3547/3052 5207/3548/5107 3710/1143/3646
f 3088/3547/3052 788/3549/788 3083/3550/3047 5207/3548/5107
f 5207/3548/5107 3083/3550/3047 992/747/984 3709/3551/3645
f 3710/1143/3646 5207/3548/5107 3709/3551/3645 1248/851/1224
f 829/799/829 3189/3552/3152 5208/3553/5108 3031/798/2995
f 3189/3552/3152 1045/3554/1037 3714/3555/3650 5208/3553/5108
f 5208/3553/5108 3714/3555/3650 1249/3556/1225 3711/3557/3647
f 3031/798/2995 5208/3553/5108 3711/3557/3647 966/793/958
f 966/793/958 3711/3557/3647 5209/3558/5109 3032/792/2996
f 3711/3557/3647 1249/3556/1225 3712/3559/3648 5209/3558/5109
f 5209/3558/5109 3712/3559/3648 994/3542/986 3087/1140/3051
f 3032/792/2996 5209/3558/5109 3087/1140/3051 787/791/787
f 1249/3560/1225 3713/1170/3649 5210/1169/5110 3712/1168/3648
f 3713/1170/3649 995/3561/987 3090/1173/3054 5210/1169/5110
f 5210/1169/5110 3090/1173/3054 788/3562/788 3088/3563/3052
f 3712/1168/3648 5210/1169/5110 3088/3563/3052 994/1144/986
f 1045/3564/1037 3190/3565/3153 5211/3566/5111 3714/3555/3650
f 3190/3565/3153 840/3567/840 3089/1273/3053 5211/3566/5111
f 5211/3566/5111 3089/1273/3053 995/3561/987 3713/1170/3649
f 3714/3555/3650 5211/3566/5111 3713/1170/3649 1249/3560/1225
f 826/1180/826 3150/1183/3113 5212/1182/5112 3188/1181/3151
f 3150/1183/3113 1025/1188/1017 3718/1187/3654 5212/1182/5112
f 5212/1182/5112 3718/1187/3654 1250/1186/1226 3715/3568/3651
f 3188/1181/3151 5212/1182/5112 3715/3568/3651 1044/3569/1036
f 1044/3570/1036 3715/3571/3651 5213/3572/5113 3187/3573/3150
f 3715/3571/3651 1250/3574/1226 3716/3575/3652 5213/3572/5113
f 5213/3572/5113 3716/3575/3652 1040/3576/1032 3180/3577/3143
f 3187/3573/3150 5213/3572/5113 3180/3577/3143 841/3578/841
f 1250/1186/1226 3717/3579/3653 5214/3580/5114 3716/3581/3652
f 3717/3579/3653 971/1196/963 3042/3582/3006 5214/3580/5114
f 5214/3580/5114 3042/3582/3006 786/269/786 3179/3583/3142
f 3716/3581/3652 5214/3580/5114 3179/3583/3142 1040/3576/1032
f 1025/1188/1017 3149/3584/3112 5215/3585/5115 3718/1187/3654
f 3149/3584/3112 784/1200/784 3041/1199/3005 5215/3585/5115
f 5215/3585/5115 3041/1199/3005 971/1196/963 3717/3579/3653
f 3718/1187/3654 5215/3585/5115 3717/3579/3653 1250/1186/1226
f 842/1201/842 3185/3586/3148 5216/3587/5116 3182/3588/3145
f 3185/3586/3148 1043/3589/1035 3722/3590/3658 5216/3587/5116
f 5216/3587/5116 3722/3590/3658 1251/1207/1227 3719/1206/3655
f 3182/3588/3145 5216/3587/5116 3719/1206/3655 1041/3591/1033
f 1041/3591/1033 3719/1206/3655 5217/3592/5117 3181/3593/3144
f 3719/1206/3655 1251/1207/1227 3720/1213/3656 5217/3592/5117
f 5217/3592/5117 3720/1213/3656 998/269/990 3096/269/3060
f 3181/3593/3144 5217/3592/5117 3096/269/3060 792/269/792
f 1251/1214/1227 3721/1216/3657 5218/3594/5118 3720/1213/3656
f 3721/1216/3657 1029/1219/1021 3157/1218/3120 5218/3594/5118
f 5218/3594/5118 3157/1218/3120 789/269/789 3095/3595/3059
f 3720/1213/3656 5218/3594/5118 3095/3595/3059 998/269/990
f 1043/3589/1035 3186/3596/3149 5219/3597/5119 3722/3590/3658
f 3186/3596/3149 830/269/830 3158/1218/3121 5219/3597/5119
f 5219/3597/5119 3158/1218/3121 1029/1219/1021 3721/1216/3657
f 3722/3590/3658 5219/3597/5119 3721/1216/3657 1251/1207/1227
f 1366/847/1334 4167/3598/4069 5220/1235/5120 4131/846/4033
f 4167/3598/4069 1394/3599/1362 3726/1228/3662 5220/1235/5120
f 5220/1235/5120 3726/1228/3662 1252/1227/1228 3723/1227/3659
f 4131/846/4033 5220/1235/5120 3723/1227/3659 977/1227/969
f 977/841/969 3723/1227/3659 5221/3600/5121 3053/3390/3017
f 3723/1227/3659 1252/1227/1228 3724/1231/3660 5221/3600/5121
f 5221/3600/5121 3724/1231/3660 997/245/989 3094/1230/3058
f 3053/3390/3017 5221/3600/5121 3094/1230/3058 791/839/791
f 1252/1227/1228 3725/1227/3661 5222/3601/5122 3724/1231/3660
f 3725/1227/3661 992/747/984 3083/3550/3047 5222/3601/5122
f 5222/3601/5122 3083/3550/3047 788/3549/788 3093/3602/3057
f 3724/1231/3660 5222/3601/5122 3093/3602/3057 997/1230/989
f 1394/1153/1362 4166/1153/4068 5223/1228/5123 3726/1228/3662
f 4166/1153/4068 1370/1238/1338 4135/3603/4037 5223/1228/5123
f 5223/1228/5123 4135/3603/4037 992/1236/984 3725/1227/3661
f 3726/1228/3662 5223/1228/5123 3725/1227/3661 1252/1227/1228
f 831/1026/831 3183/1241/3146 5224/1240/5124 3160/1239/3123
f 3183/1241/3146 1042/1246/1034 3730/3604/3666 5224/1240/5124
f 5224/1240/5124 3730/3604/3666 1253/1244/1229 3727/3605/3663
f 3160/1239/3123 5224/1240/5124 3727/3605/3663 1030/1242/1022
f 1030/1242/1022 3727/3605/3663 5225/1248/5125 3159/1247/3122
f 3727/3605/3663 1253/1244/1229 3728/1250/3664 5225/1248/5125
f 5225/1248/5125 3728/1250/3664 325/1249/325 1712/1249/1679
f 3159/1247/3122 5225/1248/5125 1712/1249/1679 63/1249/63
f 1253/1251/1229 3729/1251/3665 5226/3606/5126 3728/1250/3664
f 3729/1251/3665 1039/1253/1031 3177/1247/3140 5226/3606/5126
f 5226/3606/5126 3177/1247/3140 83/1249/83 1713/1249/1680
f 3728/1250/3664 5226/3606/5126 1713/1249/1680 325/1249/325
f 1042/1246/1034 3184/1272/3147 5227/1254/5127 3730/3604/3666
f 3184/1272/3147 840/3567/840 3178/3607/3141 5227/1254/5127
f 5227/1254/5127 3178/3607/3141 1039/1242/1031 3729/1251/3665
f 3730/3604/3666 5227/1254/5127 3729/1251/3665 1253/1244/1229
f 791/839/791 3094/1230/3058 5228/3608/5128 3038/1258/3002
f 3094/1230/3058 997/1230/989 3734/3609/3670 5228/3608/5128
f 5228/3608/5128 3734/3609/3670 1254/3610/1230 3731/3611/3667
f 3038/1258/3002 5228/3608/5128 3731/3611/3667 969/1260/961
f 969/1260/961 3731/3611/3667 5229/3612/5129 3037/3613/3001
f 3731/3611/3667 1254/3610/1230 3732/1266/3668 5229/3612/5129
f 5229/3612/5129 3732/1266/3668 1042/1246/1034 3183/1241/3146
f 3037/3613/3001 5229/3612/5129 3183/1241/3146 831/1026/831
f 1254/3614/1230 3733/3615/3669 5230/3616/5130 3732/3617/3668
f 3733/3615/3669 995/1276/987 3089/1273/3053 5230/3616/5130
f 5230/3616/5130 3089/1273/3053 840/3567/840 3184/1255/3147
f 3732/3617/3668 5230/3616/5130 3184/1255/3147 1042/1271/1034
f 997/1230/989 3093/3602/3057 5231/3618/5131 3734/3609/3670
f 3093/3602/3057 788/3549/788 3090/1277/3054 5231/3618/5131
f 5231/3618/5131 3090/1277/3054 995/1276/987 3733/3619/3669
f 3734/3609/3670 5231/3618/5131 3733/3619/3669 1254/3610/1230
f 65/269/65 1612/1280/1580 5232/3620/5132 3098/3621/3062
f 1612/1280/1580 274/1285/274 3738/3622/3674 5232/3620/5132
f 5232/3620/5132 3738/3622/3674 1255/1283/1231 3735/3623/3671
f 3098/3621/3062 5232/3620/5132 3735/3623/3671 999/1286/991
f 999/1108/991 3735/3623/3671 5233/3624/5133 3097/3528/3061
f 3735/3623/3671 1255/1283/1231 3736/1291/3672 5233/3624/5133
f 5233/3624/5133 3736/1291/3672 1043/1290/1035 3185/3625/3148
f 3097/3528/3061 5233/3624/5133 3185/3625/3148 842/1106/842
f 1255/1283/1231 3737/3626/3673 5234/3627/5134 3736/3628/3672
f 3737/3626/3673 968/269/960 3035/269/2999 5234/3627/5134
f 5234/3627/5134 3035/269/2999 830/269/830 3186/3596/3149
f 3736/3628/3672 5234/3627/5134 3186/3596/3149 1043/3589/1035
f 274/1285/274 1611/1280/1579 5235/3629/5135 3738/3622/3674
f 1611/1280/1579 62/269/62 3036/269/3000 5235/3629/5135
f 5235/3629/5135 3036/269/3000 968/269/960 3737/3626/3673
f 3738/3622/3674 5235/3629/5135 3737/3626/3673 1255/1283/1231
f 52/724/52 3014/1300/2978 5236/3630/5136 1702/1298/1669
f 3014/1300/2978 957/1304/949 3742/3631/3678 5236/3630/5136
f 5236/3630/5136 3742/3631/3678 1256/3632/1232 3739/1301/3675
f 1702/1298/1669 5236/3630/5136 3739/1301/3675 320/1117/320
f 320/1117/320 3739/1301/3675 5237/3633/5137 1703/1116/1670
f 3739/1301/3675 1256/3632/1232 3740/3634/3676 5237/3633/5137
f 5237/3633/5137 3740/3634/3676 996/3635/988 3092/3636/3056
f 1703/1116/1670 5237/3633/5137 3092/3636/3056 84/269/84
f 1256/3637/1232 3741/3638/3677 5238/3639/5138 3740/3640/3676
f 3741/3638/3677 1044/3570/1036 3187/3573/3150 5238/3639/5138
f 5238/3639/5138 3187/3573/3150 841/3578/841 3091/3641/3055
f 3740/3640/3676 5238/3639/5138 3091/3641/3055 996/3642/988
f 957/1304/949 3013/1310/2977 5239/3643/5139 3742/3631/3678
f 3013/1310/2977 826/1180/826 3188/1181/3151 5239/3643/5139
f 5239/3643/5139 3188/1181/3151 1044/3569/1036 3741/3644/3677
f 3742/3631/3678 5239/3643/5139 3741/3644/3677 1256/3632/1232
f 57/1543/57 1699/1311/1666 5240/3645/5140 3155/3646/3118
f 1699/1311/1666 318/1311/318 3746/3647/3682 5240/3645/5140
f 5240/3645/5140 3746/3647/3682 1257/3648/1233 3743/3649/3679
f 3155/3646/3118 5240/3645/5140 3743/3649/3679 1028/3650/1020
f 1028/3650/1020 3743/3649/3679 5241/3651/5141 3156/3652/3119
f 3743/3649/3679 1257/3648/1233 3744/3653/3680 5241/3651/5141
f 5241/3651/5141 3744/3653/3680 1045/3554/1037 3189/3552/3152
f 3156/3652/3119 5241/3651/5141 3189/3552/3152 829/799/829
f 1257/3648/1233 3745/3654/3681 5242/3655/5142 3744/3653/3680
f 3745/3654/3681 1039/1242/1031 3178/3656/3141 5242/3655/5142
f 5242/3655/5142 3178/3656/3141 840/1257/840 3190/3657/3153
f 3744/3653/3680 5242/3655/5142 3190/3657/3153 1045/3554/1037
f 318/1311/318 1698/1249/1665 5243/3658/5143 3746/3647/3682
f 1698/1249/1665 83/1249/83 3177/1247/3140 5243/3658/5143
f 5243/3658/5143 3177/1247/3140 1039/1242/1031 3745/3654/3681
f 3746/3647/3682 5243/3658/5143 3745/3654/3681 1257/3648/1233
f 790/863/790 3085/1147/3049 5244/1328/5144 3153/1327/3116
f 3085/1147/3049 993/857/985 3750/1332/3686 5244/1328/5144
f 5244/1328/5144 3750/1332/3686 1258/1331/1234 3747/1330/3683
f 3153/1327/3116 5244/1328/5144 3747/1330/3683 1027/1329/1019
f 1027/1329/1019 3747/1330/3683 5245/3659/5145 3154/3660/3117
f 3747/1330/3683 1258/1331/1234 3748/1519/3684 5245/3659/5145
f 5245/3659/5145 3748/1519/3684 1046/269/1038 3191/269/3154
f 3154/3660/3117 5245/3659/5145 3191/269/3154 828/269/828
f 1258/1331/1234 3749/3660/3685 5246/3661/5146 3748/1519/3684
f 3749/3660/3685 1029/1219/1021 3158/1218/3121 5246/3661/5146
f 5246/3661/5146 3158/1218/3121 830/269/830 3192/3540/3155
f 3748/1519/3684 5246/3661/5146 3192/3540/3155 1046/269/1038
f 993/1343/985 3086/856/3050 5247/3662/5147 3750/1332/3686
f 3086/856/3050 789/269/789 3157/1218/3120 5247/3662/5147
f 5247/3662/5147 3157/1218/3120 1029/1219/1021 3749/3660/3685
f 3750/1332/3686 5247/3662/5147 3749/3660/3685 1258/1331/1234
f 794/1345/794 3165/1348/3128 5248/3663/5148 3034/1346/2998
f 3165/1348/3128 1033/3664/1025 3754/3665/3690 5248/3663/5148
f 5248/3663/5148 3754/3665/3690 1259/3666/1235 3751/1350/3687
f 3034/1346/2998 5248/3663/5148 3751/1350/3687 967/1349/959
f 967/1349/959 3751/1350/3687 5249/1355/5149 3033/1354/2997
f 3751/1350/3687 1259/3666/1235 3752/3667/3688 5249/1355/5149
f 5249/1355/5149 3752/3667/3688 1041/1205/1033 3181/3668/3144
f 3033/1354/2997 5249/1355/5149 3181/3668/3144 792/269/792
f 1259/3669/1235 3753/3670/3689 5250/1359/5150 3752/1357/3688
f 3753/3670/3689 1047/3525/1039 3193/1104/3156 5250/1359/5150
f 5250/1359/5150 3193/1104/3156 842/1106/842 3182/3588/3145
f 3752/1357/3688 5250/1359/5150 3182/3588/3145 1041/1361/1033
f 1033/1362/1025 3166/1365/3129 5251/3671/5151 3754/1363/3690
f 3166/1365/3129 834/3520/834 3194/3523/3157 5251/3671/5151
f 5251/3671/5151 3194/3523/3157 1047/3525/1039 3753/3670/3689
f 3754/1363/3690 5251/3671/5151 3753/3670/3689 1259/3669/1235
f 75/3672/75 1691/1369/1658 5252/3673/5152 3169/1367/3132
f 1691/1369/1658 314/1374/314 3758/3674/3694 5252/3673/5152
f 5252/3673/5152 3758/3674/3694 1260/3675/1236 3755/3676/3691
f 3169/1367/3132 5252/3673/5152 3755/3676/3691 1035/1370/1027
f 1035/1370/1027 3755/3676/3691 5253/3677/5153 3170/3678/3133
f 3755/3676/3691 1260/3675/1236 3756/3679/3692 5253/3677/5153
f 5253/3677/5153 3756/3679/3692 1048/1076/1040 3195/3504/3158
f 3170/3678/3133 5253/3677/5153 3195/3504/3158 836/1023/836
f 1260/3675/1236 3757/3680/3693 5254/3681/5154 3756/3679/3692
f 3757/3680/3693 1037/1251/1029 3174/1380/3137 5254/3681/5154
f 5254/3681/5154 3174/1380/3137 838/1023/838 3196/3510/3159
f 3756/3679/3692 5254/3681/5154 3196/3510/3159 1048/1076/1040
f 314/1374/314 1690/1383/1657 5255/3682/5155 3758/3674/3694
f 1690/1383/1657 79/1543/79 3173/3683/3136 5255/3682/5155
f 5255/3682/5155 3173/3683/3136 1037/1251/1029 3757/3680/3693
f 3758/3674/3694 5255/3682/5155 3757/3680/3693 1260/3675/1236
f 799/1384/799 3074/3684/3038 5256/3685/5156 3075/1385/3039
f 3074/3684/3038 987/1392/979 3762/1391/3698 5256/3685/5156
f 5256/3685/5156 3762/1391/3698 1261/1390/1237 3759/3686/3695
f 3075/1385/3039 5256/3685/5156 3759/3686/3695 988/1388/980
f 1369/1393/1337 4165/3687/4067 5257/1395/5157 3076/1394/3040
f 4165/3687/4067 1395/3688/1363 4160/3689/4062 5257/1395/5157
f 5257/1395/5157 4160/3689/4062 1038/1399/1030 3175/1398/3138
f 3076/1394/3040 5257/1395/5157 3175/1398/3138 800/1397/800
f 1395/3688/1363 4164/3690/4066 5258/1402/5158 4160/3689/4062
f 4164/3690/4066 1371/2736/1339 4136/1048/4038 5258/1402/5158
f 5258/1402/5158 4136/1048/4038 839/1051/839 3176/1404/3139
f 4160/3689/4062 5258/1402/5158 3176/1404/3139 1038/1399/1030
f 987/1392/979 3073/1406/3037 5259/3691/5159 3762/1391/3698
f 3073/1406/3037 838/1038/838 3198/1039/3161 5259/3691/5159
f 5259/3691/5159 3198/1039/3161 1049/1042/1041 3761/3692/3697
f 3762/1391/3698 5259/3691/5159 3761/3692/3697 1261/1390/1237
f 71/1408/71 1676/1411/1643 5260/3693/5160 3161/3694/3124
f 1676/1411/1643 306/3695/306 3766/1415/3702 5260/3693/5160
f 5260/3693/5160 3766/1415/3702 1262/1414/1238 3763/3696/3699
f 3161/3694/3124 5260/3693/5160 3763/3696/3699 1031/3697/1023
f 1031/3697/1023 3763/3696/3699 5261/3698/5161 3162/3699/3125
f 3763/3696/3699 1262/1414/1238 3764/3700/3700 5261/3698/5161
f 5261/3698/5161 3764/3700/3700 1050/3701/1042 3199/3702/3162
f 3162/3699/3125 5261/3698/5161 3199/3702/3162 832/2476/832
f 1262/1414/1238 3765/1427/3701 5262/3703/5162 3764/3700/3700
f 3765/1427/3701 1035/1370/1027 3170/3678/3133 5262/3703/5162
f 5262/3703/5162 3170/3678/3133 836/1023/836 3200/3704/3163
f 3764/3700/3700 5262/3703/5162 3200/3704/3163 1050/3701/1042
f 306/1416/306 1675/1432/1642 5263/1431/5163 3766/1430/3702
f 1675/1432/1642 75/1366/75 3169/3705/3132 5263/1431/5163
f 5263/1431/5163 3169/3705/3132 1035/3706/1027 3765/3707/3701
f 3766/1430/3702 5263/1431/5163 3765/3707/3701 1262/1424/1238
f 798/1435/798 3080/1438/3044 5264/3708/5164 3171/1436/3134
f 3080/1438/3044 990/1435/982 3770/3709/3706 5264/3708/5164
f 5264/3708/5164 3770/3709/3706 1263/1441/1239 3767/1440/3703
f 3171/1436/3134 5264/3708/5164 3767/1440/3703 1036/1439/1028
f 1036/1439/1028 3767/1440/3703 5265/3710/5165 3172/1443/3135
f 3767/1440/3703 1263/1446/1239 3768/1445/3704 5265/3710/5165
f 5265/3710/5165 3768/1445/3704 1051/982/1043 3201/978/3164
f 3172/1443/3135 5265/3710/5165 3201/978/3164 837/929/837
f 1263/1441/1239 3769/1448/3705 5266/3711/5166 3768/1445/3704
f 3769/1448/3705 1038/1451/1030 3176/1450/3139 5266/3711/5166
f 5266/3711/5166 3176/1450/3139 839/996/839 3202/994/3165
f 3768/1445/3704 5266/3711/5166 3202/994/3165 1051/1449/1043
f 990/1435/982 3079/1453/3043 5267/3712/5167 3770/3709/3706
f 3079/1453/3043 800/1453/800 3175/1454/3138 5267/3712/5167
f 5267/3712/5167 3175/1454/3138 1038/1451/1030 3769/1448/3705
f 3770/3709/3706 5267/3712/5167 3769/1448/3705 1263/1441/1239
f 67/1455/67 1664/1458/1631 5268/3713/5168 3163/3714/3126
f 1664/1458/1631 300/1463/300 3774/1462/3710 5268/3713/5168
f 5268/3713/5168 3774/1462/3710 1264/1461/1240 3771/1460/3707
f 3163/3714/3126 5268/3713/5168 3771/1460/3707 1032/3715/1024
f 1032/3715/1024 3771/1460/3707 5269/3716/5169 3164/3717/3127
f 3771/1460/3707 1264/1461/1240 3772/1469/3708 5269/3716/5169
f 5269/3716/5169 3772/1469/3708 1052/1468/1044 3203/3718/3166
f 3164/3717/3127 5269/3716/5169 3203/3718/3166 833/3719/833
f 1264/1461/1240 3773/3720/3709 5270/3721/5170 3772/1469/3708
f 3773/3720/3709 1031/3697/1023 3162/3699/3125 5270/3721/5170
f 5270/3721/5170 3162/3699/3125 832/1466/832 3204/3722/3167
f 3772/1469/3708 5270/3721/5170 3204/3722/3167 1052/1468/1044
f 300/1463/300 1663/1475/1630 5271/3723/5171 3774/1462/3710
f 1663/1475/1630 71/1475/71 3161/3694/3124 5271/3723/5171
f 5271/3723/5171 3161/3694/3124 1031/3697/1023 3773/3720/3709
f 3774/1462/3710 5271/3723/5171 3773/3720/3709 1264/1461/1240
f 794/1345/794 3051/1438/3015 5272/3724/5172 3165/1348/3128
f 3051/1438/3015 976/1481/968 3778/3725/3714 5272/3724/5172
f 5272/3724/5172 3778/3725/3714 1265/1479/1241 3775/3726/3711
f 3165/1348/3128 5272/3724/5172 3775/3726/3711 1033/1362/1025
f 1033/1362/1025 3775/3727/3711 5273/3728/5173 3166/1482/3129
f 3775/3727/3711 1265/3729/1241 3776/3730/3712 5273/3728/5173
f 5273/3728/5173 3776/3730/3712 1053/3443/1045 3205/3442/3168
f 3166/1482/3129 5273/3728/5173 3205/3442/3168 834/937/834
f 1265/1479/1241 3777/1489/3713 5274/3731/5174 3776/3730/3712
f 3777/1489/3713 1034/1490/1026 3168/1443/3131 5274/3731/5174
f 5274/3731/5174 3168/1443/3131 835/923/835 3206/958/3169
f 3776/3730/3712 5274/3731/5174 3206/958/3169 1053/3451/1045
f 976/1481/968 3052/1435/3016 5275/3732/5175 3778/3725/3714
f 3052/1435/3016 796/1493/796 3167/3733/3130 5275/3732/5175
f 5275/3732/5175 3167/3733/3130 1034/1490/1026 3777/1489/3713
f 3778/3725/3714 5275/3732/5175 3777/1489/3713 1265/1479/1241
f 796/1493/796 3072/1435/3036 5276/3734/5176 3167/3733/3130
f 3072/1435/3036 986/1497/978 3782/1454/3718 5276/3734/5176
f 5276/3734/5176 3782/1454/3718 1266/1496/1242 3779/1495/3715
f 3167/3733/3130 5276/3734/5176 3779/1495/3715 1034/1490/1026
f 1034/1439/1026 3779/1495/3715 5277/3735/5177 3168/1443/3131
f 3779/1495/3715 1266/1496/1242 3780/1499/3716 5277/3735/5177
f 5277/3735/5177 3780/1499/3716 1054/929/1046 3207/925/3170
f 3168/1443/3131 5277/3735/5177 3207/925/3170 835/923/835
f 1266/1496/1242 3781/1501/3717 5278/3736/5178 3780/1499/3716
f 3781/1501/3717 1036/1439/1028 3172/1443/3135 5278/3736/5178
f 5278/3736/5178 3172/1443/3135 837/929/837 3208/3440/3171
f 3780/1499/3716 5278/3736/5178 3208/3440/3171 1054/929/1046
f 986/1497/978 3071/1438/3035 5279/3737/5179 3782/1454/3718
f 3071/1438/3035 798/1435/798 3171/1436/3134 5279/3737/5179
f 5279/3737/5179 3171/1436/3134 1036/1439/1028 3781/1501/3717
f 3782/1454/3718 5279/3737/5179 3781/1501/3717 1266/1496/1242
f 63/1249/63 1652/1504/1619 5280/3738/5180 3159/1247/3122
f 1652/1504/1619 294/1381/294 3786/1507/3722 5280/3738/5180
f 5280/3738/5180 3786/1507/3722 1267/1506/1243 3783/3739/3719
f 3159/1247/3122 5280/3738/5180 3783/3739/3719 1030/1242/1022
f 1030/1242/1022 3783/3739/3719 5281/1508/5181 3160/1239/3123
f 3783/3739/3719 1267/1506/1243 3784/1511/3720 5281/1508/5181
f 5281/1508/5181 3784/1511/3720 1055/1510/1047 3209/3740/3172
f 3160/1239/3123 5281/1508/5181 3209/3740/3172 831/1026/831
f 1267/1506/1243 3785/3741/3721 5282/3742/5182 3784/1511/3720
f 3785/3741/3721 1032/3715/1024 3164/3717/3127 5282/3742/5182
f 5282/3742/5182 3164/3717/3127 833/3719/833 3210/3743/3173
f 3784/1511/3720 5282/3742/5182 3210/3743/3173 1055/1510/1047
f 294/1381/294 1651/1517/1618 5283/3744/5183 3786/1507/3722
f 1651/1517/1618 67/1455/67 3163/3714/3126 5283/3744/5183
f 5283/3744/5183 3163/3714/3126 1032/3715/1024 3785/3741/3721
f 3786/1507/3722 5283/3744/5183 3785/3741/3721 1267/1506/1243
f 786/269/786 3044/856/3008 5284/3745/5184 3179/3746/3142
f 3044/856/3008 972/1343/964 3790/1332/3726 5284/3745/5184
f 5284/3745/5184 3790/1332/3726 1268/1339/1244 3787/3747/3723
f 3179/3746/3142 5284/3745/5184 3787/3747/3723 1040/3748/1032
f 1040/3748/1032 3787/3747/3723 5285/3749/5185 3180/3750/3143
f 3787/3747/3723 1268/1339/1244 3788/3751/3724 5285/3749/5185
f 5285/3749/5185 3788/3751/3724 1056/805/1048 3211/3752/3174
f 3180/3750/3143 5285/3749/5185 3211/3752/3174 841/3753/841
f 1268/1339/1244 3789/1330/3725 5286/3754/5186 3788/3751/3724
f 3789/1330/3725 1027/1329/1019 3154/3660/3117 5286/3754/5186
f 5286/3754/5186 3154/3660/3117 828/269/828 3212/3376/3175
f 3788/3751/3724 5286/3754/5186 3212/3376/3175 1056/805/1048
f 972/857/964 3043/862/3007 5287/1328/5187 3790/1332/3726
f 3043/862/3007 790/863/790 3153/1327/3116 5287/1328/5187
f 5287/1328/5187 3153/1327/3116 1027/1329/1019 3789/1330/3725
f 3790/1332/3726 5287/1328/5187 3789/1330/3725 1268/1331/1244
f 53/1455/53 1626/1528/1594 5288/3755/5188 3151/3756/3114
f 1626/1528/1594 281/1533/281 3794/1532/3730 5288/3755/5188
f 5288/3755/5188 3794/1532/3730 1269/1531/1245 3791/3757/3727
f 3151/3756/3114 5288/3755/5188 3791/3757/3727 1026/3758/1018
f 1026/3758/1018 3791/3757/3727 5289/3759/5189 3152/3760/3115
f 3791/3757/3727 1269/1531/1245 3792/3761/3728 5289/3759/5189
f 5289/3759/5189 3792/3761/3728 1057/799/1049 3213/3355/3176
f 3152/3760/3115 5289/3759/5189 3213/3355/3176 827/3355/827
f 1269/1531/1245 3793/3762/3729 5290/3763/5190 3792/3761/3728
f 3793/3762/3729 1028/3650/1020 3156/3652/3119 5290/3763/5190
f 5290/3763/5190 3156/3652/3119 829/799/829 3214/3355/3177
f 3792/3761/3728 5290/3763/5190 3214/3355/3177 1057/799/1049
f 281/1533/281 1625/1542/1593 5291/3764/5191 3794/1532/3730
f 1625/1542/1593 57/1543/57 3155/3646/3118 5291/3764/5191
f 5291/3764/5191 3155/3646/3118 1028/3650/1020 3793/3762/3729
f 3794/1532/3730 5291/3764/5191 3793/3762/3729 1269/1531/1245
f 49/1458/49 1608/1458/1576 5292/3765/1576 3139/1544/49
f 1608/1458/1576 272/1548/272 3798/1547/272 5292/3765/1576
f 5292/3765/1576 3798/1547/272 1270/1549/1246 3795/3766/3731
f 3139/1544/49 5292/3765/1576 3795/3766/3731 1020/1549/1012
f 1020/1549/1012 3795/3766/3731 5293/3767/5192 3140/3760/3103
f 3795/3766/3731 1270/1549/1246 3796/3760/3732 5293/3767/5192
f 5293/3767/5192 3796/3760/3732 1058/3346/1050 3215/3344/3178
f 3140/3760/3103 5293/3767/5192 3215/3344/3178 821/3090/821
f 1270/1549/1246 3797/3768/3733 5294/3769/5193 3796/3760/3732
f 3797/3768/3733 1026/3758/1018 3152/3760/3115 5294/3769/5193
f 5294/3769/5193 3152/3760/3115 827/3090/827 3216/3352/3179
f 3796/3760/3732 5294/3769/5193 3216/3352/3179 1058/3346/1050
f 272/1548/272 1607/1458/1575 5295/3770/5194 3798/1547/272
f 1607/1458/1575 53/1458/53 3151/3756/3114 5295/3770/5194
f 5295/3770/5194 3151/3756/3114 1026/3758/1018 3797/3768/3733
f 3798/1547/272 5295/3770/5194 3797/3768/3733 1270/1549/1246
f 760/157/760 3019/1453/2983 5296/1557/5195 3105/156/3069
f 3019/1453/2983 960/1438/952 3802/1560/3737 5296/1557/5195
f 5296/1557/5195 3802/1560/3737 1271/3771/1247 3799/3772/3734
f 3105/156/3069 5296/1557/5195 3799/3772/3734 1003/151/995
f 1003/151/995 3799/3772/3734 5297/1561/5196 3106/150/3070
f 3799/3772/3734 1271/3771/1247 3800/3773/3735 5297/1561/5196
f 5297/1561/5196 3800/3773/3735 1059/3334/1051 3217/3332/3180
f 3106/150/3070 5297/1561/5196 3217/3332/3180 804/149/804
f 1271/3771/1247 3801/3774/3736 5298/3775/5197 3800/3773/3735
f 3801/3774/3736 1025/1451/1017 3150/1450/3113 5298/3775/5197
f 5298/3775/5197 3150/1450/3113 826/733/826 3218/731/3181
f 3800/3773/3735 5298/3775/5197 3218/731/3181 1059/3334/1051
f 960/1438/952 3020/1453/2984 5299/1565/5198 3802/1560/3737
f 3020/1453/2984 784/1453/784 3149/1454/3112 5299/1565/5198
f 5299/1565/5198 3149/1454/3112 1025/1451/1017 3801/3774/3736
f 3802/1560/3737 5299/1565/5198 3801/3774/3736 1271/3771/1247
f 779/607/779 3010/678/2974 5300/1567/5199 3141/1566/3104
f 3010/678/2974 955/679/947 3806/3776/3741 5300/1567/5199
f 5300/1567/5199 3806/3776/3741 1272/1570/1248 3803/3777/3738
f 3141/1566/3104 5300/1567/5199 3803/3777/3738 1021/3778/1013
f 1021/3779/1013 3803/3777/3738 5301/3780/5200 3142/3781/3105
f 3803/3777/3738 1272/3782/1248 3804/3783/3739 5301/3780/5200
f 5301/3780/5200 3804/3783/3739 1060/656/1052 3219/3294/3182
f 3142/3781/3105 5301/3780/5200 3219/3294/3182 822/3293/822
f 1272/3782/1248 3805/1581/3740 5302/3784/5201 3804/3783/3739
f 3805/1581/3740 1023/3286/1015 3146/617/3109 5302/3784/5201
f 5302/3784/5201 3146/617/3109 824/670/824 3220/3305/3183
f 3804/3783/3739 5302/3784/5201 3220/3305/3183 1060/656/1052
f 955/679/947 3009/3315/2973 5303/3785/5202 3806/3776/3741
f 3009/3315/2973 781/3289/781 3145/643/3108 5303/3785/5202
f 5303/3785/5202 3145/643/3108 1023/3286/1015 3805/3786/3740
f 3806/3776/3741 5303/3785/5202 3805/3786/3740 1272/1570/1248
f 46/61/46 3002/3304/2966 5304/1583/5203 1548/1582/1516
f 3002/3304/2966 951/664/943 3810/3787/3745 5304/1583/5203
f 5304/1583/5203 3810/3787/3745 1273/3788/1249 3807/3789/3742
f 1548/1582/1516 5304/1583/5203 3807/3789/3742 242/1584/242
f 685/1589/685 4163/3790/4065 5305/3791/5204 2739/1590/2703
f 4163/3790/4065 1396/1597/1364 4161/1596/4063 5305/3791/5204
f 5305/3791/5204 4161/1596/4063 1024/3792/1016 3147/3793/3110
f 2739/1590/2703 5305/3791/5204 3147/3793/3110 45/1593/45
f 1396/3794/1364 4162/1600/4064 5306/3795/5205 4161/3796/4063
f 4162/1600/4064 1372/3278/1340 4137/3280/4039 5306/3795/5205
f 5306/3795/5205 4137/3280/4039 825/581/825 3148/3797/3111
f 4161/3796/4063 5306/3795/5205 3148/3797/3111 1024/1641/1016
f 951/3303/943 3001/669/2965 5307/3798/5206 3810/3799/3745
f 3001/669/2965 824/670/824 3222/615/3185 5307/3798/5206
f 5307/3798/5206 3222/615/3185 1061/3277/1053 3809/3800/3744
f 3810/3799/3745 5307/3798/5206 3809/3800/3744 1273/3801/1249
f 777/536/777 3000/3272/2964 5308/3802/5207 3135/1690/3099
f 3000/3272/2964 950/2238/942 3814/1704/3749 5308/3802/5207
f 5308/3802/5207 3814/1704/3749 1274/1612/1250 3811/2071/3746
f 3135/1690/3099 5308/3802/5207 3811/2071/3746 1018/1610/1010
f 1018/1610/1010 3811/2071/3746 5309/3803/5208 3136/1614/3100
f 3811/2071/3746 1274/1612/1250 3812/1616/3747 5309/3803/5208
f 5309/3803/5208 3812/1616/3747 1062/452/1054 3223/583/3186
f 3136/1614/3100 5309/3803/5208 3223/583/3186 819/470/819
f 1274/1612/1250 3813/3804/3748 5310/1617/5209 3812/1616/3747
f 3813/3804/3748 1021/3778/1013 3142/3805/3105 5310/1617/5209
f 5310/1617/5209 3142/3805/3105 822/3268/822 3224/597/3187
f 3812/1616/3747 5310/1617/5209 3224/597/3187 1062/452/1054
f 950/607/942 2999/609/2963 5311/3806/5210 3814/1704/3749
f 2999/609/2963 779/607/779 3141/1566/3104 5311/3806/5210
f 5311/3806/5210 3141/1566/3104 1021/3778/1013 3813/3804/3748
f 3814/1704/3749 5311/3806/5210 3813/3804/3748 1274/1612/1250
f 41/1874/41 1586/1624/1554 5312/3807/5211 3143/1873/3106
f 1586/1624/1554 261/1629/261 3818/3808/3753 5312/3807/5211
f 5312/3807/5211 3818/3808/3753 1275/1635/1251 3815/3809/3750
f 3143/1873/3106 5312/3807/5211 3815/3809/3750 1022/1870/1014
f 1022/1870/1014 3815/3809/3750 5313/3810/5212 3144/1869/3107
f 3815/3809/3750 1275/1635/1251 3816/3811/3751 5313/3810/5212
f 5313/3810/5212 3816/3811/3751 1063/3247/1055 3225/3245/3188
f 3144/1869/3107 5313/3810/5212 3225/3245/3188 823/26/823
f 1275/1635/1251 3817/3812/3752 5314/1636/5213 3816/3813/3751
f 3817/3812/3752 1024/1595/1016 3148/1638/3111 5314/1636/5213
f 5314/1636/5213 3148/1638/3111 825/627/825 3226/3259/3189
f 3816/3813/3751 5314/1636/5213 3226/3259/3189 1063/3258/1055
f 261/1629/261 1585/1640/1553 5315/3814/5214 3818/3808/3753
f 1585/1640/1553 45/1593/45 3147/3815/3110 5315/3814/5214
f 5315/3814/5214 3147/3815/3110 1024/1641/1016 3817/1637/3752
f 3818/3808/3753 5315/3814/5214 3817/1637/3752 1275/1635/1251
f 33/1642/33 1534/1645/1502 5316/3816/5215 3133/1643/3097
f 1534/1645/1502 235/1649/235 3822/1696/3757 5316/3816/5215
f 5316/3816/5215 3822/1696/3757 1276/1646/1252 3819/1699/3754
f 3133/1643/3097 5316/3816/5215 3819/1699/3754 1017/1646/1009
f 1017/1646/1009 3819/1699/3754 5317/3817/5216 3134/1650/3098
f 3819/1699/3754 1276/1646/1252 3820/1652/3755 5317/3817/5216
f 5317/3817/5216 3820/1652/3755 1064/289/1056 3227/3236/3190
f 3134/1650/3098 5317/3817/5216 3227/3236/3190 818/487/818
f 1276/1647/1252 3821/3818/3756 5318/3819/5217 3820/1652/3755
f 3821/3818/3756 1019/1667/1011 3138/1655/3102 5318/3819/5217
f 5318/3819/5217 3138/1655/3102 820/487/820 3228/552/3191
f 3820/1652/3755 5318/3819/5217 3228/552/3191 1064/289/1056
f 235/1649/235 1533/1694/1501 5319/1693/5218 3822/1696/3757
f 1533/1694/1501 37/1691/37 3137/1692/3101 5319/1693/5218
f 5319/1693/5218 3137/1692/3101 1019/1656/1011 3821/3818/3756
f 3822/1696/3757 5319/1693/5218 3821/3818/3756 1276/1646/1252
f 37/1691/37 1572/1740/1540 5320/1739/5219 3137/1692/3101
f 1572/1740/1540 254/1666/254 3826/3820/3761 5320/1739/5219
f 5320/1739/5219 3826/3820/3761 1277/1729/1253 3823/3821/3758
f 3137/1692/3101 5320/1739/5219 3823/3821/3758 1019/1656/1011
f 1019/1656/1011 3823/3821/3758 5321/3822/5220 3138/1655/3102
f 3823/3821/3758 1277/1729/1253 3824/3823/3759 5321/3822/5220
f 5321/3822/5220 3824/3823/3759 1065/275/1057 3229/3218/3192
f 3138/1655/3102 5321/3822/5220 3229/3218/3192 820/487/820
f 1277/1729/1253 3825/3824/3760 5322/3825/5221 3824/3823/3759
f 3825/3824/3760 1022/1870/1014 3144/1869/3107 5322/3825/5221
f 5322/3825/5221 3144/1869/3107 823/415/823 3230/3097/3193
f 3824/3823/3759 5322/3825/5221 3230/3097/3193 1065/275/1057
f 254/1666/254 1571/3826/1539 5323/3827/5222 3826/3820/3761
f 1571/3826/1539 41/1621/41 3143/1873/3106 5323/3827/5222
f 5323/3827/5222 3143/1873/3106 1022/1870/1014 3825/3824/3760
f 3826/3820/3761 5323/3827/5222 3825/3824/3760 1277/1729/1253
f 773/329/773 2975/344/2939 5324/1677/5223 3127/3828/3091
f 2975/344/2939 938/345/930 3830/3829/3765 5324/1677/5223
f 5324/1677/5223 3830/3829/3765 1278/1680/1254 3827/1679/3762
f 3127/3828/3091 5324/1677/5223 3827/1679/3762 1014/3830/1006
f 1014/3830/1006 3827/1679/3762 5325/1683/5224 3128/3831/3092
f 3827/1679/3762 1278/1680/1254 3828/1684/3763 5325/1683/5224
f 5325/1683/5224 3828/1684/3763 1066/493/1058 3231/3209/3194
f 3128/3831/3092 5325/1683/5224 3231/3209/3194 815/3183/815
f 1278/1680/1254 3829/3832/3764 5326/3833/5225 3828/1684/3763
f 3829/3832/3764 1016/1688/1008 3132/1687/3096 5326/3833/5225
f 5326/3833/5225 3132/1687/3096 817/449/817 3232/501/3195
f 3828/1684/3763 5326/3833/5225 3232/501/3195 1066/493/1058
f 938/345/930 2976/349/2940 5327/3834/5226 3830/3829/3765
f 2976/349/2940 775/350/775 3131/1690/3095 5327/3834/5226
f 5327/3834/5226 3131/1690/3095 1016/1688/1008 3829/3832/3764
f 3830/3829/3765 5327/3834/5226 3829/3832/3764 1278/1680/1254
f 29/1691/29 1546/1694/1514 5328/1657/5227 3129/3835/3093
f 1546/1694/1514 241/1649/241 3834/3836/3769 5328/1657/5227
f 5328/1657/5227 3834/3836/3769 1279/1646/1255 3831/3837/3766
f 3129/3835/3093 5328/1657/5227 3831/3837/3766 1015/1656/1007
f 1015/1656/1007 3831/3837/3766 5329/3838/5228 3130/1655/3094
f 3831/3837/3766 1279/1646/1255 3832/1652/3767 5329/3838/5228
f 5329/3838/5228 3832/1652/3767 1067/475/1059 3233/289/3196
f 3130/1655/3094 5329/3838/5228 3233/289/3196 816/289/816
f 1279/1647/1255 3833/1647/3768 5330/3839/5229 3832/1652/3767
f 3833/1647/3768 1017/1647/1009 3134/1650/3098 5330/3839/5229
f 5330/3839/5229 3134/1650/3098 818/289/818 3234/289/3197
f 3832/1652/3767 5330/3839/5229 3234/289/3197 1067/475/1059
f 241/1649/241 1545/1645/1513 5331/3840/5230 3834/3836/3769
f 1545/1645/1513 33/1642/33 3133/1643/3097 5331/3840/5230
f 5331/3840/5230 3133/1643/3097 1017/1646/1009 3833/1647/3768
f 3834/3836/3769 5331/3840/5230 3833/1647/3768 1279/1646/1255
f 775/350/775 2986/349/2950 5332/3841/5231 3131/1690/3095
f 2986/349/2950 943/349/935 3838/1704/3773 5332/3841/5231
f 5332/3841/5231 3838/1704/3773 1280/1612/1256 3835/1703/3770
f 3131/1690/3095 5332/3841/5231 3835/1703/3770 1016/1688/1008
f 1016/1688/1008 3835/1703/3770 5333/3842/5232 3132/1687/3096
f 3835/1703/3770 1280/1612/1256 3836/1616/3771 5333/3842/5232
f 5333/3842/5232 3836/1616/3771 1068/1706/1060 3235/452/3198
f 3132/1687/3096 5333/3842/5232 3235/452/3198 817/470/817
f 1280/1612/1256 3837/1708/3772 5334/1707/5233 3836/1616/3771
f 3837/1708/3772 1018/1610/1010 3136/1614/3100 5334/1707/5233
f 5334/1707/5233 3136/1614/3100 819/470/819 3236/468/3199
f 3836/1616/3771 5334/1707/5233 3236/468/3199 1068/452/1060
f 943/349/935 2985/609/2949 5335/3841/5234 3838/1704/3773
f 2985/609/2949 777/1607/777 3135/1690/3099 5335/3841/5234
f 5335/3841/5234 3135/1690/3099 1018/1610/1010 3837/1708/3772
f 3838/1704/3773 5335/3841/5234 3837/1708/3772 1280/1612/1256
f 771/322/771 2965/323/2929 5336/3843/5235 3123/1710/3087
f 2965/323/2929 933/3113/925 3842/3844/3777 5336/3843/5235
f 5336/3843/5235 3842/3844/3777 1281/3845/1257 3839/3846/3774
f 3123/1710/3087 5336/3843/5235 3839/3846/3774 1012/1712/1004
f 1012/1712/1004 3839/3846/3774 5337/3847/5236 3124/1716/3088
f 3839/3846/3774 1281/3845/1257 3840/3848/3775 5337/3847/5236
f 5337/3847/5236 3840/3848/3775 1069/431/1061 3237/3175/3200
f 3124/1716/3088 5337/3847/5236 3237/3175/3200 813/1718/813
f 1281/3845/1257 3841/3849/3776 5338/3850/5237 3840/3848/3775
f 3841/3849/3776 1014/3830/1006 3128/3831/3092 5338/3850/5237
f 5338/3850/5237 3128/3831/3092 815/3183/815 3238/3181/3201
f 3840/3848/3775 5338/3850/5237 3238/3181/3201 1069/431/1061
f 933/3113/925 2966/3115/2930 5339/3851/5238 3842/3844/3777
f 2966/3115/2930 773/329/773 3127/3828/3091 5339/3851/5238
f 5339/3851/5238 3127/3828/3091 1014/3830/1006 3841/3849/3776
f 3842/3844/3777 5339/3851/5238 3841/3849/3776 1281/3845/1257
f 25/3852/25 1462/3853/1430 5340/3854/5239 3125/3855/3089
f 1462/3853/1430 199/3856/199 3846/1665/3781 5340/3854/5239
f 5340/3854/5239 3846/1665/3781 1282/3857/1258 3843/3858/3778
f 3125/3855/3089 5340/3854/5239 3843/3858/3778 1013/3859/1005
f 1013/3859/1005 3843/3858/3778 5341/3860/5240 3126/3861/3090
f 3843/3858/3778 1282/3857/1258 3844/3862/3779 5341/3860/5240
f 5341/3860/5240 3844/3862/3779 1070/366/1062 3239/3166/3202
f 3126/3861/3090 5341/3860/5240 3239/3166/3202 814/26/814
f 1282/3863/1258 3845/1663/3780 5342/3864/5241 3844/3862/3779
f 3845/1663/3780 1015/1667/1007 3130/1655/3094 5342/3864/5241
f 5342/3864/5241 3130/1655/3094 816/289/816 3240/287/3203
f 3844/3862/3779 5342/3864/5241 3240/287/3203 1070/1762/1062
f 199/3856/199 1461/1662/1429 5343/1661/5242 3846/1665/3781
f 1461/1662/1429 29/1691/29 3129/3835/3093 5343/1661/5242
f 5343/1661/5242 3129/3835/3093 1015/1656/1007 3845/1663/3780
f 3846/1665/3781 5343/1661/5242 3845/1663/3780 1282/3857/1258
f 769/19/769 2958/3162/2922 5344/3865/5243 3119/1613/3083
f 2958/3162/2922 929/3161/921 3850/3866/3785 5344/3865/5243
f 5344/3865/5243 3850/3866/3785 1283/1744/1259 3847/3867/3782
f 3119/1613/3083 5344/3865/5243 3847/3867/3782 1010/1742/1002
f 1010/1742/1002 3847/3867/3782 5345/3868/5244 3120/1687/3084
f 3847/3867/3782 1283/1744/1259 3848/3869/3783 5345/3868/5244
f 5345/3868/5244 3848/3869/3783 1071/396/1063 3241/381/3204
f 3120/1687/3084 5345/3868/5244 3241/381/3204 811/310/811
f 1283/1744/1259 3849/3870/3784 5346/3871/5245 3848/3869/3783
f 3849/3870/3784 1012/1712/1004 3124/1716/3088 5346/3871/5245
f 5346/3871/5245 3124/1716/3088 813/1718/813 3242/3152/3205
f 3848/3869/3783 5346/3871/5245 3242/3152/3205 1071/396/1063
f 929/3161/921 2957/413/2921 5347/3872/5246 3850/3866/3785
f 2957/413/2921 771/322/771 3123/1710/3087 5347/3872/5246
f 5347/3872/5246 3123/1710/3087 1012/1712/1004 3849/3870/3784
f 3850/3866/3785 5347/3872/5246 3849/3870/3784 1283/1744/1259
f 21/1751/21 1516/1754/1484 5348/3873/5247 3121/1752/3085
f 1516/1754/1484 226/1766/226 3854/3874/3789 5348/3873/5247
f 5348/3873/5247 3854/3874/3789 1284/3875/1260 3851/3876/3786
f 3121/1752/3085 5348/3873/5247 3851/3876/3786 1011/1755/1003
f 1011/1755/1003 3851/3876/3786 5349/3877/5248 3122/1760/3086
f 3851/3876/3786 1284/3875/1260 3852/3878/3787 5349/3877/5248
f 5349/3877/5248 3852/3878/3787 1072/366/1064 3243/362/3206
f 3122/1760/3086 5349/3877/5248 3243/362/3206 812/360/812
f 1284/3875/1260 3853/3879/3788 5350/3880/5249 3852/3878/3787
f 3853/3879/3788 1013/3859/1005 3126/3861/3090 5350/3880/5249
f 5350/3880/5249 3126/3861/3090 814/26/814 3244/417/3207
f 3852/3878/3787 5350/3880/5249 3244/417/3207 1072/366/1064
f 226/1766/226 1515/3881/1483 5351/3882/5250 3854/3874/3789
f 1515/3881/1483 25/3852/25 3125/3855/3089 5351/3882/5250
f 5351/3882/5250 3125/3855/3089 1013/3859/1005 3853/3879/3788
f 3854/3874/3789 5351/3882/5250 3853/3879/3788 1284/3875/1260
f 21/269/21 3121/269/3085 5352/269/5251 1496/269/1464
f 3121/269/3085 1011/269/1003 3858/269/3793 5352/269/5251
f 5352/269/5251 3858/269/3793 1285/269/1261 3855/269/3790
f 1496/269/1464 5352/269/5251 3855/269/3790 216/269/216
f 216/269/216 3855/269/3790 5353/269/5252 1495/269/1463
f 3855/269/3790 1285/269/1261 3856/269/3791 5353/269/5252
f 5353/269/5252 3856/269/3791 1009/269/1001 3117/269/3081
f 1495/269/1463 5353/269/5252 3117/269/3081 17/269/17
f 1285/269/1261 3857/269/3792 5354/269/5253 3856/269/3791
f 3857/269/3792 1073/269/1065 3245/269/3208 5354/269/5253
f 5354/269/5253 3245/269/3208 810/269/810 3118/269/3082
f 3856/269/3791 5354/269/5253 3118/269/3082 1009/269/1001
f 1011/269/1003 3122/269/3086 5355/269/5254 3858/269/3793
f 3122/269/3086 812/269/812 3246/269/3209 5355/269/5254
f 5355/269/5254 3246/269/3209 1073/269/1065 3857/269/3792
f 3858/269/3793 5355/269/5254 3857/269/3792 1285/269/1261
f 18/269/18 2930/269/2894 5356/269/5255 1477/269/1445
f 2930/269/2894 915/269/907 3862/269/3797 5356/269/5255
f 5356/269/5255 3862/269/3797 1286/269/1262 3859/269/3794
f 1477/269/1445 5356/269/5255 3859/269/3794 207/269/207
f 207/269/207 3859/269/3794 5357/269/5256 1478/269/1446
f 3859/269/3794 1286/269/1262 3860/269/3795 5357/269/5256
f 5357/269/5256 3860/269/3795 922/269/914 2944/269/2908
f 1478/269/1446 5357/269/5256 2944/269/2908 22/269/22
f 1286/269/1262 3861/269/3796 5358/269/5257 3860/269/3795
f 3861/269/3796 1074/269/1066 3247/269/3210 5358/269/5257
f 5358/269/5257 3247/269/3210 811/269/811 2943/269/2907
f 3860/269/3795 5358/269/5257 2943/269/2907 922/269/914
f 915/269/907 2929/269/2893 5359/269/5258 3862/269/3797
f 2929/269/2893 809/269/809 3248/269/3211 5359/269/5258
f 5359/269/5258 3248/269/3211 1074/269/1066 3861/269/3796
f 3862/269/3797 5359/269/5258 3861/269/3796 1286/269/1262
f 765/12/765 2935/13/2899 5360/3883/5259 3111/1770/3075
f 2935/13/2899 918/14/910 3866/1775/3801 5360/3883/5259
f 5360/3883/5259 3866/1775/3801 1287/1774/1263 3863/1773/3798
f 3111/1770/3075 5360/3883/5259 3863/1773/3798 1006/3884/998
f 1006/3884/998 3863/1773/3798 5361/1777/5260 3112/1776/3076
f 3863/1773/3798 1287/1774/1263 3864/1779/3799 5361/1777/5260
f 5361/1777/5260 3864/1779/3799 1075/295/1067 3249/291/3212
f 3112/1776/3076 5361/1777/5260 3249/291/3212 807/1778/807
f 1287/1774/1263 3865/1781/3800 5362/1780/5261 3864/1779/3799
f 3865/1781/3800 1008/1742/1000 3116/1687/3080 5362/1780/5261
f 5362/1780/5261 3116/1687/3080 809/310/809 3250/308/3213
f 3864/1779/3799 5362/1780/5261 3250/308/3213 1075/295/1067
f 918/14/910 2936/2973/2900 5363/3885/5262 3866/1775/3801
f 2936/2973/2900 767/19/767 3115/1613/3079 5363/3885/5262
f 5363/3885/5262 3115/1613/3079 1008/1742/1000 3865/1781/3800
f 3866/1775/3801 5363/3885/5262 3865/1781/3800 1287/1774/1263
f 13/1783/13 1490/1786/1458 5364/3886/5263 3113/1873/3077
f 1490/1786/1458 213/1791/213 3870/3887/3805 5364/3886/5263
f 5364/3886/5263 3870/3887/3805 1288/3888/1264 3867/3889/3802
f 3113/1873/3077 5364/3886/5263 3867/3889/3802 1007/1870/999
f 1007/1870/999 3867/3889/3802 5365/3890/5264 3114/1869/3078
f 3867/3889/3802 1288/3888/1264 3868/1763/3803 5365/3890/5264
f 5365/3890/5264 3868/1763/3803 1076/285/1068 3251/3097/3214
f 3114/1869/3078 5365/3890/5264 3251/3097/3214 808/415/808
f 1288/3888/1264 3869/3891/3804 5366/3892/5265 3868/1763/3803
f 3869/3891/3804 1009/1798/1001 3118/1797/3082 5366/3892/5265
f 5366/3892/5265 3118/1797/3082 810/289/810 3252/287/3215
f 3868/1763/3803 5366/3892/5265 3252/287/3215 1076/285/1068
f 213/3893/213 1489/1800/1457 5367/3894/5266 3870/3887/3805
f 1489/1800/1457 17/1751/17 3117/1801/3081 5367/3894/5266
f 5367/3894/5266 3117/1801/3081 1009/1798/1001 3869/3891/3804
f 3870/3887/3805 5367/3894/5266 3869/3891/3804 1288/3888/1264
f 9/1543/9 1600/1804/1568 5368/3895/4558 3099/1896/3063
f 1600/1804/1568 268/1809/268 3874/3896/268 5368/3895/4558
f 5368/3895/4558 3874/3896/268 1289/3897/1265 3871/3898/3806
f 3099/1896/3063 5368/3895/4558 3871/3898/3806 1000/3899/992
f 1000/3900/992 3871/3898/3806 5369/3901/5267 3100/1911/3064
f 3871/3898/3806 1289/3902/1265 3872/3903/3807 5369/3901/5267
f 5369/3901/5267 3872/3903/3807 1077/237/1069 3253/3078/3216
f 3100/1911/3064 5369/3901/5267 3253/3078/3216 801/3077/801
f 1289/3897/1265 3873/3904/3808 5370/3905/5268 3872/3906/3807
f 3873/3904/3808 1020/1549/1012 3140/3760/3103 5370/3905/5268
f 5370/3905/5268 3140/3760/3103 821/3090/821 3254/3088/3217
f 3872/3906/3807 5370/3905/5268 3254/3088/3217 1077/3087/1069
f 268/1809/268 1599/1819/1567 5371/3907/1567 3874/3896/268
f 1599/1819/1567 49/1458/49 3139/1544/49 5371/3907/1567
f 5371/3907/1567 3139/1544/49 1020/1549/1012 3873/3904/3808
f 3874/3896/268 5371/3907/1567 3873/3904/3808 1289/3897/1265
f 805/2988/805 3101/1821/3065 5372/1820/5269 3263/53/3226
f 3101/1821/3065 1001/1842/993 3878/3908/3812 5372/1820/5269
f 5372/1820/5269 3878/3908/3812 1290/1823/1266 3875/3909/3809
f 3263/53/3226 5372/1820/5269 3875/3909/3809 1082/2991/1074
f 1082/2991/1074 3875/3909/3809 5373/3910/5270 3264/2998/3227
f 3875/3909/3809 1290/1823/1266 3876/1832/3810 5373/3910/5270
f 5373/3910/5270 3876/1832/3810 1092/3911/1084 3283/3912/3246
f 3264/2998/3227 5373/3910/5270 3283/3912/3246 802/3000/802
f 1290/1823/1266 3877/3913/3811 5374/3914/5271 3876/1832/3810
f 3877/3913/3811 1090/3915/1082 3280/3916/3243 5374/3914/5271
f 5374/3914/5271 3280/3916/3243 846/1839/846 3284/3917/3247
f 3876/1832/3810 5374/3914/5271 3284/3917/3247 1092/3911/1084
f 1001/3918/993 3102/1845/3066 5375/3919/5272 3878/3920/3812
f 3102/1845/3066 847/3921/847 3279/1848/3242 5375/3919/5272
f 5375/3919/5272 3279/1848/3242 1090/1841/1082 3877/3913/3811
f 3878/3920/3812 5375/3919/5272 3877/3913/3811 1290/1833/1266
f 12/1593/12 1432/1852/1400 5376/3922/5273 3103/1850/3067
f 1432/1852/1400 184/1857/184 3882/3923/3816 5376/3922/5273
f 5376/3922/5273 3882/3923/3816 1291/1865/1267 3879/3924/3813
f 3103/1850/3067 5376/3922/5273 3879/3924/3813 1002/1882/994
f 1002/3925/994 3879/3926/3813 5377/3927/5274 3104/3928/3068
f 3879/3926/3813 1291/3929/1267 3880/1866/3814 5377/3927/5274
f 5377/3927/5274 3880/1866/3814 1079/3930/1071 3257/3931/3220
f 3104/3928/3068 5377/3927/5274 3257/3931/3220 803/136/803
f 1291/1865/1267 3881/1868/3815 5378/3932/5275 3880/3933/3814
f 3881/1868/3815 1005/1870/997 3110/1869/3074 5378/3932/5275
f 5378/3932/5275 3110/1869/3074 806/26/806 3258/3048/3221
f 3880/3933/3814 5378/3932/5275 3258/3048/3221 1079/3041/1071
f 184/1857/184 1431/1872/1399 5379/3934/5276 3882/3923/3816
f 1431/1872/1399 8/1874/8 3109/1873/3073 5379/3934/5276
f 5379/3934/5276 3109/1873/3073 1005/1870/997 3881/1868/3815
f 3882/3923/3816 5379/3934/5276 3881/1868/3815 1291/1865/1267
f 12/1593/12 3103/1877/3067 5380/1876/5277 1458/1875/1426
f 3103/1877/3067 1002/1853/994 3886/1881/3820 5380/1876/5277
f 5380/1876/5277 3886/1881/3820 1292/3935/1268 3883/3936/3817
f 1458/1875/1426 5380/1876/5277 3883/3936/3817 197/1878/197
f 197/1878/197 3883/3936/3817 5381/1884/5278 1457/1883/1425
f 3883/3936/3817 1292/3935/1268 3884/3937/3818 5381/1884/5278
f 5381/1884/5278 3884/3937/3818 907/717/899 2914/722/2878
f 1457/1883/1425 5381/1884/5278 2914/722/2878 10/724/10
f 1292/3935/1268 3885/1887/3819 5382/3938/5279 3884/3937/3818
f 3885/1887/3819 1080/3031/1072 3259/3033/3222 5382/3938/5279
f 5382/3938/5279 3259/3033/3222 804/149/804 2913/1888/2877
f 3884/3937/3818 5382/3938/5279 2913/1888/2877 907/717/899
f 1002/1882/994 3104/3939/3068 5383/3940/5280 3886/1889/3820
f 3104/3939/3068 803/136/803 3260/3027/3223 5383/3940/5280
f 5383/3940/5280 3260/3027/3223 1080/145/1072 3885/3941/3819
f 3886/1889/3820 5383/3940/5280 3885/3941/3819 1292/3942/1268
f 9/1543/9 3099/1896/3063 5384/3943/5281 1460/1894/1428
f 3099/1896/3063 1000/3900/992 3890/1900/3824 5384/3943/5281
f 5384/3943/5281 3890/1900/3824 1293/3944/1269 3887/1898/3821
f 1460/1894/1428 5384/3943/5281 3887/1898/3821 198/1897/198
f 198/1897/198 3887/1898/3821 5385/3945/5282 1459/1901/1427
f 3887/1898/3821 1293/3944/1269 3888/3946/3822 5385/3945/5282
f 5385/3945/5282 3888/3946/3822 908/54/900 2916/3947/2880
f 1459/1901/1427 5385/3945/5282 2916/3947/2880 11/61/11
f 1293/3944/1269 3889/3948/3823 5386/1906/5283 3888/3946/3822
f 3889/3948/3823 1081/3016/1073 3261/3019/3224 5386/1906/5283
f 5386/1906/5283 3261/3019/3224 805/2988/805 2915/1908/2879
f 3888/3946/3822 5386/1906/5283 2915/1908/2879 908/54/900
f 1000/1805/992 3100/3949/3064 5387/3950/5284 3890/3951/3824
f 3100/3949/3064 801/109/801 3262/3012/3225 5387/3950/5284
f 5387/3950/5284 3262/3012/3225 1081/3015/1073 3889/1907/3823
f 3890/3951/3824 5387/3950/5284 3889/1907/3823 1293/3952/1269
f 762/19/762 3282/3953/3245 5388/3954/5285 3107/1914/3071
f 3282/3953/3245 1091/1921/1083 3894/3955/3828 5388/3954/5285
f 5388/3954/5285 3894/3955/3828 1294/3956/1270 3891/3957/3825
f 3107/1914/3071 5388/3954/5285 3891/3957/3825 1004/3958/996
f 1004/3958/996 3891/3957/3825 5389/3959/5286 3108/3960/3072
f 3891/3957/3825 1294/3956/1270 3892/1924/3826 5389/3959/5286
f 5389/3959/5286 3892/1924/3826 1001/1842/993 3101/1821/3065
f 3108/3960/3072 5389/3959/5286 3101/1821/3065 805/2988/805
f 1294/3961/1270 3893/3962/3827 5390/1927/5287 3892/1926/3826
f 3893/3962/3827 1087/1930/1079 3274/3963/3237 5390/1927/5287
f 5390/1927/5287 3274/3963/3237 847/3921/847 3102/1845/3066
f 3892/1926/3826 5390/1927/5287 3102/1845/3066 1001/3918/993
f 1091/1921/1083 3281/1932/3244 5391/3964/5288 3894/3955/3828
f 3281/1932/3244 844/1936/844 3273/3965/3236 5391/3964/5288
f 5391/3964/5288 3273/3965/3236 1087/3966/1079 3893/1933/3827
f 3894/3955/3828 5391/3964/5288 3893/1933/3827 1294/3956/1270
f 8/1874/8 1476/1938/1444 5392/3967/5289 3109/1873/3073
f 1476/1938/1444 206/1938/206 3898/1941/3832 5392/3967/5289
f 5392/3967/5289 3898/1941/3832 1295/1940/1271 3895/1939/3829
f 3109/1873/3073 5392/3967/5289 3895/1939/3829 1005/1870/997
f 1005/1870/997 3895/1939/3829 5393/1942/5290 3110/1869/3074
f 3895/1939/3829 1295/1940/1271 3896/1943/3830 5393/1942/5290
f 5393/1942/5290 3896/1943/3830 1083/26/1075 3265/29/3228
f 3110/1869/3074 5393/1942/5290 3265/29/3228 806/26/806
f 1295/1940/1271 3897/1939/3831 5394/1942/5291 3896/1943/3830
f 3897/1939/3831 1007/1870/999 3114/1869/3078 5394/1942/5291
f 5394/1942/5291 3114/1869/3078 808/26/808 3266/2985/3229
f 3896/1943/3830 5394/1942/5291 3266/2985/3229 1083/26/1075
f 206/1938/206 1475/1938/1443 5395/3967/5292 3898/1941/3832
f 1475/1938/1443 13/3968/13 3113/1873/3077 5395/3967/5292
f 5395/3967/5292 3113/1873/3077 1007/1870/999 3897/1939/3831
f 3898/1941/3832 5395/3967/5292 3897/1939/3831 1295/1940/1271
f 848/1947/848 3310/3969/3273 5396/3970/5293 3276/3971/3239
f 3310/3969/3273 1105/1955/1097 3902/1954/3836 5396/3970/5293
f 5396/3970/5293 3902/1954/3836 1296/1953/1272 3899/1952/3833
f 3276/3971/3239 5396/3970/5293 3899/1952/3833 1088/3972/1080
f 1088/3972/1080 3899/1952/3833 5397/3973/5294 3275/3974/3238
f 3899/1952/3833 1296/1953/1272 3900/1961/3834 5397/3973/5294
f 5397/3973/5294 3900/1961/3834 1104/1960/1096 3307/3975/3270
f 3275/3974/3238 5397/3973/5294 3307/3975/3270 845/3976/845
f 1296/1953/1272 3901/2075/3835 5398/3977/5295 3900/1961/3834
f 3901/2075/3835 1100/2071/1092 3299/3978/3262 5398/3977/5295
f 5398/3977/5295 3299/3978/3262 851/3979/851 3308/3980/3271
f 3900/1961/3834 5398/3977/5295 3308/3980/3271 1104/1960/1096
f 1105/1955/1097 3309/3981/3272 5399/3982/5296 3902/1954/3836
f 3309/3981/3272 854/1947/854 3300/3983/3263 5399/3982/5296
f 5399/3982/5296 3300/3983/3263 1100/2071/1092 3901/2075/3835
f 3902/1954/3836 5399/3982/5296 3901/2075/3835 1296/1953/1272
f 847/3921/847 3306/3984/3269 5400/3985/5297 3279/1971/3242
f 3306/3984/3269 1103/1955/1095 3906/1976/3840 5400/3985/5297
f 5400/3985/5297 3906/1976/3840 1297/1975/1273 3903/3986/3837
f 3279/1971/3242 5400/3985/5297 3903/3986/3837 1090/3915/1082
f 1090/3915/1082 3903/3986/3837 5401/1977/5298 3280/3916/3243
f 3903/3986/3837 1297/1975/1273 3904/1980/3838 5401/1977/5298
f 5401/1977/5298 3904/1980/3838 1086/1979/1078 3271/3987/3234
f 3280/3916/3243 5401/1977/5298 3271/3987/3234 846/1839/846
f 1297/1975/1273 3905/1982/3839 5402/3988/5299 3904/1980/3838
f 3905/1982/3839 1102/3989/1094 3304/1984/3267 5402/3988/5299
f 5402/3988/5299 3304/1984/3267 852/1839/852 3272/1983/3235
f 3904/1980/3838 5402/3988/5299 3272/1983/3235 1086/1979/1078
f 1103/1955/1095 3305/3990/3268 5403/3991/5300 3906/1976/3840
f 3305/3990/3268 853/3992/853 3303/3993/3266 5403/3991/5300
f 5403/3991/5300 3303/3993/3266 1102/3989/1094 3905/1982/3839
f 3906/1976/3840 5403/3991/5300 3905/1982/3839 1297/1975/1273
f 802/3000/802 3283/3912/3246 5404/3994/5301 3255/3062/3218
f 3283/3912/3246 1092/3911/1084 3910/3995/3844 5404/3994/5301
f 5404/3994/5301 3910/3995/3844 1298/1994/1274 3907/1993/3841
f 3255/3062/3218 5404/3994/5301 3907/1993/3841 1078/1996/1070
f 1078/1996/1070 3907/1993/3841 5405/1997/5302 3256/226/3219
f 3907/1993/3841 1298/2001/1274 3908/2000/3842 5405/1997/5302
f 5405/1997/5302 3908/2000/3842 1093/1999/1085 3285/1998/3248
f 3256/226/3219 5405/1997/5302 3285/1998/3248 807/228/807
f 1298/1994/1274 3909/3996/3843 5406/3997/5303 3908/2000/3842
f 3909/3996/3843 1089/2007/1081 3278/2006/3241 5406/3997/5303
f 5406/3997/5303 3278/2006/3241 848/2005/848 3286/2004/3249
f 3908/2000/3842 5406/3997/5303 3286/2004/3249 1093/1999/1085
f 1092/3911/1084 3284/3917/3247 5407/3998/5304 3910/3995/3844
f 3284/3917/3247 846/1839/846 3277/2009/3240 5407/3998/5304
f 5407/3998/5304 3277/2009/3240 1089/2007/1081 3909/3996/3843
f 3910/3995/3844 5407/3998/5304 3909/3996/3843 1298/1994/1274
f 761/19/761 3288/2012/3251 5408/3999/5305 2911/2010/2875
f 3288/2012/3251 1094/2017/1086 3914/4000/3848 5408/3999/5305
f 5408/3999/5305 3914/4000/3848 1299/2015/1275 3911/2014/3845
f 2911/2010/2875 5408/3999/5305 3911/2014/3845 906/2013/898
f 906/196/898 3911/2014/3845 5409/4001/5306 2912/4002/2876
f 3911/2014/3845 1299/2021/1275 3912/2020/3846 5409/4001/5306
f 5409/4001/5306 3912/2020/3846 1091/1921/1083 3282/3953/3245
f 2912/4002/2876 5409/4001/5306 3282/3953/3245 762/19/762
f 1299/2015/1275 3913/4003/3847 5410/4004/5307 3912/2020/3846
f 3913/4003/3847 1084/2027/1076 3268/2026/3231 5410/4004/5307
f 5410/4004/5307 3268/2026/3231 844/2025/844 3281/1932/3244
f 3912/2020/3846 5410/4004/5307 3281/1932/3244 1091/2024/1083
f 1094/2017/1086 3287/2029/3250 5411/4005/5308 3914/4000/3848
f 3287/2029/3250 843/2031/843 3267/2030/3230 5411/4005/5308
f 5411/4005/5308 3267/2030/3230 1084/2027/1076 3913/4003/3847
f 3914/4000/3848 5411/4005/5308 3913/4003/3847 1299/2015/1275
f 765/12/765 3290/2034/3253 5412/4006/5309 2925/4007/2889
f 3290/2034/3253 1095/1921/1087 3918/4008/3852 5412/4006/5309
f 5412/4006/5309 3918/4008/3852 1300/2036/1276 3915/4009/3849
f 2925/4007/2889 5412/4006/5309 3915/4009/3849 913/261/905
f 913/261/905 3915/4009/3849 5413/2039/5310 2926/2038/2890
f 3915/4009/3849 1300/2036/1276 3916/2040/3850 5413/2039/5310
f 5413/2039/5310 3916/2040/3850 1094/2017/1086 3288/2012/3251
f 2926/2038/2890 5413/2039/5310 3288/2012/3251 761/19/761
f 1300/4010/1276 3917/4011/3851 5414/4012/5311 3916/2040/3850
f 3917/4011/3851 1085/4013/1077 3270/2044/3233 5414/4012/5311
f 5414/4012/5311 3270/2044/3233 843/2031/843 3287/2029/3250
f 3916/2040/3850 5414/4012/5311 3287/2029/3250 1094/2043/1086
f 1095/1921/1087 3289/4014/3252 5415/4015/5312 3918/4008/3852
f 3289/4014/3252 845/3976/845 3269/4016/3232 5415/4015/5312
f 5415/4015/5312 3269/4016/3232 1085/2027/1077 3917/4011/3851
f 3918/4008/3852 5415/4015/5312 3917/4011/3851 1300/2036/1276
f 807/1778/807 3285/1998/3248 5416/4017/5313 3112/4018/3076
f 3285/1998/3248 1093/1999/1085 3922/2052/3856 5416/4017/5313
f 5416/4017/5313 3922/2052/3856 1301/2051/1277 3919/2050/3853
f 3112/4018/3076 5416/4017/5313 3919/2050/3853 1006/4019/998
f 1006/4019/998 3919/2050/3853 5417/2054/5314 3111/4020/3075
f 3919/2050/3853 1301/2051/1277 3920/2055/3854 5417/2054/5314
f 5417/2054/5314 3920/2055/3854 1095/2024/1087 3290/2034/3253
f 3111/4020/3075 5417/2054/5314 3290/2034/3253 765/12/765
f 1301/2051/1277 3921/4021/3855 5418/4022/5315 3920/2055/3854
f 3921/4021/3855 1088/3972/1080 3275/3974/3238 5418/4022/5315
f 5418/4022/5315 3275/3974/3238 845/3976/845 3289/4014/3252
f 3920/2055/3854 5418/4022/5315 3289/4014/3252 1095/1921/1087
f 1093/1999/1085 3286/2004/3249 5419/2058/5316 3922/2052/3856
f 3286/2004/3249 848/1947/848 3276/3971/3239 5419/2058/5316
f 5419/2058/5316 3276/3971/3239 1088/3972/1080 3921/4021/3855
f 3922/2052/3856 5419/2058/5316 3921/4021/3855 1301/2051/1277
f 850/4023/850 3334/4024/3297 5420/4025/5317 3297/4026/3260
f 3334/4024/3297 1117/2063/1109 3926/4027/3860 5420/4025/5317
f 5420/4025/5317 3926/4027/3860 1302/2071/1278 3923/4028/3857
f 3297/4026/3260 5420/4025/5317 3923/4028/3857 1099/1612/1091
f 1099/1612/1091 3923/4028/3857 5421/4029/5318 3298/4030/3261
f 3923/4028/3857 1302/2071/1278 3924/4031/3858 5421/4029/5318
f 5421/4029/5318 3924/4031/3858 1116/2068/1108 3331/4032/3294
f 3298/4030/3261 5421/4029/5318 3331/4032/3294 853/3992/853
f 1302/2071/1278 3925/2071/3859 5422/4033/5319 3924/4031/3858
f 3925/2071/3859 1111/2075/1103 3322/2074/3285 5422/4033/5319
f 5422/4033/5319 3322/2074/3285 859/2073/859 3332/4034/3295
f 3924/4031/3858 5422/4033/5319 3332/4034/3295 1116/2068/1108
f 1117/2063/1109 3333/4035/3296 5423/4036/5320 3926/4027/3860
f 3333/4035/3296 856/2079/856 3321/4037/3284 5423/4036/5320
f 5423/4036/5320 3321/4037/3284 1111/2075/1103 3925/2071/3859
f 3926/4027/3860 5423/4036/5320 3925/2071/3859 1302/2071/1278
f 852/1839/852 3330/4038/3293 5424/4039/5321 3301/2009/3264
f 3330/4038/3293 1115/2086/1107 3930/4040/3864 5424/4039/5321
f 5424/4039/5321 3930/4040/3864 1303/4041/1279 3927/4042/3861
f 3301/2009/3264 5424/4039/5321 3927/4042/3861 1101/2007/1093
f 1101/2007/1093 3927/4042/3861 5425/4043/5322 3302/2006/3265
f 3927/4042/3861 1303/4041/1279 3928/4044/3862 5425/4043/5322
f 5425/4043/5322 3928/4044/3862 1098/1947/1090 3295/2066/3258
f 3302/2006/3265 5425/4043/5322 3295/2066/3258 854/2005/854
f 1303/4041/1279 3929/4045/3863 5426/4046/5323 3928/4044/3862
f 3929/4045/3863 1113/2097/1105 3326/4047/3289 5426/4046/5323
f 5426/4046/5323 3326/4047/3289 860/2005/860 3296/2066/3259
f 3928/4044/3862 5426/4046/5323 3296/2066/3259 1098/1947/1090
f 1115/2086/1107 3329/2099/3292 5427/4048/5324 3930/4040/3864
f 3329/2099/3292 858/2101/858 3325/4049/3288 5427/4048/5324
f 5427/4048/5324 3325/4049/3288 1113/2097/1105 3929/4045/3863
f 3930/4040/3864 5427/4048/5324 3929/4045/3863 1303/4041/1279
f 843/2031/843 3314/2238/3277 5428/4050/5325 3267/2030/3230
f 3314/2238/3277 1107/609/1099 3934/2105/3868 5428/4050/5325
f 5428/4050/5325 3934/2105/3868 1304/2104/1280 3931/4051/3865
f 3267/2030/3230 5428/4050/5325 3931/4051/3865 1084/2027/1076
f 1084/2027/1076 3931/4051/3865 5429/4052/5326 3268/2026/3231
f 3931/4051/3865 1304/2104/1280 3932/2109/3866 5429/4052/5326
f 5429/4052/5326 3932/2109/3866 1106/2108/1098 3311/4053/3274
f 3268/2026/3231 5429/4052/5326 3311/4053/3274 844/1936/844
f 1304/2104/1280 3933/4054/3867 5430/4055/5327 3932/2109/3866
f 3933/4054/3867 1096/4056/1088 3292/4057/3255 5430/4055/5327
f 5430/4055/5327 3292/4057/3255 850/4023/850 3312/4058/3275
f 3932/2109/3866 5430/4055/5327 3312/4058/3275 1106/2108/1098
f 1107/609/1099 3313/343/3276 5431/4059/5328 3934/2105/3868
f 3313/343/3276 849/12/849 3291/4060/3254 5431/4059/5328
f 5431/4059/5328 3291/4060/3254 1096/4056/1088 3933/4054/3867
f 3934/2105/3868 5431/4059/5328 3933/4054/3867 1304/2104/1280
f 846/2117/846 3271/3987/3234 5432/4061/5329 3277/2009/3240
f 3271/3987/3234 1086/1979/1078 3938/1980/3872 5432/4061/5329
f 5432/4061/5329 3938/1980/3872 1305/1975/1281 3935/4062/3869
f 3277/2009/3240 5432/4061/5329 3935/4062/3869 1089/2007/1081
f 1089/2007/1081 3935/4062/3869 5433/4063/5330 3278/2006/3241
f 3935/4062/3869 1305/1975/1281 3936/2121/3870 5433/4063/5330
f 5433/4063/5330 3936/2121/3870 1105/1955/1097 3310/3969/3273
f 3278/2006/3241 5433/4063/5330 3310/3969/3273 848/1947/848
f 1305/1975/1281 3937/4064/3871 5434/4065/5331 3936/2121/3870
f 3937/4064/3871 1101/2007/1093 3302/2006/3265 5434/4065/5331
f 5434/4065/5331 3302/2006/3265 854/1947/854 3309/3981/3272
f 3936/2121/3870 5434/4065/5331 3309/3981/3272 1105/1955/1097
f 1086/1979/1078 3272/1983/3235 5435/4066/5332 3938/1980/3872
f 3272/1983/3235 852/2117/852 3301/2009/3264 5435/4066/5332
f 5435/4066/5332 3301/2009/3264 1101/2007/1093 3937/4064/3871
f 3938/1980/3872 5435/4066/5332 3937/4064/3871 1305/1975/1281
f 844/1936/844 3311/4053/3274 5436/4067/5333 3273/3965/3236
f 3311/4053/3274 1106/2108/1098 3942/4068/3876 5436/4067/5333
f 5436/4067/5333 3942/4068/3876 1306/2127/1282 3939/2126/3873
f 3273/3965/3236 5436/4067/5333 3939/2126/3873 1087/3966/1079
f 1087/3966/1079 3939/2126/3873 5437/4069/5334 3274/2129/3237
f 3939/2126/3873 1306/2127/1282 3940/2131/3874 5437/4069/5334
f 5437/4069/5334 3940/2131/3874 1103/1955/1095 3306/3984/3269
f 3274/2129/3237 5437/4069/5334 3306/3984/3269 847/3921/847
f 1306/2127/1282 3941/2177/3875 5438/4070/5335 3940/2131/3874
f 3941/2177/3875 1099/1612/1091 3298/4030/3261 5438/4070/5335
f 5438/4070/5335 3298/4030/3261 853/3992/853 3305/3990/3268
f 3940/2131/3874 5438/4070/5335 3305/3990/3268 1103/1955/1095
f 1106/2108/1098 3312/4058/3275 5439/4071/5336 3942/4068/3876
f 3312/4058/3275 850/4023/850 3297/4026/3260 5439/4071/5336
f 5439/4071/5336 3297/4026/3260 1099/1612/1091 3941/2177/3875
f 3942/4068/3876 5439/4071/5336 3941/2177/3875 1306/2127/1282
f 845/3976/845 3307/3975/3270 5440/4072/5337 3269/4016/3232
f 3307/3975/3270 1104/1960/1096 3946/2137/3880 5440/4072/5337
f 5440/4072/5337 3946/2137/3880 1307/2136/1283 3943/4073/3877
f 3269/4016/3232 5440/4072/5337 3943/4073/3877 1085/2027/1077
f 1085/2027/1077 3943/4073/3877 5441/4050/5338 3270/2044/3233
f 3943/4073/3877 1307/2136/1283 3944/2139/3878 5441/4050/5338
f 5441/4050/5338 3944/2139/3878 1107/609/1099 3314/2238/3277
f 3270/2044/3233 5441/4050/5338 3314/2238/3277 843/2031/843
f 1307/2136/1283 3945/4074/3879 5442/4075/5339 3944/2139/3878
f 3945/4074/3879 1097/4076/1089 3294/4077/3257 5442/4075/5339
f 5442/4075/5339 3294/4077/3257 849/12/849 3313/343/3276
f 3944/2139/3878 5442/4075/5339 3313/343/3276 1107/609/1099
f 1104/1960/1096 3308/3980/3271 5443/4078/5340 3946/2137/3880
f 3308/3980/3271 851/3979/851 3293/4079/3256 5443/4078/5340
f 5443/4078/5340 3293/4079/3256 1097/4076/1089 3945/4074/3879
f 3946/2137/3880 5443/4078/5340 3945/4074/3879 1307/2136/1283
f 860/2005/860 3350/4080/3313 5444/4081/5341 3324/2064/3287
f 3350/4080/3313 1125/2150/1117 3950/4082/3884 5444/4081/5341
f 5444/4081/5341 3950/4082/3884 1308/2071/1284 3947/2071/3881
f 3324/2064/3287 5444/4081/5341 3947/2071/3881 1112/2075/1104
f 1112/2075/1104 3947/2071/3881 5445/4083/5342 3323/4084/3286
f 3947/2071/3881 1308/2071/1284 3948/4085/3882 5445/4083/5342
f 5445/4083/5342 3948/4085/3882 1124/2154/1116 3347/2046/3310
f 3323/4084/3286 5445/4083/5342 3347/2046/3310 857/2025/857
f 1308/2071/1284 3949/2071/3883 5446/4086/5343 3948/4085/3882
f 3949/2071/3883 1122/1610/1114 3343/3841/3306 5446/4086/5343
f 5446/4086/5343 3343/3841/3306 861/12/861 3348/4087/3311
f 3948/4085/3882 5446/4086/5343 3348/4087/3311 1124/2154/1116
f 1125/2150/1117 3349/4088/3312 5447/4089/5344 3950/4082/3884
f 3349/4088/3312 864/449/864 3344/1616/3307 5447/4089/5344
f 5447/4089/5344 3344/1616/3307 1122/1610/1114 3949/2071/3883
f 3950/4082/3884 5447/4089/5344 3949/2071/3883 1308/2071/1284
f 856/1702/856 3316/4090/3279 5448/2161/5345 3321/4037/3284
f 3316/4090/3279 1108/2165/1100 3954/2164/3888 5448/2161/5345
f 5448/2161/5345 3954/2164/3888 1309/1612/1285 3951/4091/3885
f 3321/4037/3284 5448/2161/5345 3951/4091/3885 1111/2075/1103
f 1111/2075/1103 3951/4091/3885 5449/4092/5346 3322/2074/3285
f 3951/4091/3885 1309/1612/1285 3952/2170/3886 5449/4092/5346
f 5449/4092/5346 3952/2170/3886 1114/2169/1106 3327/2168/3290
f 3322/2074/3285 5449/4092/5346 3327/2168/3290 859/2167/859
f 1309/1612/1285 3953/1611/3887 5450/4093/5347 3952/2170/3886
f 3953/1611/3887 1110/2071/1102 3320/4094/3283 5450/4093/5347
f 5450/4093/5347 3320/4094/3283 858/2101/858 3328/2172/3291
f 3952/2170/3886 5450/4093/5347 3328/2172/3291 1114/2169/1106
f 1108/2174/1100 3315/2232/3278 5451/2175/5348 3954/2164/3888
f 3315/2232/3278 855/2179/855 3319/2178/3282 5451/2175/5348
f 5451/2175/5348 3319/2178/3282 1110/1611/1102 3953/1611/3887
f 3954/2164/3888 5451/2175/5348 3953/1611/3887 1309/2177/1285
f 851/3979/851 3338/4095/3301 5452/2180/5349 3293/4079/3256
f 3338/4095/3301 1119/1936/1111 3958/2184/3892 5452/2180/5349
f 5452/2180/5349 3958/2184/3892 1310/2183/1286 3955/4096/3889
f 3293/4079/3256 5452/2180/5349 3955/4096/3889 1097/4076/1089
f 1097/4076/1089 3955/4096/3889 5453/4097/5350 3294/4077/3257
f 3955/4096/3889 1310/2183/1286 3956/2188/3890 5453/4097/5350
f 5453/4097/5350 3956/2188/3890 1118/2187/1110 3335/2186/3298
f 3294/4077/3257 5453/4097/5350 3335/2186/3298 849/12/849
f 1310/2183/1286 3957/4098/3891 5454/4099/5351 3956/2188/3890
f 3957/4098/3891 1109/2193/1101 3318/4100/3281 5454/4099/5351
f 5454/4099/5351 3318/4100/3281 855/2179/855 3336/2191/3299
f 3956/2188/3890 5454/4099/5351 3336/2191/3299 1118/2187/1110
f 1119/2025/1111 3337/2047/3300 5455/2194/5352 3958/2184/3892
f 3337/2047/3300 857/2025/857 3317/2195/3280 5455/2194/5352
f 5455/2194/5352 3317/2195/3280 1109/2193/1101 3957/4098/3891
f 3958/2184/3892 5455/2194/5352 3957/4098/3891 1310/2183/1286
f 853/3992/853 3331/4032/3294 5456/4101/5353 3303/3993/3266
f 3331/4032/3294 1116/2068/1108 3962/2199/3896 5456/4101/5353
f 5456/4101/5353 3962/2199/3896 1311/2198/1287 3959/4102/3893
f 3303/3993/3266 5456/4101/5353 3959/4102/3893 1102/3989/1094
f 1102/3989/1094 3959/4102/3893 5457/2201/5354 3304/1984/3267
f 3959/4102/3893 1311/2198/1287 3960/4103/3894 5457/2201/5354
f 5457/2201/5354 3960/4103/3894 1115/2086/1107 3330/4038/3293
f 3304/1984/3267 5457/2201/5354 3330/4038/3293 852/1839/852
f 1311/2198/1287 3961/2204/3895 5458/2203/5355 3960/4103/3894
f 3961/2204/3895 1114/2169/1106 3328/2172/3291 5458/2203/5355
f 5458/2203/5355 3328/2172/3291 858/2206/858 3329/2099/3292
f 3960/4103/3894 5458/2203/5355 3329/2099/3292 1115/2205/1107
f 1116/2068/1108 3332/4034/3295 5459/2207/5356 3962/2199/3896
f 3332/4034/3295 859/2073/859 3327/2168/3290 5459/2207/5356
f 5459/2207/5356 3327/2168/3290 1114/2169/1106 3961/2204/3895
f 3962/2199/3896 5459/2207/5356 3961/2204/3895 1311/2198/1287
f 854/1947/854 3295/2066/3258 5460/4104/5357 3300/3983/3263
f 3295/2066/3258 1098/1947/1090 3966/4104/3900 5460/4104/5357
f 5460/4104/5357 3966/4104/3900 1312/2075/1288 3963/2075/3897
f 3300/3983/3263 5460/4104/5357 3963/2075/3897 1100/2071/1092
f 1100/2071/1092 3963/2075/3897 5461/2213/5358 3299/3978/3262
f 3963/2075/3897 1312/2075/1288 3964/4105/3898 5461/2213/5358
f 5461/2213/5358 3964/4105/3898 1119/1936/1111 3338/4095/3301
f 3299/3978/3262 5461/2213/5358 3338/4095/3301 851/3979/851
f 1312/2075/1288 3965/2075/3899 5462/4106/5359 3964/4105/3898
f 3965/2075/3899 1112/2075/1104 3323/4084/3286 5462/4106/5359
f 5462/4106/5359 3323/4084/3286 857/2025/857 3337/2047/3300
f 3964/4105/3898 5462/4106/5359 3337/2047/3300 1119/1936/1111
f 1098/1947/1090 3296/2066/3259 5463/4104/5360 3966/4104/3900
f 3296/2066/3259 860/2005/860 3324/2064/3287 5463/4104/5360
f 5463/4104/5360 3324/2064/3287 1112/2075/1104 3965/2075/3899
f 3966/4104/3900 5463/4104/5360 3965/2075/3899 1312/2075/1288
f 849/12/849 3335/2186/3298 5464/2221/5361 3291/4060/3254
f 3335/2186/3298 1118/2187/1110 3970/2224/3904 5464/2221/5361
f 5464/2221/5361 3970/2224/3904 1313/2223/1289 3967/4107/3901
f 3291/4060/3254 5464/2221/5361 3967/4107/3901 1096/4056/1088
f 1096/4056/1088 3967/4107/3901 5465/4108/5362 3292/4057/3255
f 3967/4107/3901 1313/2223/1289 3968/2227/3902 5465/4108/5362
f 5465/4108/5362 3968/2227/3902 1117/2063/1109 3334/4024/3297
f 3292/4057/3255 5465/4108/5362 3334/4024/3297 850/4023/850
f 1313/2223/1289 3969/2229/3903 5466/2228/5363 3968/2227/3902
f 3969/2229/3903 1108/2174/1100 3316/2230/3279 5466/2228/5363
f 5466/2228/5363 3316/2230/3279 856/2079/856 3333/4035/3296
f 3968/2227/3902 5466/2228/5363 3333/4035/3296 1117/2063/1109
f 1118/2187/1110 3336/2191/3299 5467/2231/5364 3970/2224/3904
f 3336/2191/3299 855/2179/855 3315/2232/3278 5467/2231/5364
f 5467/2231/5364 3315/2232/3278 1108/2174/1100 3969/2229/3903
f 3970/2224/3904 5467/2231/5364 3969/2229/3903 1313/2223/1289
f 862/1607/862 3340/262/3303 5468/1609/5365 3341/1690/3304
f 3340/262/3303 1120/262/1112 3974/1704/3908 5468/1609/5365
f 5468/1609/5365 3974/1704/3908 1314/1612/1290 3971/1612/3905
f 3341/1690/3304 5468/1609/5365 3971/1612/3905 1121/1742/1113
f 1121/1742/1113 3971/1612/3905 5469/4109/5366 3342/2233/3305
f 3971/1612/3905 1314/1612/1290 3972/1616/3906 5469/4109/5366
f 5469/4109/5366 3972/1616/3906 1123/1706/1115 3345/1979/3308
f 3342/2233/3305 5469/4109/5366 3345/1979/3308 863/1979/863
f 1314/1612/1290 3973/2071/3907 5470/2236/5367 3972/1616/3906
f 3973/2071/3907 1122/1610/1114 3344/1687/3307 5470/2236/5367
f 5470/2236/5367 3344/1687/3307 864/470/864 3346/470/3309
f 3972/1616/3906 5470/2236/5367 3346/470/3309 1123/1706/1115
f 1120/262/1112 3339/2038/3302 5471/2237/5368 3974/1704/3908
f 3339/2038/3302 861/2031/861 3343/2158/3306 5471/2237/5368
f 5471/2237/5368 3343/2158/3306 1122/1610/1114 3973/2071/3907
f 3974/1704/3908 5471/2237/5368 3973/2071/3907 1314/1612/1290
f 855/2179/855 3354/2240/3317 5472/4110/5369 3319/2178/3282
f 3354/2240/3317 1127/2244/1119 3978/4111/3912 5472/4110/5369
f 5472/4110/5369 3978/4111/3912 1315/2242/1291 3975/2241/3909
f 3319/2178/3282 5472/4110/5369 3975/2241/3909 1110/2071/1102
f 1110/2071/1102 3975/2241/3909 5473/2245/5370 3320/4094/3283
f 3975/2241/3909 1315/2242/1291 3976/2248/3910 5473/2245/5370
f 5473/2245/5370 3976/2248/3910 1126/2247/1118 3351/2246/3314
f 3320/4094/3283 5473/2245/5370 3351/2246/3314 858/2101/858
f 1315/2242/1291 3977/1612/3911 5474/4112/5371 3976/2248/3910
f 3977/1612/3911 1121/1742/1113 3342/2233/3305 5474/4112/5371
f 5474/4112/5371 3342/2233/3305 863/310/863 3352/4113/3315
f 3976/2248/3910 5474/4112/5371 3352/4113/3315 1126/2247/1118
f 1127/2244/1119 3353/4114/3316 5475/4115/5372 3978/4111/3912
f 3353/4114/3316 862/536/862 3341/1690/3304 5475/4115/5372
f 5475/4115/5372 3341/1690/3304 1121/1742/1113 3977/1612/3911
f 3978/4111/3912 5475/4115/5372 3977/1612/3911 1315/2242/1291
f 858/2101/858 3351/2246/3314 5476/2253/5373 3325/4049/3288
f 3351/2246/3314 1126/2247/1118 3982/2256/3916 5476/2253/5373
f 5476/2253/5373 3982/2256/3916 1316/2255/1292 3979/2254/3913
f 3325/4049/3288 5476/2253/5373 3979/2254/3913 1113/2097/1105
f 1113/4116/1105 3979/2254/3913 5477/4117/5374 3326/4047/3289
f 3979/2254/3913 1316/2255/1292 3980/2258/3914 5477/4117/5374
f 5477/4117/5374 3980/2258/3914 1125/4118/1117 3350/4080/3313
f 3326/4047/3289 5477/4117/5374 3350/4080/3313 860/2005/860
f 1316/2255/1292 3981/2260/3915 5478/4119/5375 3980/2258/3914
f 3981/2260/3915 1123/1706/1115 3346/470/3309 5478/4119/5375
f 5478/4119/5375 3346/470/3309 864/449/864 3349/4088/3312
f 3980/2258/3914 5478/4119/5375 3349/4088/3312 1125/2150/1117
f 1126/2247/1118 3352/4113/3315 5479/2261/5376 3982/2256/3916
f 3352/4113/3315 863/310/863 3345/1979/3308 5479/2261/5376
f 5479/2261/5376 3345/1979/3308 1123/1706/1115 3981/2260/3915
f 3982/2256/3916 5479/2261/5376 3981/2260/3915 1316/2255/1292
f 857/2025/857 3347/2046/3310 5480/4120/5377 3317/2195/3280
f 3347/2046/3310 1124/4121/1116 3986/2266/3920 5480/4120/5377
f 5480/4120/5377 3986/2266/3920 1317/2265/1293 3983/2264/3917
f 3317/2195/3280 5480/4120/5377 3983/2264/3917 1109/2263/1101
f 1109/2193/1101 3983/2264/3917 5481/2267/5378 3318/4100/3281
f 3983/2264/3917 1317/2265/1293 3984/4122/3918 5481/2267/5378
f 5481/2267/5378 3984/4122/3918 1127/2244/1119 3354/2240/3317
f 3318/4100/3281 5481/2267/5378 3354/2240/3317 855/2179/855
f 1317/2265/1293 3985/2270/3919 5482/2269/5379 3984/4122/3918
f 3985/2270/3919 1120/262/1112 3340/1607/3303 5482/2269/5379
f 5482/2269/5379 3340/1607/3303 862/536/862 3353/4114/3316
f 3984/4122/3918 5482/2269/5379 3353/4114/3316 1127/2244/1119
f 1124/2154/1116 3348/4087/3311 5483/4123/5380 3986/2266/3920
f 3348/4087/3311 861/12/861 3339/261/3302 5483/4123/5380
f 5483/4123/5380 3339/261/3302 1120/262/1112 3985/2270/3919
f 3986/2266/3920 5483/4123/5380 3985/2270/3919 1317/2265/1293
f 893/4124/885 3460/4125/3398 5484/4126/5381 3482/4127/3418
f 3460/4125/3398 1180/2272/502 3990/4128/2651 5484/4126/5381
f 5484/4126/5381 3990/4128/2651 1318/2272/665 3987/2272/3921
f 3482/4127/3418 5484/4126/5381 3987/2272/3921 1191/2272/1167
f 1191/2272/1167 3987/2272/3921 5485/2338/5382 3481/2272/3417
f 3987/2272/3921 1318/2272/665 3988/1017/3922 5485/2338/5382
f 5485/2338/5382 3988/1017/3922 1179/697/1158 3458/697/3397
f 3481/2272/3417 5485/2338/5382 3458/697/3397 892/2278/884
f 1318/2272/665 3989/1017/2652 5486/2279/4760 3988/1017/3922
f 3989/1017/2652 1164/697/493 3427/108/2015 5486/2279/4760
f 5486/2279/4760 3427/108/2015 887/108/172 3457/108/2021
f 3988/1017/3922 5486/2279/4760 3457/108/2021 1179/697/1158
f 1180/2272/502 3459/697/2032 5487/2272/4759 3990/4128/2651
f 3459/697/2032 884/2339/167 3428/697/2014 5487/2272/4759
f 5487/2272/4759 3428/697/2014 1164/697/493 3989/1017/2652
f 3990/4128/2651 5487/2272/4759 3989/1017/2652 1318/2272/665
f 892/240/884 3458/240/3397 5488/4129/5383 3480/2282/3416
f 3458/240/3397 1179/752/1158 3994/2287/3925 5488/4129/5383
f 5488/4129/5383 3994/2287/3925 1319/2286/1294 3991/4130/3923
f 3480/2282/3416 5488/4129/5383 3991/4130/3923 1190/2284/1166
f 1190/2284/1166 3991/4130/3923 5489/4131/5384 3479/2288/3415
f 3991/4130/3923 1319/2286/1294 3992/4132/3924 5489/4131/5384
f 5489/4131/5384 3992/4132/3924 1170/2574/1151 3439/4133/3381
f 3479/2288/3415 5489/4131/5384 3439/4133/3381 891/4134/883
f 1319/2286/1294 3993/4135/2572 5490/4136/4680 3992/4132/3924
f 3993/4135/2572 1166/4137/492 3431/4138/2013 5490/4136/4680
f 5490/4136/4680 3431/4138/2013 888/4139/171 3440/4140/3382
f 3992/4132/3924 5490/4136/4680 3440/4140/3382 1170/2567/1151
f 1179/752/1158 3457/245/2021 5491/4141/4679 3994/2287/3925
f 3457/245/2021 887/240/172 3432/2302/2012 5491/4141/4679
f 5491/4141/4679 3432/2302/2012 1166/4137/492 3993/4135/2572
f 3994/2287/3925 5491/4141/4679 3993/4135/2572 1319/2286/1294
f 889/4142/881 3452/4143/3392 5492/4144/5385 3478/4145/3414
f 3452/4143/3392 1176/4146/506 3998/4147/2655 5492/4144/5385
f 5492/4144/5385 3998/4147/2655 1320/2308/666 3995/2358/3926
f 3478/4145/3414 5492/4144/5385 3995/2358/3926 1189/1025/1165
f 1189/1025/1165 3995/2358/3926 5493/4148/5386 3477/2715/3413
f 3995/2358/3926 1320/2308/666 3996/4149/2657 5493/4148/5386
f 5493/4148/5386 3996/4149/2657 1130/4150/509 3359/4151/3322
f 3477/2715/3413 5493/4148/5386 3359/4151/3322 890/2313/882
f 1320/2308/666 3997/4152/2656 5494/4153/4764 3996/4154/2657
f 3997/4152/2656 1168/3425/491 3435/2602/2011 5494/4153/4764
f 5494/4153/4764 3435/2602/2011 885/2303/170 3360/4155/2046
f 3996/4154/2657 5494/4153/4764 3360/4155/2046 1130/4150/509
f 1176/2310/506 3451/2618/2040 5495/4156/4763 3998/2309/2655
f 3451/2618/2040 883/2325/168 3436/4157/2010 5495/4156/4763
f 5495/4156/4763 3436/4157/2010 1168/3425/491 3997/4152/2656
f 3998/2309/2655 5495/4156/4763 3997/4152/2656 1320/2308/666
f 877/2272/877 3396/2671/3358 5496/4158/5387 3412/4159/3374
f 3396/2671/3358 1148/2272/1139 4002/4160/3930 5496/4158/5387
f 5496/4158/5387 4002/4160/3930 1321/2272/1295 3999/2337/3927
f 3412/4159/3374 5496/4158/5387 3999/2337/3927 1156/2334/1147
f 1156/2334/1147 3999/2337/3927 5497/4161/5388 3411/2335/3373
f 3999/2337/3927 1321/2272/1295 4000/2272/3928 5497/4161/5388
f 5497/4161/5388 4000/2272/3928 1147/697/1138 3394/697/3356
f 3411/2335/3373 5497/4161/5388 3394/697/3356 876/1017/876
f 1321/2272/1295 4001/2272/3929 5498/2338/5389 4000/2272/3928
f 4001/2272/3929 1132/2272/1123 3363/2272/3325 5498/2338/5389
f 5498/2338/5389 3363/2272/3325 871/1017/871 3393/2339/3355
f 4000/2272/3928 5498/2338/5389 3393/2339/3355 1147/697/1138
f 1148/2272/1139 3395/4162/3357 5499/2722/5390 4002/4160/3930
f 3395/4162/3357 868/4163/868 3364/4164/3326 5499/2722/5390
f 5499/2722/5390 3364/4164/3326 1132/2272/1123 4001/2272/3929
f 4002/4160/3930 5499/2722/5390 4001/2272/3929 1321/2272/1295
f 874/4165/874 3045/4166/3009 5500/4167/5391 3410/4168/3372
f 3045/4166/3009 973/910/965 4006/911/3934 5500/4167/5391
f 5500/4167/5391 4006/911/3934 1322/902/1296 4003/4169/3931
f 3410/4168/3372 5500/4167/5391 4003/4169/3931 1155/4170/1146
f 1155/4171/1146 4003/4172/3931 5501/4173/5392 3409/4174/3371
f 4003/4172/3931 1322/902/1296 4004/4175/3932 5501/4173/5392
f 5501/4173/5392 4004/4175/3932 1141/4176/1132 3381/4177/3343
f 3409/4174/3371 5501/4173/5392 3381/4177/3343 878/2349/878
f 1322/902/1296 4005/4178/3933 5502/4179/5393 4004/4175/3932
f 4005/4178/3933 1137/2315/1128 3373/1033/3335 5502/4179/5393
f 5502/4179/5393 3373/1033/3335 865/1026/865 3382/4180/3344
f 4004/4175/3932 5502/4179/5393 3382/4180/3344 1141/4176/1132
f 973/1025/965 3046/3490/3010 5503/4181/5394 4006/4182/3934
f 3046/3490/3010 869/2690/869 3374/4183/3336 5503/4181/5394
f 5503/4181/5394 3374/4183/3336 1137/2315/1128 4005/4178/3933
f 4006/4182/3934 5503/4181/5394 4005/4178/3933 1322/902/1296
f 878/2475/878 3381/4177/3343 5504/4184/5395 3408/2363/3370
f 3381/4177/3343 1141/4176/1132 4010/4185/3938 5504/4184/5395
f 5504/4184/5395 4010/4185/3938 1323/4186/1297 4007/2366/3935
f 3408/2363/3370 5504/4184/5395 4007/2366/3935 1154/2365/1145
f 1154/2365/1145 4007/2366/3935 5505/4187/5396 3407/2369/3369
f 4007/2366/3935 1323/4186/1297 4008/4188/3936 5505/4187/5396
f 5505/4187/5396 4008/4188/3936 1142/4189/1133 3383/2372/3345
f 3407/2369/3369 5505/4187/5396 3383/2372/3345 879/2371/879
f 1323/4186/1297 4009/4190/3937 5506/4191/5397 4008/4188/3936
f 4009/4190/3937 1128/2379/1120 3356/2378/3319 5506/4191/5397
f 5506/4191/5397 3356/2378/3319 866/839/866 3384/4192/3346
f 4008/4188/3936 5506/4191/5397 3384/4192/3346 1142/4189/1133
f 1141/4176/1132 3382/4180/3344 5507/4193/5398 4010/4185/3938
f 3382/4180/3344 865/1026/865 3355/1070/3318 5507/4193/5398
f 5507/4193/5398 3355/1070/3318 1128/2379/1120 4009/4190/3937
f 4010/4185/3938 5507/4193/5398 4009/4190/3937 1323/4186/1297
f 879/2371/879 3383/2372/3345 5508/4194/5399 3406/4195/3368
f 3383/2372/3345 1142/4189/1133 4014/4196/3942 5508/4194/5399
f 5508/4194/5399 4014/4196/3942 1324/2385/1298 4011/4197/3939
f 3406/4195/3368 5508/4194/5399 4011/4197/3939 1153/4198/1144
f 1153/4198/1144 4011/4197/3939 5509/4199/5400 3405/4200/3367
f 4011/4197/3939 1324/2385/1298 4012/4201/3940 5509/4199/5400
f 5509/4199/5400 4012/4201/3940 1143/2391/1134 3385/2390/3347
f 3405/4200/3367 5509/4199/5400 3385/2390/3347 880/2389/880
f 1324/2385/1298 4013/4202/3941 5510/4203/5401 4012/4201/3940
f 4013/4202/3941 1131/2398/1122 3362/4204/3324 5510/4203/5401
f 5510/4203/5401 3362/4204/3324 870/2391/870 3386/2405/3348
f 4012/4201/3940 5510/4203/5401 3386/2405/3348 1143/2391/1134
f 1142/4189/1133 3384/4192/3346 5511/4205/5402 4014/4196/3942
f 3384/4192/3346 866/839/866 3361/4206/3323 5511/4205/5402
f 5511/4205/5402 3361/4206/3323 1131/2398/1122 4013/4202/3941
f 4014/4196/3942 5511/4205/5402 4013/4202/3941 1324/2385/1298
f 880/2390/880 3385/2390/3347 5512/4207/5403 3404/2401/3366
f 3385/2390/3347 1143/2391/1134 4018/4208/3946 5512/4207/5403
f 5512/4207/5403 4018/4208/3946 1325/2411/1299 4015/2403/3943
f 3404/2401/3366 5512/4207/5403 4015/2403/3943 1152/2403/1143
f 1152/2406/1143 4015/2403/3943 5513/4209/5404 3403/4210/3365
f 4015/2403/3943 1325/2404/1299 4016/4211/3944 5513/4209/5404
f 5513/4209/5404 4016/4211/3944 1148/2671/1139 3396/2671/3358
f 3403/4210/3365 5513/4209/5404 3396/2671/3358 877/2272/877
f 1325/2411/1299 4017/2413/3945 5514/4212/5405 4016/4211/3944
f 4017/2413/3945 1133/4213/1124 3365/4214/3327 5514/4212/5405
f 5514/4212/5405 3365/4214/3327 868/4163/868 3395/4162/3357
f 4016/4211/3944 5514/4212/5405 3395/4162/3357 1148/2272/1139
f 1143/2391/1134 3386/2405/3348 5515/4215/5406 4018/4208/3946
f 3386/2405/3348 870/2391/870 3366/4216/3328 5515/4215/5406
f 5515/4215/5406 3366/4216/3328 1133/4213/1124 4017/2413/3945
f 4018/4208/3946 5515/4215/5406 4017/2413/3945 1325/2411/1299
f 793/870/793 3401/4217/3363 5516/4218/5407 3064/4219/3028
f 3401/4217/3363 1151/4220/1142 4022/4221/3950 5516/4218/5407
f 5516/4218/5407 4022/4221/3950 1326/2432/1300 4019/2422/3947
f 3064/4219/3028 5516/4218/5407 4019/2422/3947 982/2421/974
f 982/4222/974 4019/4223/3947 5517/4224/5408 3063/4225/3027
f 4019/4223/3947 1326/2423/1300 4020/4226/3948 5517/4224/5408
f 5517/4224/5408 4020/4226/3948 1140/4227/1131 3380/4228/3342
f 3063/4225/3027 5517/4224/5408 3380/4228/3342 795/3417/795
f 1326/2423/1300 4021/2435/3949 5518/4229/5409 4020/4226/3948
f 4021/2435/3949 1152/2406/1143 3403/4210/3365 5518/4229/5409
f 5518/4229/5409 3403/4210/3365 877/2272/877 3379/4230/3341
f 4020/4226/3948 5518/4229/5409 3379/4230/3341 1140/4227/1131
f 1151/4231/1142 3402/4232/3364 5519/4233/5410 4022/2439/3950
f 3402/4232/3364 880/2389/880 3404/2401/3366 5519/4233/5410
f 5519/4233/5410 3404/2401/3366 1152/2406/1143 4021/2435/3949
f 4022/2439/3950 5519/4233/5410 4021/2435/3949 1326/2423/1300
f 791/839/791 3399/2444/3361 5520/4234/5411 3055/4235/3019
f 3399/2444/3361 1150/2448/1141 4026/4236/3954 5520/4234/5411
f 5520/4234/5411 4026/4236/3954 1327/4237/1301 4023/2445/3951
f 3055/4235/3019 5520/4234/5411 4023/2445/3951 978/2449/970
f 978/4238/970 4023/2452/3951 5521/4239/5412 3056/833/3020
f 4023/2452/3951 1327/2446/1301 4024/2453/3952 5521/4239/5412
f 5521/4239/5412 4024/2453/3952 1151/4220/1142 3401/4217/3363
f 3056/833/3020 5521/4239/5412 3401/4217/3363 793/870/793
f 1327/4237/1301 4025/2456/3953 5522/4240/5413 4024/2454/3952
f 4025/2456/3953 1153/4198/1144 3405/4200/3367 5522/4240/5413
f 5522/4240/5413 3405/4200/3367 880/2389/880 3402/4232/3364
f 4024/2454/3952 5522/4240/5413 3402/4232/3364 1151/4231/1142
f 1150/2448/1141 3400/2458/3362 5523/4241/5414 4026/4236/3954
f 3400/2458/3362 879/2371/879 3406/4195/3368 5523/4241/5414
f 5523/4241/5414 3406/4195/3368 1153/4198/1144 4025/2456/3953
f 4026/4236/3954 5523/4241/5414 4025/2456/3953 1327/4237/1301
f 831/1026/831 3397/2461/3359 5524/2460/5415 3037/1264/3001
f 3397/2461/3359 1149/2466/1140 4030/4242/3958 5524/2460/5415
f 5524/2460/5415 4030/4242/3958 1328/2464/1302 4027/4243/3955
f 3037/1264/3001 5524/2460/5415 4027/4243/3955 969/1260/961
f 969/1260/961 4027/4243/3955 5525/2468/5416 3038/4244/3002
f 4027/4243/3955 1328/2464/1302 4028/4245/3956 5525/2468/5416
f 5525/2468/5416 4028/4245/3956 1150/2448/1141 3399/2444/3361
f 3038/4244/3002 5525/2468/5416 3399/2444/3361 791/839/791
f 1328/2464/1302 4029/4246/3957 5526/4247/5417 4028/4245/3956
f 4029/4246/3957 1154/2365/1145 3407/2369/3369 5526/4247/5417
f 5526/4247/5417 3407/2369/3369 879/2472/879 3400/2458/3362
f 4028/4245/3956 5526/4247/5417 3400/2458/3362 1150/2448/1141
f 1149/2466/1140 3398/4248/3360 5527/4249/5418 4030/4242/3958
f 3398/4248/3360 878/2349/878 3408/2363/3370 5527/4249/5418
f 5527/4249/5418 3408/2363/3370 1154/2365/1145 4029/4246/3957
f 4030/4242/3958 5527/4249/5418 4029/4246/3957 1328/2464/1302
f 833/3719/833 3389/4250/3351 5528/4251/5419 3210/4252/3173
f 3389/4250/3351 1145/4253/1136 4034/4254/3962 5528/4251/5419
f 5528/4251/5419 4034/4254/3962 1329/4255/1303 4031/4256/3959
f 3210/4252/3173 5528/4251/5419 4031/4256/3959 1055/1510/1047
f 1055/1510/1047 4031/4256/3959 5529/4257/5420 3209/3740/3172
f 4031/4256/3959 1329/4258/1303 4032/4259/3960 5529/4257/5420
f 5529/4257/5420 4032/4259/3960 1149/4260/1140 3397/2461/3359
f 3209/3740/3172 5529/4257/5420 3397/2461/3359 831/1026/831
f 1329/4255/1303 4033/4261/3961 5530/4262/5421 4032/4259/3960
f 4033/4261/3961 1155/4171/1146 3409/4174/3371 5530/4262/5421
f 5530/4262/5421 3409/4174/3371 878/2349/878 3398/4248/3360
f 4032/4259/3960 5530/4262/5421 3398/4248/3360 1149/2466/1140
f 1145/4253/1136 3390/4263/3352 5531/4264/5422 4034/4254/3962
f 3390/4263/3352 874/3487/874 3410/4265/3372 5531/4264/5422
f 5531/4264/5422 3410/4265/3372 1155/4171/1146 4033/4261/3961
f 4034/4254/3962 5531/4264/5422 4033/4261/3961 1329/4255/1303
f 795/3417/795 3380/4228/3342 5532/4266/5423 3062/3468/3026
f 3380/4228/3342 1140/4227/1131 4038/4267/3966 5532/4266/5423
f 5532/4266/5423 4038/4267/3966 1330/4268/1304 4035/4269/3963
f 3062/3468/3026 5532/4266/5423 4035/4269/3963 981/2493/973
f 981/2493/973 4035/4269/3963 5533/4270/5424 3061/1013/3025
f 4035/4269/3963 1330/4268/1304 4036/2497/3964 5533/4270/5424
f 5533/4270/5424 4036/2497/3964 1139/697/1130 3378/697/3340
f 3061/1013/3025 5533/4270/5424 3378/697/3340 797/1017/797
f 1330/4268/1304 4037/4271/3965 5534/4272/5425 4036/2497/3964
f 4037/4271/3965 1156/2334/1147 3411/2335/3373 5534/4272/5425
f 5534/4272/5425 3411/2335/3373 876/1017/876 3377/2339/3339
f 4036/2497/3964 5534/4272/5425 3377/2339/3339 1139/697/1130
f 1140/4227/1131 3379/4230/3341 5535/4273/5426 4038/4267/3966
f 3379/4230/3341 877/2272/877 3412/4159/3374 5535/4273/5426
f 5535/4273/5426 3412/4159/3374 1156/2334/1147 4037/4271/3965
f 4038/4267/3966 5535/4273/5426 4037/4271/3965 1330/4268/1304
f 832/1466/832 3040/4274/3004 5536/4275/5427 3204/4276/3167
f 3040/4274/3004 970/4277/962 4042/2508/3970 5536/4275/5427
f 5536/4275/5427 4042/2508/3970 1331/2507/1305 4039/2506/3967
f 3204/4276/3167 5536/4275/5427 4039/2506/3967 1052/1468/1044
f 1052/1468/1044 4039/2506/3967 5537/4278/5428 3203/4279/3166
f 4039/2506/3967 1331/2507/1305 4040/4280/3968 5537/4278/5428
f 5537/4278/5428 4040/4280/3968 1145/4253/1136 3389/4250/3351
f 3203/4279/3166 5537/4278/5428 3389/4250/3351 833/3719/833
f 1331/2507/1305 4041/2513/3969 5538/4281/5429 4040/4280/3968
f 4041/2513/3969 1157/1021/1148 3413/3485/3375 5538/4281/5429
f 5538/4281/5429 3413/3485/3375 874/3487/874 3390/4263/3352
f 4040/4280/3968 5538/4281/5429 3390/4263/3352 1145/4253/1136
f 970/4277/962 3039/4282/3003 5539/4283/5430 4042/2508/3970
f 3039/4282/3003 873/1023/873 3414/1026/3376 5539/4283/5430
f 5539/4283/5430 3414/1026/3376 1157/1032/1148 4041/2513/3969
f 4042/2508/3970 5539/4283/5430 4041/2513/3969 1331/2507/1305
f 797/752/797 3378/752/3340 5540/959/5431 3066/1077/3030
f 3378/752/3340 1139/240/1130 4046/2517/3974 5540/959/5431
f 5540/959/5431 4046/2517/3974 1332/2518/1306 4043/961/3971
f 3066/1077/3030 5540/959/5431 4043/961/3971 983/961/975
f 983/961/975 4043/961/3971 5541/4284/5432 3065/1070/3029
f 4043/961/3971 1332/2518/1306 4044/4285/3972 5541/4284/5432
f 5541/4284/5432 4044/4285/3972 1146/1023/1137 3391/4286/3353
f 3065/1070/3029 5541/4284/5432 3391/4286/3353 836/1023/836
f 1332/2518/1306 4045/4287/3973 5542/2519/5433 4044/4285/3972
f 4045/4287/3973 1158/2379/1149 3415/2519/3377 5542/2519/5433
f 5542/2519/5433 3415/2519/3377 875/1023/875 3392/1023/3354
f 4044/4285/3972 5542/2519/5433 3392/1023/3354 1146/1023/1137
f 1139/240/1130 3377/752/3339 5543/4288/5434 4046/2517/3974
f 3377/752/3339 876/240/876 3416/3454/3378 5543/4288/5434
f 5543/4288/5434 3416/3454/3378 1158/2379/1149 4045/4287/3973
f 4046/2517/3974 5543/4288/5434 4045/4287/3973 1332/2518/1306
f 836/1023/836 3391/4286/3353 5544/4289/5435 3200/3704/3163
f 3391/4286/3353 1146/1023/1137 4050/4290/3978 5544/4289/5435
f 5544/4289/5435 4050/4290/3978 1333/4291/1307 4047/4292/3975
f 3200/3704/3163 5544/4289/5435 4047/4292/3975 1050/3701/1042
f 1050/4293/1042 4047/4292/3975 5545/4294/5436 3199/4295/3162
f 4047/4292/3975 1333/4296/1307 4048/4297/3976 5545/4294/5436
f 5545/4294/5436 4048/4297/3976 970/4277/962 3040/4274/3004
f 3199/4295/3162 5545/4294/5436 3040/4274/3004 832/1466/832
f 1333/4296/1307 4049/4298/3977 5546/4299/5437 4048/4297/3976
f 4049/4298/3977 1159/3428/1150 3417/2600/3379 5546/4299/5437
f 5546/4299/5437 3417/2600/3379 873/1023/873 3039/4282/3003
f 4048/4297/3976 5546/4299/5437 3039/4282/3003 970/4277/962
f 1146/2514/1137 3392/1023/3354 5547/4300/5438 4050/4290/3978
f 3392/1023/3354 875/896/875 3418/3424/3380 5547/4300/5438
f 5547/4300/5438 3418/3424/3380 1159/3428/1150 4049/4298/3977
f 4050/4290/3978 5547/4300/5438 4049/4298/3977 1333/4296/1307
f 881/1026/166 3437/4301/2006 5548/4302/4738 3419/1070/2001
f 3437/4301/2006 1169/4303/489 4054/4304/3979 5548/4302/4738
f 5548/4302/4738 4054/4304/3979 1334/2518/660 4051/2518/2630
f 3419/1070/2001 5548/4302/4738 4051/2518/2630 1160/2379/486
f 1160/2379/486 4051/2518/2630 5549/2544/4737 3420/959/2000
f 4051/2518/2630 1334/2518/660 4052/2544/2633 5549/2544/4737
f 5549/2544/4737 4052/2544/2633 1163/1230/495 3425/245/2018
f 3420/959/2000 5549/2544/4737 3425/245/2018 882/245/165
f 1334/2518/660 4053/2379/2632 5550/4305/4740 4052/2544/2633
f 4053/2379/2632 1162/2548/488 3424/2545/2004 5550/4305/4740
f 5550/4305/4740 3424/2545/2004 886/752/169 3426/245/2019
f 4052/2544/2633 5550/4305/4740 3426/245/2019 1163/1230/495
f 1169/4303/489 3438/4306/2007 5551/4307/4739 4054/4304/3979
f 3438/4306/2007 885/2303/170 3423/1070/2005 5551/4307/4739
f 5551/4307/4739 3423/1070/2005 1162/2548/488 4053/2379/2632
f 4054/4304/3979 5551/4307/4739 4053/2379/2632 1334/2518/660
f 885/1026/170 3435/4180/2011 5552/4308/4742 3423/1070/2005
f 3435/4180/2011 1168/4309/491 4058/3459/2635 5552/4308/4742
f 5552/4308/4742 4058/3459/2635 1335/4310/661 4055/4311/2634
f 3423/1070/2005 5552/4308/4742 4055/4311/2634 1162/2548/488
f 1162/2548/488 4055/4311/2634 5553/4312/4741 3424/2545/2004
f 4055/4311/2634 1335/4310/661 4056/4313/2637 5553/4312/4741
f 5553/4312/4741 4056/4313/2637 1165/240/494 3430/752/2016
f 3424/2545/2004 5553/4312/4741 3430/752/2016 886/752/169
f 1335/4310/661 4057/4314/2636 5554/974/4744 4056/4313/2637
f 4057/4314/2636 1161/2568/487 3422/2282/2002 5554/974/4744
f 5554/974/4744 3422/2282/2002 884/245/167 3429/245/2017
f 4056/4313/2637 5554/974/4744 3429/245/2017 1165/240/494
f 1168/3425/491 3436/4315/2010 5555/4316/4743 4058/3459/2635
f 3436/4315/2010 883/2325/168 3421/4317/2003 5555/4316/4743
f 5555/4316/4743 3421/4317/2003 1161/2284/487 4057/4314/2636
f 4058/3459/2635 5555/4316/4743 4057/4314/2636 1335/4318/661
f 883/2325/168 3433/4319/2009 5556/4320/4746 3421/4317/2003
f 3433/4319/2009 1167/2292/490 4062/2293/2639 5556/4320/4746
f 5556/4320/4746 4062/2293/2639 1336/4321/662 4059/2285/2638
f 3421/4317/2003 5556/4320/4746 4059/2285/2638 1161/2284/487
f 1161/2284/487 4059/2285/2638 5557/4129/4745 3422/2282/2002
f 4059/2285/2638 1336/4321/662 4060/2572/2641 5557/4129/4745
f 5557/4129/4745 4060/2572/2641 1164/2571/493 3428/2570/2014
f 3422/2282/2002 5557/4129/4745 3428/2570/2014 884/245/167
f 1336/2565/662 4061/2295/2640 5558/4322/5439 4060/2572/2641
f 4061/2295/2640 1166/2299/492 3432/2573/2012 5558/4322/5439
f 5558/4322/5439 3432/2573/2012 887/240/172 3427/2570/2015
f 4060/2572/2641 5558/4322/5439 3427/2570/2015 1164/2571/493
f 1167/2292/490 3434/4323/2008 5559/4324/5440 4062/2293/2639
f 3434/4323/2008 888/4139/171 3431/4325/2013 5559/4324/5440
f 5559/4324/5440 3431/4325/2013 1166/4137/492 4061/2295/2640
f 4062/2293/2639 5559/4324/5440 4061/2295/2640 1336/4321/662
f 895/4326/887 3464/4327/3401 5560/4328/5441 3476/4329/3412
f 3464/4327/3401 1182/4330/1160 4066/2582/2643 5560/4328/5441
f 5560/4328/5441 4066/2582/2643 1337/2581/663 4063/2591/2642
f 3476/4329/3412 5560/4328/5441 4063/2591/2642 1188/4331/514
f 1188/4331/514 4063/2591/2642 5561/4332/5442 3475/4333/3411
f 4063/2591/2642 1337/2581/663 4064/2589/2645 5561/4332/5442
f 5561/4332/5442 4064/2589/2645 1173/2588/508 3445/2587/3387
f 3475/4333/3411 5561/4332/5442 3445/2587/3387 894/4334/886
f 1337/2581/663 4065/4335/2644 5562/4336/4752 4064/2589/2645
f 4065/4335/2644 1160/2379/486 3420/959/2000 5562/4336/4752
f 5562/4336/4752 3420/959/2000 882/1230/165 3446/4337/2044
f 4064/2589/2645 5562/4336/4752 3446/4337/2044 1173/2588/508
f 1182/2583/1160 3463/2594/2027 5563/2578/4751 4066/2582/2643
f 3463/2594/2027 881/2539/166 3419/1070/2001 5563/2578/4751
f 5563/2578/4751 3419/1070/2001 1160/2379/486 4065/4335/2644
f 4066/2582/2643 5563/2578/4751 4065/4335/2644 1337/2581/663
f 890/2313/882 3359/4151/3322 5564/4338/5443 3474/4339/3410
f 3359/4151/3322 1130/4150/509 4070/4340/2659 5564/4338/5443
f 5564/4338/5443 4070/4340/2659 1338/4341/1308 4067/4342/3980
f 3474/4339/3410 5564/4338/5443 4067/4342/3980 1187/4343/1164
f 1187/4344/1164 4067/4345/3980 5565/4346/5444 3473/4347/3409
f 4067/4345/3980 1338/4348/1308 4068/4349/2661 5565/4346/5444
f 5565/4346/5444 4068/4349/2661 1182/4330/1160 3464/4327/3401
f 3473/4347/3409 5565/4346/5444 3464/4327/3401 895/4326/887
f 1338/4348/1308 4069/4350/2660 5566/4351/4768 4068/4349/2661
f 4069/4350/2660 1169/4303/489 3437/4352/2006 5566/4351/4768
f 5566/4351/4768 3437/4352/2006 881/1026/166 3463/2594/2027
f 4068/4349/2661 5566/4351/4768 3463/2594/2027 1182/4330/1160
f 1130/4150/509 3360/4155/2046 5567/4353/4767 4070/4354/2659
f 3360/4155/2046 885/2303/170 3438/4306/2007 5567/4353/4767
f 5567/4353/4767 3438/4306/2007 1169/4303/489 4069/4350/2660
f 4070/4354/2659 5567/4353/4767 4069/4350/2660 1338/4348/1308
f 891/2290/883 3439/4133/3381 5568/4355/5445 3472/4356/3408
f 3439/4133/3381 1170/2567/1151 4074/4357/3982 5568/4355/5445
f 5568/4355/5445 4074/4357/3982 1339/4358/644 4071/4359/3981
f 3472/4356/3408 5568/4355/5445 4071/4359/3981 1186/4360/1163
f 1186/4361/1163 4071/4362/3981 5569/4363/5446 3471/4364/3407
f 4071/4362/3981 1339/2611/644 4072/4365/2569 5569/4363/5446
f 5569/4363/5446 4072/4365/2569 1176/4146/506 3452/4143/3392
f 3471/4364/3407 5569/4363/5446 3452/4143/3392 889/4142/881
f 1339/2611/644 4073/4366/2568 5570/4367/4676 4072/4365/2569
f 4073/4366/2568 1167/4368/490 3433/4369/2009 5570/4367/4676
f 5570/4367/4676 3433/4369/2009 883/2325/168 3451/2322/2040
f 4072/4365/2569 5570/4367/4676 3451/2322/2040 1176/4146/506
f 1170/2567/1151 3440/4140/3382 5571/4370/4675 4074/4357/3982
f 3440/4140/3382 888/4139/171 3434/4371/2008 5571/4370/4675
f 5571/4370/4675 3434/4371/2008 1167/2292/490 4073/2612/2568
f 4074/4357/3982 5571/4370/4675 4073/2612/2568 1339/4358/644
f 896/2391/888 3466/4372/3402 5572/4373/5447 3470/2401/3406
f 3466/4372/3402 1183/4374/456 4078/4375/2575 5572/4373/5447
f 5572/4373/5447 4078/4375/2575 1340/2626/646 4075/4376/3983
f 3470/2401/3406 5572/4373/5447 4075/4376/3983 1185/2624/1162
f 1185/2624/1162 4075/4376/3983 5573/4377/5448 3469/4378/3405
f 4075/4376/3983 1340/2626/646 4076/4379/2577 5573/4377/5448
f 5573/4377/5448 4076/4379/2577 1180/2272/502 3460/4125/3398
f 3469/4378/3405 5573/4377/5448 3460/4125/3398 893/4124/885
f 1340/2636/646 4077/2633/2576 5574/4380/4684 4076/4379/2577
f 4077/2633/2576 1165/693/494 3429/2339/2017 5574/4380/4684
f 5574/4380/4684 3429/2339/2017 884/2339/167 3459/697/2032
f 4076/4379/2577 5574/4380/4684 3459/697/2032 1180/2671/502
f 1183/4374/456 3465/2635/1941 5575/4381/4683 4078/4375/2575
f 3465/2635/1941 886/2339/169 3430/697/2016 5575/4381/4683
f 5575/4381/4683 3430/697/2016 1165/693/494 4077/2633/2576
f 4078/4375/2575 5575/4381/4683 4077/2633/2576 1340/2626/646
f 894/4334/886 3445/2587/3387 5576/4382/5449 3468/4383/3404
f 3445/2587/3387 1173/2588/508 4082/2642/2647 5576/4382/5449
f 5576/4382/5449 4082/2642/2647 1341/2641/1309 4079/4384/3984
f 3468/4383/3404 5576/4382/5449 4079/4384/3984 1184/4385/1161
f 1184/4385/1161 4079/4384/3984 5577/4386/5450 3467/4387/3403
f 4079/4384/3984 1341/2641/1309 4080/4388/2649 5577/4386/5450
f 5577/4386/5450 4080/4388/2649 1183/4374/456 3466/4372/3402
f 3467/4387/3403 5577/4386/5450 3466/4372/3402 896/2391/888
f 1341/2641/1309 4081/4389/2648 5578/4390/4756 4080/4388/2649
f 4081/4389/2648 1163/2649/495 3426/2648/2019 5578/4390/4756
f 5578/4390/4756 3426/2648/2019 886/2339/169 3465/2635/1941
f 4080/4388/2649 5578/4390/4756 3465/2635/1941 1183/2628/456
f 1173/2588/508 3446/4337/2044 5579/4391/4755 4082/2642/2647
f 3446/4337/2044 882/1230/165 3425/2651/2018 5579/4391/4755
f 5579/4391/4755 3425/2651/2018 1163/2649/495 4081/4389/2648
f 4082/2642/2647 5579/4391/4755 4081/4389/2648 1341/2641/1309
f 866/839/866 3461/1230/3399 5580/2652/5451 3361/4206/3323
f 3461/1230/3399 1181/245/1159 4086/2655/3988 5580/2652/5451
f 5580/2652/5451 4086/2655/3988 1342/2654/1310 4083/2653/3985
f 3361/4206/3323 5580/2652/5451 4083/2653/3985 1131/2398/1122
f 1131/2398/1122 4083/2653/3985 5581/4392/5452 3362/4204/3324
f 4083/2653/3985 1342/2654/1310 4084/2658/3986 5581/4392/5452
f 5581/4392/5452 4084/2658/3986 1175/2405/1155 3450/2405/3391
f 3362/4204/3324 5581/4392/5452 3450/2405/3391 870/2391/870
f 1342/2654/1310 4085/2660/3987 5582/4393/5453 4084/2658/3986
f 4085/2660/3987 1184/4385/1161 3467/4387/3403 5582/4393/5453
f 5582/4393/5453 3467/4387/3403 896/2391/888 3449/2405/3390
f 4084/2658/3986 5582/4393/5453 3449/2405/3390 1175/2405/1155
f 1181/1230/1159 3462/4394/3400 5583/2661/5454 4086/2655/3988
f 3462/4394/3400 894/4334/886 3468/4383/3404 5583/2661/5454
f 5583/2661/5454 3468/4383/3404 1184/4385/1161 4085/2660/3987
f 4086/2655/3988 5583/2661/5454 4085/2660/3987 1342/2654/1310
f 870/2391/870 3450/2405/3391 5584/4215/5455 3366/4216/3328
f 3450/2405/3391 1175/2405/1155 4090/4395/3992 5584/4215/5455
f 5584/4215/5455 4090/4395/3992 1343/2665/1311 4087/4396/3989
f 3366/4216/3328 5584/4215/5455 4087/4396/3989 1133/4213/1124
f 1133/4213/1124 4087/4396/3989 5585/4397/5456 3365/4214/3327
f 4087/4396/3989 1343/2665/1311 4088/4398/3990 5585/4397/5456
f 5585/4397/5456 4088/4398/3990 1172/4399/1153 3444/4400/3386
f 3365/4214/3327 5585/4397/5456 3444/4400/3386 868/4163/868
f 1343/2665/1311 4089/2403/3991 5586/4401/5457 4088/4398/3990
f 4089/2403/3991 1185/2624/1162 3469/4378/3405 5586/4401/5457
f 5586/4401/5457 3469/4378/3405 893/4124/885 3443/4402/3385
f 4088/4398/3990 5586/4401/5457 3443/4402/3385 1172/4399/1153
f 1175/2405/1155 3449/2405/3390 5587/4207/5458 4090/4395/3992
f 3449/2405/3390 896/2405/888 3470/2401/3406 5587/4207/5458
f 5587/4207/5458 3470/2401/3406 1185/2672/1162 4089/2403/3991
f 4090/4395/3992 5587/4207/5458 4089/2403/3991 1343/2670/1311
f 872/2349/872 3455/2689/3395 5588/2688/5459 3370/2607/3332
f 3455/2689/3395 1178/2475/1157 4094/2680/3996 5588/2688/5459
f 5588/2688/5459 4094/2680/3996 1344/2679/1312 4091/2687/3993
f 3370/2607/3332 5588/2688/5459 4091/2687/3993 1135/2609/1126
f 1135/2609/1126 4091/2687/3993 5589/4403/5460 3369/2613/3331
f 4091/2687/3993 1344/2679/1312 4092/2685/3994 5589/4403/5460
f 5589/4403/5460 4092/2685/3994 1129/1026/1121 3358/4404/3321
f 3369/2613/3331 5589/4403/5460 3358/4404/3321 867/1023/867
f 1344/2679/1312 4093/4405/3995 5590/4406/5461 4092/2685/3994
f 4093/4405/3995 1186/4360/1163 3471/4407/3407 5590/4406/5461
f 5590/4406/5461 3471/4407/3407 889/4142/881 3357/4408/3320
f 4092/2685/3994 5590/4406/5461 3357/4408/3320 1129/1026/1121
f 1178/2475/1157 3456/4409/3396 5591/4410/5462 4094/2680/3996
f 3456/4409/3396 891/2290/883 3472/4356/3408 5591/4410/5462
f 5591/4410/5462 3472/4356/3408 1186/4360/1163 4093/4405/3995
f 4094/2680/3996 5591/4410/5462 4093/4405/3995 1344/2679/1312
f 869/2690/869 3453/4411/3393 5592/4412/5463 3374/4183/3336
f 3453/4411/3393 1177/2697/1156 4098/4413/4000 5592/4412/5463
f 5592/4412/5463 4098/4413/4000 1345/2695/1313 4095/2600/3997
f 3374/4183/3336 5592/4412/5463 4095/2600/3997 1137/2315/1128
f 1137/2605/1128 4095/2600/3997 5593/1034/5464 3373/1033/3335
f 4095/2600/3997 1345/2699/1313 4096/2699/3998 5593/1034/5464
f 5593/1034/5464 4096/2699/3998 1174/2539/1154 3448/1026/3389
f 3373/1033/3335 5593/1034/5464 3448/1026/3389 865/1026/865
f 1345/2695/1313 4097/4414/3999 5594/4415/5465 4096/2699/3998
f 4097/4414/3999 1187/4344/1164 3473/4347/3409 5594/4415/5465
f 5594/4415/5465 3473/4347/3409 895/4326/887 3447/4416/3388
f 4096/2699/3998 5594/4415/5465 3447/4416/3388 1174/1026/1154
f 1177/2697/1156 3454/2702/3394 5595/2692/5466 4098/4413/4000
f 3454/2702/3394 890/4417/882 3474/4418/3410 5595/2692/5466
f 5595/2692/5466 3474/4418/3410 1187/4344/1164 4097/4414/3999
f 4098/4413/4000 5595/2692/5466 4097/4414/3999 1345/2695/1313
f 865/1026/865 3448/1026/3389 5596/965/5467 3355/1070/3318
f 3448/1026/3389 1174/1026/1154 4102/4419/4004 5596/965/5467
f 5596/965/5467 4102/4419/4004 1346/4420/1314 4099/2518/4001
f 3355/1070/3318 5596/965/5467 4099/2518/4001 1128/2379/1120
f 1128/2379/1120 4099/2518/4001 5597/2544/5468 3356/2378/3319
f 4099/2518/4001 1346/4420/1314 4100/4421/4002 5597/2544/5468
f 5597/2544/5468 4100/4421/4002 1181/1230/1159 3461/1230/3399
f 3356/2378/3319 5597/2544/5468 3461/1230/3399 866/1230/866
f 1346/4420/1314 4101/4422/4003 5598/4423/5469 4100/4421/4002
f 4101/4422/4003 1188/4331/514 3475/4333/3411 5598/4423/5469
f 5598/4423/5469 3475/4333/3411 894/4334/886 3462/4394/3400
f 4100/4421/4002 5598/4423/5469 3462/4394/3400 1181/1230/1159
f 1174/1026/1154 3447/4416/3388 5599/4424/5470 4102/4419/4004
f 3447/4416/3388 895/4326/887 3476/4329/3412 5599/4424/5470
f 5599/4424/5470 3476/4329/3412 1188/4331/514 4101/4422/4003
f 4102/4419/4004 5599/4424/5470 4101/4422/4003 1346/4420/1314
f 867/1023/867 3358/4404/3321 5600/4425/5471 3372/1026/3334
f 3358/4404/3321 1129/1026/1121 4106/1032/4008 5600/4425/5471
f 5600/4425/5471 4106/1032/4008 1347/1032/1315 4103/1032/4005
f 3372/1026/3334 5600/4425/5471 4103/1032/4005 1136/1032/1127
f 1136/1021/1127 4103/1032/4005 5601/4426/5472 3371/3489/3333
f 4103/1032/4005 1347/1021/1315 4104/4427/4006 5601/4426/5472
f 5601/4426/5472 4104/4427/4006 1177/2697/1156 3453/4411/3393
f 3371/3489/3333 5601/4426/5472 3453/4411/3393 869/2690/869
f 1347/1021/1315 4105/1024/4007 5602/4428/5473 4104/4427/4006
f 4105/1024/4007 1189/1025/1165 3477/2311/3413 5602/4428/5473
f 5602/4428/5473 3477/2311/3413 890/4417/882 3454/2702/3394
f 4104/4427/4006 5602/4428/5473 3454/2702/3394 1177/2697/1156
f 1129/1026/1121 3357/4408/3320 5603/4429/5474 4106/1032/4008
f 3357/4408/3320 889/4142/881 3478/4430/3414 5603/4429/5474
f 5603/4429/5474 3478/4430/3414 1189/1025/1165 4105/1024/4007
f 4106/1032/4008 5603/4429/5474 4105/1024/4007 1347/1021/1315
f 871/240/871 3442/240/3384 5604/4431/5475 3368/976/3330
f 3442/240/3384 1171/752/1152 4110/976/4012 5604/4431/5475
f 5604/4431/5475 4110/976/4012 1348/973/1316 4107/4432/4009
f 3368/976/3330 5604/4431/5475 4107/4432/4009 1134/973/1125
f 1134/973/1125 4107/4432/4009 5605/2719/5476 3367/3462/3329
f 4107/4432/4009 1348/973/1316 4108/2288/4010 5605/2719/5476
f 5605/2719/5476 4108/2288/4010 1178/2475/1157 3455/2689/3395
f 3367/3462/3329 5605/2719/5476 3455/2689/3395 872/2349/872
f 1348/973/1316 4109/2720/4011 5606/4433/5477 4108/2288/4010
f 4109/2720/4011 1190/2284/1166 3479/2288/3415 5606/4433/5477
f 5606/4433/5477 3479/2288/3415 891/2290/883 3456/4409/3396
f 4108/2288/4010 5606/4433/5477 3456/4409/3396 1178/2475/1157
f 1171/752/1152 3441/245/3383 5607/4431/5478 4110/976/4012
f 3441/245/3383 892/240/884 3480/2282/3416 5607/4431/5478
f 5607/4431/5478 3480/2282/3416 1190/2284/1166 4109/2720/4011
f 4110/976/4012 5607/4431/5478 4109/2720/4011 1348/973/1316
f 868/4434/868 3444/4435/3386 5608/4436/5479 3364/2342/3326
f 3444/4435/3386 1172/4400/1153 4114/4437/4016 5608/4436/5479
f 5608/4436/5479 4114/4437/4016 1349/1017/1317 4111/2339/4013
f 3364/2342/3326 5608/4436/5479 4111/2339/4013 1132/2272/1123
f 1132/2272/1123 4111/2272/4013 5609/2272/5480 3363/2272/3325
f 4111/2272/4013 1349/2272/1317 4112/2272/4014 5609/2272/5480
f 5609/2272/5480 4112/2272/4014 1171/697/1152 3442/697/3384
f 3363/2272/3325 5609/2272/5480 3442/697/3384 871/1017/871
f 1349/2272/1317 4113/2272/4015 5610/2338/5481 4112/2272/4014
f 4113/2272/4015 1191/2272/1167 3481/2272/3417 5610/2338/5481
f 5610/2338/5481 3481/2272/3417 892/2278/884 3441/2339/3383
f 4112/2272/4014 5610/2338/5481 3441/2339/3383 1171/697/1152
f 1172/4400/1153 3443/4438/3385 5611/4439/5482 4114/4437/4016
f 3443/4438/3385 893/4440/885 3482/4441/3418 5611/4439/5482
f 5611/4439/5482 3482/4441/3418 1191/2272/1167 4113/2339/4015
f 4114/4437/4016 5611/4439/5482 4113/2339/4015 1349/1017/1317
f 1273/3801/1249 3809/3800/3744 5612/4442/5483 3808/4443/3743
f 3809/3800/3744 1061/3277/1053 3221/4444/3184 5612/4442/5483
f 5612/4442/5483 3221/4444/3184 1372/3278/1340 4162/1600/4064
f 3808/4443/3743 5612/4442/5483 4162/1600/4064 1396/3794/1364
f 242/1584/242 3807/3789/3742 5613/2728/5484 1547/2727/1515
f 3807/3789/3742 1273/3788/1249 3808/4445/3743 5613/2728/5484
f 5613/2728/5484 3808/4445/3743 1396/1597/1364 4163/3790/4065
f 1547/2727/1515 5613/2728/5484 4163/3790/4065 685/1589/685
f 1261/4446/1237 3761/4447/3697 5614/2732/5485 3760/4448/3696
f 3761/4447/3697 1049/4449/1041 3197/4450/3160 5614/2732/5485
f 5614/2732/5485 3197/4450/3160 1371/4451/1339 4164/4452/4066
f 3760/4448/3696 5614/2732/5485 4164/4452/4066 1395/2734/1363
f 988/1388/980 3759/3686/3695 5615/4453/5486 4134/2739/4036
f 3759/3686/3695 1261/1390/1237 3760/2731/3696 5615/4453/5486
f 5615/4453/5486 3760/2731/3696 1395/3688/1363 4165/3687/4067
f 4134/2739/4036 5615/4453/5486 4165/3687/4067 1369/1393/1337
f 998/269/990 3095/3595/3059 5616/4454/5487 4159/4455/4061
f 3095/3595/3059 789/269/789 3084/4456/3048 5616/4454/5487
f 5616/4454/5487 3084/4456/3048 1370/1153/1338 4166/1153/4068
f 4159/4455/4061 5616/4454/5487 4166/1153/4068 1394/3599/1362
f 792/269/792 3096/269/3060 5617/4457/5488 3054/4458/3018
f 3096/269/3060 998/269/990 4159/4455/4061 5617/4457/5488
f 5617/4457/5488 4159/4455/4061 1394/3599/1362 4167/3598/4069
f 3054/4458/3018 5617/4457/5488 4167/3598/4069 1366/847/1334
f 1248/851/1224 3709/3551/3645 5618/4459/5489 3708/4460/3644
f 3709/3551/3645 992/747/984 4135/1237/4037 5618/4459/5489
f 5618/4459/5489 4135/1237/4037 1370/1153/1338 4168/3546/4070
f 3708/4460/3644 5618/4459/5489 4168/3546/4070 1393/3544/1361
f 965/868/957 3707/3543/3643 5619/2749/5490 4129/2748/4031
f 3707/3543/3643 1248/851/1224 3708/4460/3644 5619/2749/5490
f 5619/2749/5490 3708/4460/3644 1393/3544/1361 4169/1146/4071
f 4129/2748/4031 5619/2749/5490 4169/1146/4071 1364/865/1332
f 1245/3514/1221 3697/3519/3633 5620/4461/5491 3696/4462/3632
f 3697/3519/3633 988/3518/980 4134/2752/4036 5620/4461/5491
f 5620/4461/5491 4134/2752/4036 1369/102/1337 4170/3516/4072
f 3696/4462/3632 5620/4461/5491 4170/3516/4072 1392/2758/1360
f 984/2753/976 3695/3515/3631 5621/4463/5492 4133/4464/4035
f 3695/3515/3631 1245/3514/1221 3696/4462/3632 5621/4463/5492
f 5621/4463/5492 3696/4462/3632 1392/2758/1360 4171/1088/4073
f 4133/4464/4035 5621/4463/5492 4171/1088/4073 1368/1010/1336
f 1243/3494/1219 3689/3502/3625 5622/4465/5493 3688/4466/3624
f 3689/3502/3625 310/4467/310 1683/2763/1650 5622/4465/5493
f 5622/4465/5493 1683/2763/1650 697/1061/697 4172/1057/4074
f 3688/4466/3624 5622/4465/5493 4172/1057/4074 1391/3498/1359
f 1049/1042/1041 3687/3495/3623 5623/4468/5494 3197/2737/3160
f 3687/3495/3623 1243/3494/1219 3688/4466/3624 5623/4468/5494
f 5623/4468/5494 3688/4466/3624 1391/3498/1359 4173/3496/4075
f 3197/2737/3160 5623/4468/5494 4173/3496/4075 1371/2736/1339
f 1241/3471/1217 3681/3481/3617 5624/4469/5495 3680/4470/3616
f 3681/3481/3617 984/2753/976 4133/4464/4035 5624/4469/5495
f 5624/4469/5495 4133/4464/4035 1368/1010/1336 4174/3478/4076
f 3680/4470/3616 5624/4469/5495 4174/3478/4076 1390/3476/1358
f 979/3419/971 3679/3472/3615 5625/4471/5496 4132/4472/4034
f 3679/3472/3615 1241/4473/1217 3680/4470/3616 5625/4471/5496
f 5625/4471/5496 3680/4470/3616 1390/3476/1358 4175/3474/4077
f 4132/4472/4034 5625/4471/5496 4175/3474/4077 1367/3411/1335
f 1235/3421/1211 3657/3420/3593 5626/4474/5497 3656/4475/3592
f 3657/3420/3593 979/3419/971 4132/4472/4034 5626/4474/5497
f 5626/4474/5497 4132/4472/4034 1367/3411/1335 4176/3409/4078
f 3656/4475/3592 5626/4474/5497 4176/3409/4078 1389/3407/1357
f 974/825/966 3655/3404/3591 5627/2777/5498 4130/3382/4032
f 3655/3404/3591 1235/3403/1211 3656/4476/3592 5627/2777/5498
f 5627/2777/5498 3656/4476/3592 1389/2775/1357 4177/881/4079
f 4130/3382/4032 5627/2777/5498 4177/881/4079 1365/2778/1333
f 1234/851/1210 3653/3399/3589 5628/4477/5499 3652/2746/3588
f 3653/3399/3589 965/868/957 4129/2748/4031 5628/4477/5499
f 5628/4477/5499 4129/2748/4031 1364/865/1332 4178/3397/4080
f 3652/2746/3588 5628/4477/5499 4178/3397/4080 1388/3396/1356
f 964/747/956 3651/850/3587 5629/4478/5500 4128/746/4030
f 3651/850/3587 1234/851/1210 3652/2746/3588 5629/4478/5500
f 5629/4478/5500 3652/2746/3588 1388/3396/1356 4179/855/4081
f 4128/746/4030 5629/4478/5500 4179/855/4081 1363/745/1331
f 967/2782/959 3033/2785/2997 5630/4479/5501 4152/4480/4054
f 3033/2785/2997 792/269/792 3054/4458/3018 5630/4479/5501
f 5630/4479/5501 3054/4458/3018 1366/847/1334 4180/3391/4082
f 4152/4480/4054 5630/4479/5501 4180/3391/4082 1387/829/1355
f 794/882/794 3034/2788/2998 5631/2787/5502 3048/4481/3012
f 3034/2788/2998 967/2782/959 4152/4480/4054 5631/2787/5502
f 5631/2787/5502 4152/4480/4054 1387/829/1355 4181/3381/4083
f 3048/4481/3012 5631/2787/5502 4181/3381/4083 1365/2778/1333
f 971/1196/963 4151/4482/4053 5632/4483/5503 3042/3582/3006
f 4151/4482/4053 1386/3340/1354 4182/743/4084 5632/4483/5503
f 5632/4483/5503 4182/743/4084 1363/745/1331 3028/2793/2992
f 3042/3582/3006 5632/4483/5503 3028/2793/2992 786/269/786
f 784/1200/784 3012/2795/2976 5633/4484/5504 3041/1199/3005
f 3012/2795/2976 1362/734/1330 4183/3337/4085 5633/4484/5504
f 5633/4484/5504 4183/3337/4085 1386/3340/1354 4151/4482/4053
f 3041/1199/3005 5633/4484/5504 4151/4482/4053 971/1196/963
f 1227/3322/1203 3625/3331/3561 5634/4485/5505 3624/2796/3560
f 3625/3331/3561 956/712/948 4127/2798/4029 5634/4485/5505
f 5634/4485/5505 4127/2798/4029 1362/709/1330 4184/3328/4086
f 3624/2796/3560 5634/4485/5505 4184/3328/4086 1385/3326/1353
f 898/106/890 3623/3323/3559 5635/4486/5506 4115/2752/4017
f 3623/3323/3559 1227/3322/1203 3624/2796/3560 5635/4486/5506
f 5635/4486/5506 3624/2796/3560 1385/3326/1353 4185/3324/4087
f 4115/2752/4017 5635/4486/5506 4185/3324/4087 1350/102/1318
f 954/572/946 3008/3257/2972 5636/4487/5507 4149/2800/4051
f 3008/3257/2972 782/574/782 4126/4488/4028 5636/4487/5507
f 5636/4487/5507 4126/4488/4028 1361/3285/1329 4186/4489/4088
f 4149/2800/4051 5636/4487/5507 4186/4489/4088 1384/685/1352
f 780/92/780 3007/3253/2971 5637/4490/5508 4125/2826/4027
f 3007/3253/2971 954/572/946 4149/2800/4051 5637/4490/5508
f 5637/4490/5508 4149/2800/4051 1384/685/1352 4187/3309/4089
f 4125/2826/4027 5637/4490/5508 4187/3309/4089 1360/3274/1328
f 1224/3276/1200 3613/4491/3549 5638/4492/5509 3612/2809/3548
f 3613/4491/3549 952/689/944 3003/4493/2967 5638/4492/5509
f 5638/4492/5509 3003/4493/2967 1361/2803/1329 4188/4494/4090
f 3612/2809/3548 5638/4492/5509 4188/4494/4090 1383/3281/1351
f 1061/3277/1053 3611/619/3547 5639/4495/5510 3221/4444/3184
f 3611/619/3547 1224/3276/1200 3612/2809/3548 5639/4495/5510
f 5639/4495/5510 3612/2809/3548 1383/3281/1351 4189/3279/4091
f 3221/4444/3184 5639/4495/5510 4189/3279/4091 1372/3278/1340
f 949/38/941 2998/37/2962 5640/2847/5511 4147/2822/4049
f 2998/37/2962 780/37/780 4125/2826/4027 5640/2847/5511
f 5640/2847/5511 4125/2826/4027 1360/3274/1328 4190/605/4092
f 4147/2822/4049 5640/2847/5511 4190/605/4092 1382/206/1350
f 778/510/778 2997/3221/2961 5641/4496/5512 4124/2819/4026
f 2997/3221/2961 949/37/941 4147/2822/4049 5641/4496/5512
f 5641/4496/5512 4147/2822/4049 1382/206/1350 4191/2833/4093
f 4124/2819/4026 5641/4496/5512 4191/2833/4093 1359/540/1327
f 944/3241/936 2987/3244/2951 5642/4497/5513 4146/4498/4048
f 2987/3244/2951 778/510/778 4124/2819/4026 5642/4497/5513
f 5642/4497/5513 4124/2819/4026 1359/540/1327 4192/601/4094
f 4146/4498/4048 5642/4497/5513 4192/601/4094 1381/206/1349
f 776/3206/776 2988/3242/2952 5643/4499/5514 4123/4500/4025
f 2988/3242/2952 944/3241/936 4146/4498/4048 5643/4499/5514
f 5643/4499/5514 4146/4498/4048 1381/206/1349 4193/525/4095
f 4123/4500/4025 5643/4499/5514 4193/525/4095 1358/206/1326
f 928/3137/920 2956/373/2920 5644/4501/5515 4145/4502/4047
f 2956/373/2920 772/374/772 4121/4503/4023 5644/4501/5515
f 5644/4501/5515 4121/4503/4023 1356/311/1324 4194/3164/4096
f 4145/4502/4047 5644/4501/5515 4194/3164/4096 1380/3156/1348
f 770/92/770 2955/3138/2919 5645/4504/5516 4120/2822/4022
f 2955/3138/2919 928/3137/920 4145/4502/4047 5645/4504/5516
f 5645/4504/5516 4145/4502/4047 1380/3156/1348 4195/3155/4097
f 4120/2822/4022 5645/4504/5516 4195/3155/4097 1355/25/1323
f 936/5/928 3554/3123/3490 5646/2832/5517 2971/2868/2935
f 3554/3123/3490 1400/3122/1368 4211/4505/4113 5646/2832/5517
f 5646/2832/5517 4211/4505/4113 1399/2838/1367 4144/601/4046
f 2971/2868/2935 5646/2832/5517 4144/601/4046 1358/206/1326
f 774/355/774 4196/3132/4098 5647/4506/5518 4122/4507/4024
f 4196/3132/4098 1403/2884/1371 4217/4508/4119 5647/4506/5518
f 5647/4506/5518 4217/4508/4119 1397/4509/1365 4197/4510/4099
f 4122/4507/4024 5647/4506/5518 4197/4510/4099 1357/3118/1325
f 934/3171/926 2967/3173/2931 5648/4511/5519 4143/4512/4045
f 2967/3173/2931 774/355/774 4122/4507/4024 5648/4511/5519
f 5648/4511/5519 4122/4507/4024 1357/3118/1325 4198/3116/4100
f 4143/4512/4045 5648/4511/5519 4198/3116/4100 1378/319/1346
f 772/374/772 2968/422/2932 5649/4501/5520 4121/4503/4023
f 2968/422/2932 934/3171/926 4143/4512/4045 5649/4501/5520
f 5649/4501/5520 4143/4512/4045 1378/319/1346 4199/314/4101
f 4121/4503/4023 5649/4501/5520 4199/314/4101 1356/311/1324
f 921/269/913 4142/269/4044 5650/269/5521 2941/269/2905
f 4142/269/4044 1377/269/1345 4200/269/4102 5650/269/5521
f 5650/269/5521 4200/269/4102 1354/269/1322 4119/269/4021
f 2941/269/2905 5650/269/5521 4119/269/4021 768/269/768
f 770/269/770 4120/269/4022 5651/269/5522 2942/269/2906
f 4120/269/4022 1355/269/1323 4201/269/4103 5651/269/5522
f 5651/269/5522 4201/269/4103 1377/269/1345 4142/269/4044
f 2942/269/2906 5651/269/5522 4142/269/4044 921/269/913
f 914/37/906 2928/2984/2892 5652/2844/5523 4141/2822/4043
f 2928/2984/2892 766/2983/766 4118/4513/4020 5652/2844/5523
f 5652/2844/5523 4118/4513/4020 1353/2967/1321 4202/268/4104
f 4141/2822/4043 5652/2844/5523 4202/268/4104 1376/206/1344
f 764/2980/764 2927/2979/2891 5653/4514/5524 4116/4515/4018
f 2927/2979/2891 914/37/906 4141/2822/4043 5653/4514/5524
f 5653/4514/5524 4141/2822/4043 1376/525/1344 4203/525/4105
f 4116/4515/4018 5653/4514/5524 4203/525/4105 1351/206/1319
f 899/175/891 2898/3047/2862 5654/4516/5525 4140/2848/4042
f 2898/3047/2862 764/2980/764 4116/4515/4018 5654/4516/5525
f 5654/4516/5525 4116/4515/4018 1351/206/1319 4204/3060/4106
f 4140/2848/4042 5654/4516/5525 4204/3060/4106 1375/2850/1343
f 763/92/763 2897/174/2861 5655/4517/5526 4117/4518/4019
f 2897/174/2861 899/175/891 4140/2848/4042 5655/4517/5526
f 5655/4517/5526 4140/2848/4042 1375/192/1343 4205/3051/4107
f 4117/4518/4019 5655/4517/5526 4205/3051/4107 1352/3050/1320
f 1195/3003/1171 3497/105/3433 5656/2854/5527 3496/4519/3432
f 3497/105/3433 898/106/890 4115/2752/4017 5656/2854/5527
f 5656/2854/5527 4115/2752/4017 1350/102/1318 4206/3007/4108
f 3496/4519/3432 5656/2854/5527 4206/3007/4108 1374/2861/1342
f 903/4520/895 3495/2858/3431 5657/4521/5528 2905/4522/2869
f 3495/2858/3431 1195/4523/1171 3496/4524/3432 5657/4521/5528
f 5657/4521/5528 3496/4524/3432 1374/4525/1342 4207/2860/4109
f 2905/4522/2869 5657/4521/5528 4207/2860/4109 1352/3050/1320
f 919/278/911 2937/282/2901 5658/4526/5529 4138/2864/4040
f 2937/282/2901 768/36/768 4119/2836/4021 5658/4526/5529
f 5658/4526/5529 4119/2836/4021 1354/25/1322 4208/23/4110
f 4138/2864/4040 5658/4526/5529 4208/23/4110 1373/9/1341
f 766/2983/766 2938/3102/2902 5659/4527/5530 4118/4513/4020
f 2938/3102/2902 919/278/911 4138/2864/4040 5659/4527/5530
f 5659/4527/5530 4138/2864/4040 1373/9/1341 4209/2968/4111
f 4118/4513/4020 5659/4527/5530 4209/2968/4111 1353/2967/1321
f 1400/3122/1368 4219/4528/4121 5660/2919/5531 4211/4505/4113
f 4219/4528/4121 1408/4529/1376 4227/2895/4129 5660/2919/5531
f 5660/2919/5531 4227/2895/4129 1407/4530/1375 4239/4531/4141
f 4211/4505/4113 5660/2919/5531 4239/4531/4141 1399/2838/1367
f 1402/3131/1370 4251/4532/4153 5661/2869/5532 4213/358/4115
f 4251/4532/4153 1414/3131/1382 4243/4533/4145 5661/2869/5532
f 5661/2869/5532 4243/4533/4145 1415/2871/1383 4250/4534/4152
f 4213/358/4115 5661/2869/5532 4250/4534/4152 1403/2884/1371
f 1404/340/1372 4216/4535/4118 5662/4536/5533 4215/3121/4117
f 4216/4535/4118 1412/333/1380 4231/2899/4133 5662/4536/5533
f 5662/4536/5533 4231/2899/4133 1408/4529/1376 4219/4528/4121
f 4215/3121/4117 5662/4536/5533 4219/4528/4121 1400/3122/1368
f 1403/2884/1371 4220/4537/4122 5663/4538/5534 4217/4508/4119
f 4220/4537/4122 1411/355/1379 4233/2836/4135 5663/4538/5534
f 5663/4538/5534 4233/2836/4135 1379/206/1347 4221/206/4123
f 4217/4508/4119 5663/4538/5534 4221/206/4123 1397/4509/1365
f 1358/206/1326 4144/601/4046 5664/4539/5535 4123/4540/4025
f 4144/601/4046 1399/2838/1367 4218/2885/4120 5664/4539/5535
f 5664/4539/5535 4218/2885/4120 1401/357/1369 4224/4541/4126
f 4123/4540/4025 5664/4539/5535 4224/4541/4126 776/3206/776
f 931/330/923 4225/4542/4127 5665/4543/5536 3551/3124/3487
f 4225/4542/4127 1398/4544/1366 4214/4545/4116 5665/4543/5536
f 5665/4543/5536 4214/4545/4116 1404/340/1372 4223/336/4125
f 3551/3124/3487 5665/4543/5536 4223/336/4125 1209/333/1185
f 1357/3118/1325 4197/4510/4099 5666/4546/5537 2961/3119/2925
f 4197/4510/4099 1397/4509/1365 4210/4547/4112 5666/4546/5537
f 5666/4546/5537 4210/4547/4112 1398/4544/1366 4225/4542/4127
f 2961/3119/2925 5666/4546/5537 4225/4542/4127 931/330/923
f 776/3206/776 4224/4541/4126 5667/4548/5538 2977/4549/2941
f 4224/4541/4126 1401/357/1369 4212/2894/4114 5667/4548/5538
f 5667/4548/5538 4212/2894/4114 1402/3131/1370 4222/3128/4124
f 2977/4549/2941 5667/4548/5538 4222/3128/4124 939/278/931
f 1379/206/1347 4237/4550/4139 5668/4551/5539 4226/24/4128
f 4237/4550/4139 1413/2901/1381 4232/2900/4134 5668/4551/5539
f 5668/4551/5539 4232/2900/4134 1412/347/1380 4230/3124/4132
f 4226/24/4128 5668/4551/5539 4230/3124/4132 1406/5/1374
f 1413/2901/1381 4236/4552/4138 5669/4553/5540 4232/2900/4134
f 4236/4552/4138 1407/4554/1375 4227/2895/4129 5669/4553/5540
f 5669/4553/5540 4227/2895/4129 1408/4529/1376 4231/2899/4133
f 4232/2900/4134 5669/4553/5540 4231/2899/4133 1412/333/1380
f 1410/278/1378 4228/2907/4130 5670/4555/5541 4235/2904/4137
f 4228/2907/4130 1409/4556/1377 4234/4557/4136 5670/4555/5541
f 5670/4555/5541 4234/4557/4136 1407/4554/1375 4236/4552/4138
f 4235/2904/4137 5670/4555/5541 4236/4552/4138 1413/2901/1381
f 1411/36/1379 4229/3202/4131 5671/4558/5542 4233/2836/4135
f 4229/3202/4131 1410/481/1378 4235/2904/4137 5671/4558/5542
f 5671/4558/5542 4235/2904/4137 1413/2901/1381 4237/4550/4139
f 4233/2836/4135 5671/4558/5542 4237/4550/4139 1379/206/1347
f 1399/2838/1367 4239/4531/4141 5672/4559/5543 4218/2885/4120
f 4239/4531/4141 1407/4530/1375 4234/4560/4136 5672/4559/5543
f 5672/4559/5543 4234/4560/4136 1409/4561/1377 4240/4562/4142
f 4218/2885/4120 5672/4559/5543 4240/4562/4142 1401/357/1369
f 1398/4544/1366 4241/4563/4143 5673/2873/5544 4214/4545/4116
f 4241/4563/4143 1406/330/1374 4230/3124/4132 5673/2873/5544
f 5673/2873/5544 4230/3124/4132 1412/333/1380 4216/4535/4118
f 4214/4545/4116 5673/2873/5544 4216/4535/4118 1404/340/1372
f 1410/278/1378 4249/4564/4151 5674/4565/5545 4228/4566/4130
f 4249/4564/4151 1418/4567/1386 4245/4533/4147 5674/4565/5545
f 5674/4565/5545 4245/4533/4147 1417/2916/1385 4238/4568/4140
f 4228/4566/4130 5674/4565/5545 4238/4568/4140 1409/4556/1377
f 1397/4509/1365 4221/206/4123 5675/4569/5546 4210/4547/4112
f 4221/206/4123 1379/206/1347 4226/24/4128 5675/4569/5546
f 5675/4569/5546 4226/24/4128 1406/330/1374 4241/4563/4143
f 4210/4547/4112 5675/4569/5546 4241/4563/4143 1398/4544/1366
f 1414/3131/1382 4247/4532/4149 5676/2920/5547 4243/4533/4145
f 4247/4532/4149 1418/3131/1386 4246/4570/4148 5676/2920/5547
f 5676/2920/5547 4246/4570/4148 1416/2871/1384 4244/2924/4146
f 4243/4533/4145 5676/2920/5547 4244/2924/4146 1415/2871/1383
f 1405/2916/1373 4248/2933/4150 5677/4571/5548 4242/4572/4144
f 4248/2933/4150 1417/2916/1385 4245/4572/4147 5677/4571/5548
f 5677/4571/5548 4245/4572/4147 1418/3131/1386 4247/4532/4149
f 4242/4572/4144 5677/4571/5548 4247/4532/4149 1414/3131/1382
f 1403/2884/1371 4250/4534/4152 5678/4573/5549 4220/4574/4122
f 4250/4534/4152 1415/2871/1383 4244/2921/4146 5678/4573/5549
f 5678/4573/5549 4244/2921/4146 1416/2871/1384 4252/4575/4154
f 4220/4574/4122 5678/4573/5549 4252/4575/4154 1411/355/1379
f 1409/4556/1377 4238/4568/4140 5679/2926/5550 4240/4562/4142
f 4238/4568/4140 1417/2916/1385 4248/2924/4150 5679/2926/5550
f 5679/2926/5550 4248/2924/4150 1405/2916/1373 4253/4576/4155
f 4240/4562/4142 5679/2926/5550 4253/4576/4155 1401/357/1369
f 1411/355/1379 4252/4575/4154 5680/4577/5551 4229/3202/4131
f 4252/4575/4154 1416/2871/1384 4246/2936/4148 5680/4577/5551
f 5680/4577/5551 4246/2936/4148 1418/4567/1386 4249/4564/4151
f 4229/3202/4131 5680/4577/5551 4249/4564/4151 1410/278/1378
f 1401/357/1369 4253/4576/4155 5681/4578/5552 4212/2894/4114
f 4253/4576/4155 1405/2916/1373 4242/4572/4144 5681/4578/5552
f 5681/4578/5552 4242/4572/4144 1414/3131/1382 4251/4532/4153
f 4212/2894/4114 5681/4578/5552 4251/4532/4153 1402/3131/1370
f 1419/1046/1387 4263/2940/4165 5682/4579/5553 4256/4580/4158
f 4263/2940/4165 1421/1046/1389 4261/4580/4163 5682/4579/5553
f 5682/4579/5553 4261/4580/4163 1422/1069/1390 4262/1069/4164
f 4256/4580/4158 5682/4579/5553 4262/1069/4164 1420/1069/1388
f 79/1543/79 2878/2942/2842 5683/4581/5554 3173/3683/3136
f 2878/2942/2842 748/2945/748 4254/2952/4156 5683/4581/5554
f 5683/4581/5554 4254/2952/4156 1419/1251/1387 4258/2943/4160
f 3173/3683/3136 5683/4581/5554 4258/2943/4160 1037/1251/1029
f 1037/3492/1029 4258/2940/4160 5684/4582/5555 3690/3493/3626
f 4258/2940/4160 1419/1046/1387 4256/4580/4158 5684/4582/5555
f 5684/4582/5555 4256/4580/4158 1420/1069/1388 4257/3500/4159
f 3690/3493/3626 5684/4582/5555 4257/3500/4159 1243/3494/1219
f 1422/1069/1390 4267/4583/4169 5685/4584/5556 4260/3503/4162
f 4267/4583/4169 1424/3494/1392 4265/3502/4167 5685/4584/5556
f 5685/4584/5556 4265/3502/4167 755/1065/755 2889/4585/2853
f 4260/3503/4162 5685/4584/5556 2889/4585/2853 751/1067/751
f 748/2945/748 2884/2953/2848 5686/2952/5557 4254/2952/4156
f 2884/2953/2848 752/2945/752 4259/2952/4161 5686/2952/5557
f 5686/2952/5557 4259/2952/4161 1421/1251/1389 4263/2943/4165
f 4254/2952/4156 5686/2952/5557 4263/2943/4165 1419/1251/1387
f 1420/4586/1388 4262/4587/4164 5687/4588/5558 4255/2955/4157
f 4262/4587/4164 1422/4586/1390 4260/2955/4162 5687/4588/5558
f 5687/4588/5558 4260/2955/4162 751/1067/751 2885/4589/2849
f 4255/2955/4157 5687/4588/5558 2885/4589/2849 747/1067/747
f 1423/3492/1391 4264/2961/4166 5688/4590/5559 4266/3493/4168
f 4264/2961/4166 756/2964/756 2871/2963/2835 5688/4590/5559
f 5688/4590/5559 2871/2963/2835 755/4467/755 4265/3502/4167
f 4266/3493/4168 5688/4590/5559 4265/3502/4167 1424/4591/1392
f 1421/1046/1389 4268/2940/4170 5689/4592/5560 4261/4580/4163
f 4268/2940/4170 1423/3492/1391 4266/3493/4168 5689/4592/5560
f 5689/4592/5560 4266/3493/4168 1424/3494/1392 4267/4583/4169
f 4261/4580/4163 5689/4592/5560 4267/4583/4169 1422/1069/1390
f 752/2945/752 2892/2966/2856 5690/2941/5561 4259/2952/4161
f 2892/2966/2856 756/1543/756 4264/1250/4166 5690/2941/5561
f 5690/2941/5561 4264/1250/4166 1423/2943/1391 4268/2943/4170
f 4259/2952/4161 5690/2941/5561 4268/2943/4170 1421/1251/1389
